Code,Staging Description,Matched Master Description,Staging Price,New Master Price
MAT0688,CAL EN PASTA 7.00 Kgf/saco,[NO MATCH],7.458461538461538,7.458461538461538
MAT0373,"ANILLO H.G. D=2""","[FUZZY] ANILLO HG  D=2""",32.28323076923077,12.13
MAT3075,"UNION PVC PRESION A/C ASTM D=1/2""",[NO MATCH],1.9470769230769231,1.9470769230769231
MAT2161,"REJILLA CROMADA 2""",[NO MATCH],41.90276923076923,41.90276923076923
MAT0929,COLETO,[NO MATCH],20.96415384615385,20.96415384615385
MAT0123,ACACIAS,[NO MATCH],3.087076923076923,3.087076923076923
MAT2211,"REM-9014 I.E.TUB.HIER.GALV.S/ROSCA,EMT,EMBUTIDA. 1/2plg",[NO MATCH],23.25692307692308,23.25692307692308
MAT2220,REM-9023 CONSTRUCCION SANITARIO DE OFICINA,[NO MATCH],1071.702,1071.702
MAT2212,"REM-9015 I.E. CAB/COBRE TRENZ.REVEST.TW, 12 AWG(2.32mm)",[NO MATCH],22.589076923076924,22.589076923076924
MAT2206,REM-9008 MONTAJE ESTRUC.METALICA ACERO C/CONEX.SOLDADAS,[NO MATCH],3.4766153846153847,3.4766153846153847
MAT2210,REM-9013 SUM.TRANS.COLOC.VENT.BASC.PERF.HIERRO Y VIDRIO,[NO MATCH],1354.7136923076923,1354.7136923076923
MAT2209,REM-9012 SUM.TRANS.COLOC.PUERTAS LAM.SENC.HIERRO T.BAT,[NO MATCH],943.702,943.702
MAT2208,"REM-9011 CONST.REVEST.PISOS C/MORTERO CEMENTO, A. LISO",[NO MATCH],46.63215384615385,46.63215384615385
MAT2205,REM-9007 SUM.FAB.LIMP.Y SIST.PROTEC.ESTR.SOL.ESPECIFIC.,[NO MATCH],27.53,27.53
MAT2204,"REM-9006 CONCRETO 200, A.CORRIENTE, CONST.BASES PAVIM.",[NO MATCH],675.0924615384615,675.0924615384615
MAT2235,"REM-9044 CONST.PARED.BLOQ.CONCR.A.CORRIENTE, e= 15 CMS.",[NO MATCH],83.20953846153846,83.20953846153846
MAT2207,"REM-9009 SUM.TRANS.COLOC.LAMINAS ACERO,ASFALTO,ALUMINIO",[NO MATCH],110.06,110.06
MAT2221,"REM-9024 CONST.REVES.EXT.PARED.C/MORTERO CAL, A.RUSTICO",[NO MATCH],52.03292307692308,52.03292307692308
MAT2222,"REM-9025 CIELO RASO FIBRA VIDRIO E=5/8"", JUNTA VISIBLE",[NO MATCH],159.96692307692308,159.96692307692308
MAT2223,REM-9026 CAUCHO INTER. PAREDES. INC.FONDO ANTIALCALINO,[NO MATCH],32.98676923076923,32.98676923076923
MAT2229,"REM-9035 CONST.PROV.CONV.OFIC.S/FRISO,S/CIELO RASO.INC.",[NO MATCH],1249.469846153846,1249.469846153846
MAT2230,"REM-9036 CONST.REV.INT.PARED.C/MORTERO CAL, A. LISO.",[NO MATCH],49.33461538461538,49.33461538461538
MAT2219,"REM-9022 SUM.TRANS.INST.CENT.PISO CIRC.ESTANDAR,BRONCE",[NO MATCH],108.39907692307692,108.39907692307692
MAT2214,"REM-9017 PTS.AGUA.RES.PVC,2plg,e=3.2mm AMB.INT.REC.SANI",[NO MATCH],52.06107692307692,52.06107692307692
MAT2213,"REM-9016 PTS.AGUA.CLARAS,ACER.GALV.ISO II,150psi,1/2plg",[NO MATCH],128.17123076923076,128.17123076923076
MAT1468,GRIFERIA P/DUCHA MANILLA CROSS FUNDICION PACIFICO,[NO MATCH],423.9987692307692,423.9987692307692
MAT2218,"REM-9021 SUM.TRANS.INST.W.C.ASIENTO,TANQ.BAJO,DES.PISO",[NO MATCH],2447.605076923077,2447.605076923077
MAT2225,"REM-9029 SUM.TRANS.INST.URINARIO,C/SIFON CROM.C/LLAVE",[NO MATCH],1337.032,1337.032
MAT2224,"REM-9028 CONST.PROV.CONV.DEPOSITOS,INC.ACOMETIDA PROV.",[NO MATCH],1003.1010769230768,1003.1010769230768
MAT2217,REM-9020 I.S.SUM.TRANS.INST.LAVAMANOS/COLGAR/UNA LLAVE,[NO MATCH],1225.292923076923,1225.292923076923
MAT2216,"REM-9019 TUB.VENT.P.V.C.LIVIANO,2"".EMBUT.INC.CONEXIONES",[NO MATCH],25.517846153846158,25.517846153846158
MAT2215,"REM-9018 PTS.AGUA.RES.PVC,4plg,e=3.2mm AMB.INT.REC.SANI",[NO MATCH],94.01153846153846,94.01153846153846
MAT1460,GRAPAS CALIBRE 5/8 x 16 SIN CABEZA (CAJA 25 Kgf),[NO MATCH],94.20092307692308,94.20092307692308
MAT0259,ALAMBRE DE PUAS GALV. CAL 14 L= 300 m,[NO MATCH],5.767692307692308,5.767692307692308
MAT1737,MADERA CUARTON AURORA 5 X 10 cm,[FUZZY] MADERA CUARTON AURORA 5 X 10 CM (NUEVO/ ,7016.67,363.67
MAT2063,"POSTE DE UÑAS METALICO PARA CERCAS h=2,10 m e= 1,5 mm",[NO MATCH],127.72261538461538,127.72261538461538
MAT2069,"POSTE METALICO PARA CERCAS D= 2"" h=2,20 m",[NO MATCH],242.9647692307692,242.9647692307692
MAT0546,"BRAZO ALUM. SENCILLO P/CERCA CICLON D= 2 1/4""",[NO MATCH],33.884307692307694,33.884307692307694
MAT1753,"MALLA GALVANIZADA CAL. 09-60-25 h=1,80 m ROLLO D/25 m",[NO MATCH],133.15615384615384,133.15615384615384
MAT1090,"CRUCETA (TE) P/FIJACION TUBO CERCA 2"" x 1.1/4"" +2 TORN.",[NO MATCH],75.94153846153846,75.94153846153846
MAT0263,ALAMBRE LISO GALVANIZADO CAL 18/ ROLLO DE 50 Kgf,[NO MATCH],105.01215384615384,105.01215384615384
MAT2203,"REM-9005 CONCRETO 150, A.CORRIENTE, BASES Y ESCALONES",[NO MATCH],950.9052307692308,950.9052307692308
MAT2919,"TUBO GALV.CALIEN. P/CERCA D=2"" L=6.60m e=1.10 mm",[NO MATCH],90.51630769230768,90.51630769230768
MAT2658,TRANSPORTE DE MATERIALES (10%),[NO MATCH],0.0015384615384615,0.0015384615384615
MAT1754,"MALLA GALVANIZADA CAL.10-60-25 h=1,80 m ROLLO DE 25 m",[NO MATCH],126.8929230769231,126.8929230769231
MAT1755,"MALLA GALVANIZADA CAL.11-60-25 h=1,80m ROLLO DE 25m",[NO MATCH],77.536,77.536
MAT2199,"REM-9001 CONCRETO 200, A.CORR., MACHONES, VIGAS CORONA",[NO MATCH],776.8798461538462,776.8798461538462
MAT0233,"AGUA-TARIFA INDUSTRIAL TIPO ""B""",[NO MATCH],0.0461538461538461,0.0461538461538461
MAT0407,ARENA LIGADA-POLVILLO (INCLUYE CARGA Y LOGISTICA),[NO MATCH],176.09476923076923,176.09476923076923
MAT0494,BLOQUE PARED ENTERO NORMAL CONCRETO 15x20x40 cm.,[NO MATCH],3.4224615384615387,3.4224615384615387
MAT2201,REM-9003 SUM.TRANS.PREP.COLOC.ACERO REFUE. CABILLA 3/8,[NO MATCH],29.516923076923074,29.516923076923074
MAT2200,"REM-9002 ENCOFRADO MADERA RECTO, A.CORRIENTE, MACHONES",[NO MATCH],146.76600000000002,146.76600000000002
MAT0726,CEMENTO PORTLAND GRIS TIPO III SACO = 42.5 Kg,[NO MATCH],26.290615384615386,26.290615384615386
MAT2202,REM-9004 SUM.TRANS.PREP.COLOC.ACERO REFUE. CABILLA 1/2,[NO MATCH],21.351692307692307,21.351692307692307
MAT0495,BLOQUE PARED ENTERO NORMAL CONCRETO 20x20x40 cm.,[NO MATCH],4.5440000000000005,4.5440000000000005
MAT2946,"TUBO H.G. ISO D=3"" L= 6.40 m",[NO MATCH],130.5353846153846,130.5353846153846
MAT1882,PASADOR HORIZONTAL PORTON P/COLOCACION CANDADO H.G.,[NO MATCH],54.158307692307694,54.158307692307694
MAT0057,"ABRAZADERA (OMEGA) MOROCHA D=3"" GALV/ LIV / C.TORN.",[NO MATCH],9.492153846153846,9.492153846153846
MAT1883,PASADOR VERTICAL PORTON P/COLOCACION CANDADO H.G.,[NO MATCH],54.72123076923077,54.72123076923077
MAT1322,"ELECTRODO E-6013 1/8"" (3.32mm) LONG. 350 mm",[NO MATCH],75.14415384615384,75.14415384615384
MAT2032,"PLETINA NEGRA 3/4""x3/16"" L=1.8 m. P/CERCA CICL0N",[NO MATCH],17.80076923076923,17.80076923076923
MAT0476,"BISAGRA GALV. P/PORTON CERCA MALLA CICLON 1-1/2""",[NO MATCH],96.11646153846154,96.11646153846154
MAT2920,"TUBO GALV.CALIENTE D= 2"", L=6.60m (CERCAS) e=1.10 mm",[NO MATCH],89.06723076923076,89.06723076923076
MAT1168,"CURVA E.M.T. D=1""","[FUZZY] CURVA EMT D=1""",25.869076923076925,7.8
MAT2757,"TUBERIA EMT D=1"" L= 3.00 m",[NO MATCH],19.57307692307692,19.57307692307692
MAT0362,"ANILLO E.M.T. D=1""","[FUZZY] ANILLO EMT D=1""",7.691846153846154,3.28
MAT0640,CABLE TW # 6 AWG/MCM (THHN 90° C 600 V),[NO MATCH],53.71892307692308,53.71892307692308
MAT0636,CABLE TW # 12 AWG/MCM (THHN 90° C 600 V),[NO MATCH],17.187846153846156,17.187846153846156
MAT0687,"CAJETIN RECTAN. 4x2"" HUECOS 1/2""o 3/4""",[NO MATCH],41.810769230769225,41.810769230769225
MAT0994,"CONECTOR E.M.T. D=1""","[FUZZY] CONECTOR EMT D = 1"" #",6.788461538461538,3.55
MAT0684,"CAJETIN CUADRADO DE 5""x5""(HUECO 1"")",[NO MATCH],40.178,40.178
MAT1688,"LLAVE DE COMPUERTA D=3/4""",[NO MATCH],171.19415384615385,171.19415384615385
MAT2487,"TEE H.G. D=3/4""","[FUZZY] TEE HG  D=3/4""",10.343076923076922,4.51
MAT2575,TEFLON (ROLLO 1/2 x 12 m),[NO MATCH],8.987230769230768,8.987230769230768
MAT2947,"TUBO H.G. ISO D=3/4"" L= 6.40 m",[NO MATCH],23.96153846153846,23.96153846153846
MAT0369,"ANILLO H.G. D= 3/4""","[FUZZY] ANILLO HG  D=3/4""",6.582,2.72
MAT0905,"CODO H.G. 90° D=3/4""",[NO MATCH],8.776000000000002,8.776000000000002
MAT3012,"TUBO PVC AN NORMAL 4"" L= 3.00 m",[NO MATCH],15.43953846153846,15.43953846153846
MAT3206,"YEE PVC P/AGUAS NEGRAS D=4""",[NO MATCH],15.64276923076923,15.64276923076923
MAT0914,"CODO PVC AGUAS NEGRAS 45° D=4""",[NO MATCH],8.317846153846153,8.317846153846153
MAT1918,PEGAMENTO P/TUBOS PVC TANGIT ENVASE 950 ml,[NO MATCH],40.11492307692308,40.11492307692308
MAT1663,LIMPIADOR DE TUBOS PVC TANGIT PAVCO,[FUZZY] LIMPIADOR DE TUBERIA PVC TANGIT,25.12876923076923,7.69
MAT1246,"DISCO ABRASIVO PARA ESMERIL 7""","[EXACT DESC] DISCO ABRASIVO PARA ESMERIL 7""",124.4336923076923,16.07
MAT0128,ACETILENO INDUSTRIAL (CILINDRO DE Cap= 6 kgf),[NO MATCH],207.5106153846154,207.5106153846154
MAT1866,OXIGENO INDUSTRIAL (CILINDRO DE Cap= 6 kgf),[NO MATCH],135.34507692307693,135.34507692307693
MAT1334,ENERGIA Y GASES 2,[NO MATCH],0.0443076923076923,0.0443076923076923
MAT0797,"CLAVOS DE 4"" CAL.8 caja= 25 Kgf",[NO MATCH],23.95184615384615,23.95184615384615
MAT1746,MADERA TABLERO D/AURORA/CHAPA FINA/DIM=1.62X2.20m,[NO MATCH],7378.782307692308,7378.782307692308
MAT0405,ARENA LAVADA (INCLUYE CARGA Y LOGISTICA),[NO MATCH],208.49984615384616,208.49984615384616
MAT1985,PIEDRA PICADA (INCLUYE CARGA Y LOGISTICA),[NO MATCH],208.49984615384616,208.49984615384616
MAT1338,ENSAYO CILIND/CONCR/COMPR/INCLUY/MOL.TOM/MUEST/1-10 CIL,[NO MATCH],5.384615384615385,5.384615384615385
MAT0958,"CONCRETO PREMEZCLADO f´c = 200 Kgf/cm2 NORMAL As=5""",[NO MATCH],554.6916923076923,554.6916923076923
MAT0471,BENTONITA SACO 50 Kgf. (BENTONIL - FRANCESA),[NO MATCH],1681.8953846153845,1681.8953846153845
MAT0496,BLOQUE PLATABANDA ARCILLA 15x20x40 cm. 8 P/m2 P= 5.2Kgf,[NO MATCH],3.577230769230769,3.577230769230769
MAT0497,BLOQUE PLATABANDA ARCILLA 20x20x40 cm. 8 P/m2 P= 7.8Kgf,[NO MATCH],4.262923076923077,4.262923076923077
MAT0498,BLOQUE PLATABANDA ARCILLA 25x20x40 cm. 8 P/m2 P= 10Kgf,[NO MATCH],4.375846153846154,4.375846153846154
MAT0499,BLOQUE PLATABANDA ARCILLA 30x20x40 8P/m2 P=14 Kgf,[NO MATCH],5.229846153846154,5.229846153846154
MAT2228,REM-9034 TRANS.EN CAMION.CEMENTO DISTANCIAS HASTA 50KM,[NO MATCH],0.1906153846153846,0.1906153846153846
MAT0511,BLOQUE TABELON ARCILLA 6 x 20 x 60 cm 9 Pza/m2,[NO MATCH],4.224615384615385,4.224615384615385
MAT1948,"PERFIL IPN 80 L = 12 m ( 6,10 Kgf/m)",[NO MATCH],17.841846153846156,17.841846153846156
MAT1750,"MALLA ELECTROSOLDADA 5""x 5""R=120 m2/Aprox.1.66 Kgf/m2",[NO MATCH],16.982615384615382,16.982615384615382
MAT0513,"BLOQUE TABELON ARCILLA 6 x 20 x 80 cm 6,25 Pza/m2",[NO MATCH],4.294769230769231,4.294769230769231
MAT0515,BLOQUE TABELON ARCILLA 8 x 20 x 60 cm 9 Pza/m2,[NO MATCH],4.498923076923077,4.498923076923077
MAT1949,"PERFIL IPN 100 L = 12 m ( 8,42 Kgf/m)",[NO MATCH],21.446461538461534,21.446461538461534
MAT0517,"BLOQUE TABELON ARCILLA 8 x 20 x 80 cm 6,25 Pza/m2",[NO MATCH],4.621538461538461,4.621538461538461
MAT1738,MADERA EN VIGUETAS P/ARRIOSTRAR LARGO= 3.00 m,[NO MATCH],113.98015384615384,113.98015384615384
MAT0500,BLOQUE PLATABANDA CONCRETO ALIG.10X20X60cm 9P/m2 C/PEST,[NO MATCH],4.814461538461538,4.814461538461538
MAT2237,"REM-9046 CONST.NERV.PREF.UTIL.CERCHA 10cm,200 KGF/CM2",[NO MATCH],62.93353846153846,62.93353846153846
MAT2238,"REM-9047 CONST.NERV.PREF.UTIL.CERCHA 10cm,250 KGF/CM2",[NO MATCH],63.02215384615384,63.02215384615384
MAT0480,BLOQ. PLATABANDA CONCRETO ALIG.15X20X40cm 13P/m2 C/PEST,[NO MATCH],3.2236923076923074,3.2236923076923074
MAT2239,"REM-9048 CONST.NERV.PREF.UTIL.CERCHA 15cm,200 KGF/CM2",[NO MATCH],71.09015384615384,71.09015384615384
MAT2240,"REM-9049 CONST.NERV.PREF.UTIL.CERCHA 15cm,250 KGF/CM2",[NO MATCH],71.17876923076923,71.17876923076923
MAT0481,BLOQ. PLATABANDA CONCRETO ALIG.20X20X40cm 13P/m2 C/PEST,[NO MATCH],4.037384615384616,4.037384615384616
MAT2241,"REM-9050 CONST.NERV.PREF.UTIL.CERCHA 20cm,200 KGF/CM2",[NO MATCH],93.17307692307692,93.17307692307692
MAT2242,"REM-9051 CONST.NERV.PREF.UTIL.CERCHA 20cm,250 KGF/CM2",[NO MATCH],93.26169230769231,93.26169230769231
MAT1745,MADERA TABLA/SAQUI-SAQUI/SIN CEPILLAR/NI ESCOGER MED.,[NO MATCH],7997.669230769231,7997.669230769231
MAT1740,"MADERA TABLA D/SAQUI-SAQUI,CEPILLADA",[FUZZY] MADERA*  TABLA D/SAQUI-SAQUI SIN CEPILLA,8325.136615384616,716.28
MAT0264,ALAMBRON D=5.20mm (TRIPA DE POLLO) P=0.167Kgf/m L=6m,[NO MATCH],25.59353846153846,25.59353846153846
MAT0581,"CABILLA D=3/8"" Fy=4200Kgf/cm2 L=12m P=0,559Kgf/m",[NO MATCH],19.278153846153845,19.278153846153845
MAT0579,"CABILLA D=1/2"" Fy=4200Kgf/cm2 L=12m P=0,994Kgf/m",[NO MATCH],14.948307692307692,14.948307692307692
MAT0583,"CABILLA D=7/8"" Fy=4200Kgf/cm2 L=12m P=3,045Kgf/m",[NO MATCH],11.732615384615384,11.732615384615384
MAT0580,"CABILLA D=3/4"" Fy=4200Kgf/cm2 L=12m P=2,237Kgf/m",[NO MATCH],10.93876923076923,10.93876923076923
MAT0582,"CABILLA D=5/8"" Fy=4200Kgf/cm2 L=12m P=1,554Kgf/m",[NO MATCH],13.246153846153844,13.246153846153844
MAT0577,"CABILLA D=1"" Fy= 4.200 Kgf/cm2 L=12m 3,978 Kgf/m",[NO MATCH],8.751538461538463,8.751538461538463
MAT0578,"CABILLA D=1-3/8"" Fy= 4.200 Kgf/cm2 L=12 m 7,907 Kgf/m",[NO MATCH],5.998,5.998
MAT1968,"PERNOS DE ANCLAJE DE ACERO SAE-1020 D=1/2"" Long.Vast=3""",[NO MATCH],192.30769230769232,192.30769230769232
MAT1969,"PERNOS DE ANCLAJE DE ACERO SAE-1045 D=1/2"" Long.Vast=3""",[NO MATCH],192.30769230769232,192.30769230769232
MAT1413,FONDO MINIO,[NO MATCH],240.3846153846154,240.3846153846154
MAT1567,KILOVATIO-HORA (< 36 KVA = 9.80 Bs/KVA),[NO MATCH],0.0052307692307692,0.0052307692307692
MAT0399,"ARANDELA GALVANIZADA D=1/2"" PLANA","[FUZZY] ARANDELA GALVANIZADA D= 1/2""  PLANA",0.7141538461538461,0.2
MAT1333,ENERGIA Y GASES 1,[NO MATCH],0.239076923076923,0.239076923076923
MAT1931,"PERFIL ACERO ELECTROSOLDADO/VP 160mm P=16,4Kgf/m L=12m",[NO MATCH],4.290923076923077,4.290923076923077
MAT1938,PERFIL ECO ASTM A500 120x60x2.50mm L= 12 m 6.70 kg/m,[NO MATCH],17.585538461538462,17.585538461538462
MAT1586,LAM.ACAN/LOSACERO C.18/A/UTIL=76.2cm/Lmax12m 9.60kgf/m,[NO MATCH],69.70061538461539,69.70061538461539
MAT1588,LAM.ACAN/LOSACERO CAL.20/A/UTIL= 76.2 cm. 7.25 kgf/m,[NO MATCH],53.562000000000005,53.562000000000005
MAT1590,LAM.ACAN/LOSACERO CAL.22/A/UTIL =76.2 cm 5.68 kgf/m,[NO MATCH],35.24430769230769,35.24430769230769
MAT1592,LAM.ACAN/LOSACERO CAL.24/A/UTIL =76.2 cm 4.89 kgf/m,[NO MATCH],29.53384615384616,29.53384615384616
MAT1626,"LAMINA DE ZINC 2,44 x 0,83 m",[NO MATCH],60.25061538461539,60.25061538461539
MAT1594,LAM.ACANAL.STUCCO ALUM. e=0.5mm A/UTIL=0.90m 1.69 Kgf/m,[NO MATCH],46.68384615384616,46.68384615384616
MAT1595,LAM.ACANAL.STUCCO ALUM. e=0.6mm A/UTIL=0.90m 2.04 Kgf/m,[NO MATCH],77.72615384615385,77.72615384615385
MAT1624,"LAMINA DE TECHO CINDUTEJA DE ANCHO= 0,80 m A/u = 0,70 m",[NO MATCH],81.86938461538462,81.86938461538462
MAT0486,BLOQUE PARED ARCILLA 10 x 20 x 30 cm (16 P/m2) P=3.5 Kg,[NO MATCH],2.0467692307692307,2.0467692307692307
MAT0487,BLOQUE PARED ARCILLA 12 x 20 x 30 cm (16 P/m2) P=4.2 Kg,[NO MATCH],2.125846153846154,2.125846153846154
MAT0488,BLOQUE PARED ARCILLA 15 x 20 x 30 cm (16 P/m2) P=5.0 Kg,[NO MATCH],2.318461538461538,2.318461538461538
MAT0489,BLOQUE PARED ARCILLA 20 x 20 x 30cm (16 P/m2) P=6.5 Kgf,[NO MATCH],1.493076923076923,1.493076923076923
MAT1578,LADRILLO MACIZO ARCILLA 6 x 12 x 25 cm,[NO MATCH],3.729230769230769,3.729230769230769
MAT1579,LADRILLO MACIZO ARCILLA OBRA LIMPIA 6 x 12 x 25 cm,[NO MATCH],3.729230769230769,3.729230769230769
MAT0493,BLOQUE PARED ENTERO NORMAL CONCRETO 10x20x40 cm.,[NO MATCH],2.9023076923076925,2.9023076923076925
MAT0689,CAL EN POLVO 10 Kgf/saco,[NO MATCH],8.08,8.08
MAT0490,BLOQUE PARED ARCILLA ORNAMENTAL 15 x 15 x 15 cm,[NO MATCH],3.6876923076923074,3.6876923076923074
MAT0491,BLOQUE PARED CONCRETO TIPO PERSIANA 15x20x40 cm.,[FUZZY] BLOQUE DE CONCRETO PERSIANA 15X20X40 VEN,3.609230769230769,2.28
MAT2608,"TORNILLO 1"" x 6"" P/TABIQUE 100 Und/caja",[NO MATCH],20.057846153846157,20.057846153846157
MAT0788,CINTA AUTOADHESIVA P/DRY-WALL ROLLO=100m,[NO MATCH],80.37692307692308,80.37692307692308
MAT1419,FULMINANTE P/PISTOLA DE FIJAC/CAL.22(VERDE) C=100 Und,[NO MATCH],1.612,1.612
MAT2611,"TORNILLO 7/16x7"" P/TABIQUE Caja:100 Und",[NO MATCH],5.308153846153846,5.308153846153846
MAT1610,"LAMINA D/YESO T.RASO e=1/2"" (DW) A=1.22m L=2.40m",[NO MATCH],272.3672307692308,272.3672307692308
MAT1953,"PERFIL PARALES P/TABIQUES 2 1/2"" x 3.05 m",[NO MATCH],48.75076923076924,48.75076923076924
MAT1952,"PERFIL PARALES P/TABIQUES 2 1/2"" x 2.49 m",[NO MATCH],36.44769230769231,36.44769230769231
MAT1793,MASTIQUE IMP (DRY WALL),[NO MATCH],176.92307692307693,176.92307692307693
MAT0795,"CLAVOS D/ACERO P/PISTOLA D/FIJACION L=1"" Caja:100 Und",[NO MATCH],0.7012307692307692,0.7012307692307692
MAT0722,"CEMENTO BLANCO 21,25 Kgf/saco",[NO MATCH],54.89723076923077,54.89723076923077
MAT0483,BLOQUE DE VIDRIO 19 x 19 x 8 cm. TRANSLUCIDO,[NO MATCH],75.84707692307693,75.84707692307693
MAT0408,ARENA P/FRISO MARACAY (INCLUYE CARGA Y LOGISTICA),[NO MATCH],156.68584615384614,156.68584615384614
MAT2039,POLVO DE MARMOL 40 Kgf/saco,[NO MATCH],21.753846153846155,21.753846153846155
MAT0227,ADITIVO IMPERMEABILIZANTE SIKA - 1,[NO MATCH],147.69230769230768,147.69230769230768
MAT3209,YESO SACO DE 30 Kgf.,[FUZZY] YESO -  SACO DE 30 KG,69.78461538461538,24.26
MAT0736,CERAMICA CARABOBO 33 x 33 cm. UNICOLOR BLANCO LISO,[NO MATCH],104.9753846153846,104.9753846153846
MAT1644,LANILLA DE ACERO #5,[NO MATCH],100.43076923076924,100.43076923076924
MAT1921,PEGO BLANCO MONTELUPO 20 Kgf/saco,[NO MATCH],20.976923076923075,20.976923076923075
MAT1917,PEGA VINILCEM DE 1/8 Gal (475 grs),[NO MATCH],27.700615384615386,27.700615384615386
MAT2283,RODAPIE VINYL PLASTIGEN h=10 cm rollo=50 m,[NO MATCH],0.5803076923076923,0.5803076923076923
MAT2281,RODAPIE DE GRANITO PULIDO h=10cm e=3mm L=1m,[NO MATCH],111.85307692307693,111.85307692307693
MAT2580,TEJA CRIOLLA DE ARCILLA 19 x 40 x 1 cm (COLONIAL),[NO MATCH],1.5227692307692309,1.5227692307692309
MAT1108,CUMBRERA P/TEJAS DE CONCRETO (3 Pza/m),[FUZZY] CUMBRERA PARA TEJAS DE CONCRETO (3 PZA/M,8.508307692307692,2.72
MAT2581,TEJA DE CONCRETO COL.ROJO LADRILLO (10 Pza/ m2),[NO MATCH],51.58476923076923,51.58476923076923
MAT1427,GANCHO P/LAMINA TECHO C/ARANDELA ASFALTICA Y MET. 2 x 1,[NO MATCH],3.747076923076923,3.747076923076923
MAT1397,FLEJE PLASTICO e=5mm (COLOR: BLANCO),[NO MATCH],0.3692307692307692,0.3692307692307692
MAT1332,ENDURECEDOR KEMOX H-100 SACO PESO = 25 Kgf,[NO MATCH],4.118307692307693,4.118307692307693
MAT1553,JUEGO DE PIEDRAS PARA PULIR Nº 24 3 Und.,[NO MATCH],189.80769230769232,189.80769230769232
MAT1454,GRANITO N° 0 SACO COLOR BLANCO 35 Kgf.,[NO MATCH],69.23076923076923,69.23076923076923
MAT0430,"BALDOSA VINYL PLASTIGEN 30,5x30,5cm e=1.6mm",[NO MATCH],14.506307692307692,14.506307692307692
MAT0431,"BALDOSA VINYL TIPO TERRAZO 30,5x30,5cm e=3.2mm",[NO MATCH],40.60830769230769,40.60830769230769
MAT2657,TRANSPORTE DE MATERIALES ( 5%),[NO MATCH],0.0007692307692307,0.0007692307692307
MAT0429,BALDOSA DE GRANITO 25 x 25 cm BLANCO-NEGRO,[FUZZY] BALDOSA DE GRANITO 25 X 25 BLANCO-NEGRO,450.3123076923077,176.32
MAT0703,CANTO RODADO ROJO (GRAVILLA Nº 3 ROJO),[NO MATCH],69.97215384615384,69.97215384615384
MAT1873,PANELA VITRIFICADA (CAICO) 25x25 cm,[NO MATCH],204.05446153846157,204.05446153846157
MAT2232,REM-9041 CONSTRUCCION DE MEDIA CAÑA,[NO MATCH],16.00430769230769,16.00430769230769
MAT0129,ACIDO MURIATICO,[NO MATCH],19.158615384615384,19.158615384615384
MAT0255,ALAMBRE ACERO GALVANIZADO PARA ATAR CAL. 18,[NO MATCH],0.8253846153846154,0.8253846153846154
MAT1396,FLEJE DE MADERA (SAQUI-SAQUI) 1x1x300 cm,[NO MATCH],39.06892307692308,39.06892307692308
MAT0796,"CLAVOS DE 1-1/2"" CAL.14 caja = 25 Kgf",[NO MATCH],17.17676923076923,17.17676923076923
MAT0800,COCUIZA,[NO MATCH],33.571384615384616,33.571384615384616
MAT0131,ACIDO OXALICO,[NO MATCH],11.145384615384616,11.145384615384616
MAT2018,PLANCHA DE PLOMO 1mm PARA PULIR GRANITO (1Kgf),[NO MATCH],812.1803076923077,812.1803076923077
MAT0735,CERA PASTA NEUTRA PARA PULIR GRANITO,[NO MATCH],144.67261538461537,144.67261538461537
MAT2452,TE DE ALUMINIO SECUNDARIO COLOR BLANCO 4pies L= 1.22 m.,[NO MATCH],13.101538461538462,13.101538461538462
MAT1596,LAM.ACRILICA PUNTA DIAMANTE TRANSP.D=1.20x0.60m e=2.2mm,[NO MATCH],117.87953846153846,117.87953846153846
MAT0319,ANGULO ALUMINIO BLANCO L= 3.66 m.,[NO MATCH],4.390461538461539,4.390461538461539
MAT0262,ALAMBRE LISO GALVANIZADO CAL 12.5,[NO MATCH],60.71415384615385,60.71415384615385
MAT2451,TE DE ALUMINIO PRINCIPAL COLOR BLANCO 12pies L=3.66m.,[NO MATCH],8.587384615384615,8.587384615384615
MAT1609,"LAMINA D/FIBRA DE VIDRIO P/TECHO RASO 1,20x0,60m e=5/8""",[NO MATCH],63.11076923076923,63.11076923076923
MAT1930,"PERF. CANAL OMEGA MET. P/T DW 2 1/2"" L= 3.05 m",[NO MATCH],32.34615384615385,32.34615384615385
MAT1611,"LAMINA D/YESO T.RASO e=3/8"" (DW) A=1.22m L=2.40m",[NO MATCH],248.52046153846155,248.52046153846155
MAT1639,"LAMINA YESO TEXT. P/T. RASO e=1/4"" A=0.60m L=1.20m",[NO MATCH],131.9929230769231,131.9929230769231
MAT1619,"LAMINA DE FIBRA MINERAL P/TECHO RASO 60x120 cm e=1/2""",[NO MATCH],99.17523076923078,99.17523076923078
MAT1620,"LAMINA DE FIBRA MINERAL P/TECHO RASO 60x120 cm e=5/8""",[NO MATCH],97.25230769230768,97.25230769230768
MAT1623,"LAMINA DE POLIESTIRENO 1,20x0,60m e= 5/8""",[NO MATCH],9.07753846153846,9.07753846153846
MAT1996,PINTURA CAPA COLOR VERDE,[FUZZY] PINTURA CAPA COLOR (ROJO),737.7256923076923,286.54
MAT1254,ECOPRIMER (IMPERMEABILIZANTE A BASE D/EMULSION ASFALT),[NO MATCH],127.01307692307692,127.01307692307692
MAT1566,KEROSENE,[EXACT DESC] KEROSENE,14.159846153846154,3.87
MAT1656,LIGA PISO MASTIC,[NO MATCH],44.052615384615386,44.052615384615386
MAT1444,"GEOMEMBRANA IMPERMEAB500 A= 3,40m L=VAR. m e=0.50mm",[NO MATCH],32.673692307692306,32.673692307692306
MAT1583,LAM. ASF.ELASTOMERICA C/R INT.F.POLIESTER e=4mm 10x1m,[NO MATCH],22.632615384615384,22.632615384615384
MAT2231,"REM-9039 LOSETAS PREFAB.MORTERO 70x70,2.5 ESP.INC.MORT.",[NO MATCH],70.17953846153846,70.17953846153846
MAT0418,ASFALTO SOLIDO-CILINDRO DE 45 Kgf,[FUZZY] ASFALTO SOLIDO CILINDRO DE 45 KG,21.53153846153846,63.93
MAT2077,PRIMER (IMPERMEABILIZANTE C/SOLVENTE) ASFALTO LIQUIDO,[NO MATCH],139.50415384615386,139.50415384615386
MAT0724,CEMENTO PLASTICO,[FUZZY] CEMENTO ASFALTICO,100.75538461538464,285.98
MAT1597,LAM.ASF.ELASTOMERICA C/R INT.F.POLIESTER e=3mm 10x1m,[NO MATCH],18.33446153846154,18.33446153846154
MAT1598,LAM.ELASTOMERICA C/REFUERZ. INT FIBRAVIDRIO e=4mm 10 m2,[NO MATCH],14.833538461538462,14.833538461538462
MAT1372,FIBRA D/VIDRIO ASFALTICA (IPAGLASS) ROLLO= 50 m2,[FUZZY] FIBRA D/VIDRIO ASFALTICA ROLLO = 50 M2,1.0915384615384616,1.57
MAT2079,PROTECAPA EMULSION ASFALTICA -CUÑETE= 5 Gal,[NO MATCH],128.51615384615383,128.51615384615383
MAT2233,REM-9042 RECUBR.CAPA IMPERM.C/PINTURA BASE ASF. C/ALUM.,[NO MATCH],69.27707692307693,69.27707692307693
MAT1584,LAM. BASE P/IMPERMEABILIZ. D/TECHOS/MADERA e=1.5cm 20m2,[NO MATCH],1.6550769230769231,1.6550769230769231
MAT2234,REM-9043 RECUBR.EXT.TECHOS C/TEJAS CRIOLLAS.INC.MORTERO,[NO MATCH],72.36476923076923,72.36476923076923
MAT2583,"TELA D/FIBRA D/VIDRIO ASFALTADA ROLLO: L=50m, ANCHO=1m",[NO MATCH],0.784,0.784
MAT2304,SELLADOR A BASE DE SILICON SILIKONIT (Rend=20 m2/gal),[NO MATCH],84.38384615384615,84.38384615384615
MAT1993,PINTURA ALUMINIO,[NO MATCH],386.3076923076923,386.3076923076923
MAT2579,"TEJA ASFALTICA HEXAGONAL ROJA DE e=3mm, ROLLO= 3m2",[NO MATCH],133.78215384615385,133.78215384615385
MAT2096,PUERTA DE ALUMINIO BLANCO BATIENTE S/VIDRIO,[FUZZY] PUERTA DE ALUMINIO BLANCO BATIENTE SIN V,1940.2807692307688,67.78
MAT3179,VIDRIO PLANO e= 5 mm,[EXACT DESC] VIDRIO PLANO E= 5 MM,115.83061538461538,101.38
MAT2099,"PUERTA METAL 1 LAM/LISA MARCO HOJA 3""x1"" FOND.S/MARC",[NO MATCH],845.3507692307693,845.3507692307693
MAT0475,"BISAGRA 3"" x 3"" e= 2 mm LATON PULIDO",[NO MATCH],24.754461538461538,24.754461538461538
MAT2100,"PUERTA METAL./ROMAN. MARCO HOJA 3""x1-1/2"" FOND.S/MARCO",[NO MATCH],1062.8403076923075,1062.8403076923075
MAT2101,PUERTA METALICA ENTAMB. LAM. CAL 18 FONDEA. S/MARCO,[NO MATCH],1068.3712307692308,1068.3712307692308
MAT1081,CORREDERA P/PUERTAS REJAS METALICAS GUIA:M-2271 L=6.1 m,[NO MATCH],1118.9916923076923,1118.9916923076923
MAT2082,"PTA. REJ/MAR/HOJ 3""x1-1/2""/REL.1-1/2""x3/4""C/5cm S/MAR.",[NO MATCH],1031.7112307692307,1031.7112307692307
MAT3170,"VENTANA HIERRO BATIENT. S/VIDRIOS TUBO 2"" x 1"" Y 1""x 1""",[NO MATCH],993.3912307692308,993.3912307692308
MAT3165,VENTANA DE ALUMINIO BATIENTE COLOR BLANCO S/VIDRIO,[FUZZY] VENTANAS DE ALUMINIO BATIENTES CON VIDRI,1329.7856923076924,242.42
MAT3169,"VENTANA DE HIERRO CORREDERA TUBO 3"" x 1"" Y 1"" x 1""",[NO MATCH],1274.478153846154,1274.478153846154
MAT3164,VENTANA D/ALUMINIO CORREDERA SERIE 300 C/VID.INC.RODAJE,[NO MATCH],937.3189230769232,937.3189230769232
MAT3168,"VENTANA DE HIERRO BASCULANTE-ANGULOS 1"" x 1/8""",[NO MATCH],1190.8463076923076,1190.8463076923076
MAT3163,"VENT. MET.BASCUL.MARCO A PARED TUBO 3""x1"" CAL.15 Y MARC",[NO MATCH],1305.5726153846151,1305.5726153846151
MAT1801,MECANISMO ALUMINIO TIPO MACUTO (PALANCA),[NO MATCH],170.95446153846154,170.95446153846154
MAT3166,VENTANA DE ALUMINIO CELOSIA CON PALETAS DE ALUMINIO,[FUZZY] VENTANA DE ALUMINIO CELOSIA C/PALETAS DE,685.5109230769231,88.17
MAT3167,"VENTANA DE ALUMINIO CELOSIA, CON VIDRIO",[FUZZY] VENTANA DE ALUMINIO SIN VIDRIO,689.3836923076924,73.4
MAT2908,"TUBO D/ACERO RECT 2""x1"" L=6 m e= 1.10 mm; 1.293Kgf/m",[NO MATCH],97.57830769230767,97.57830769230767
MAT1657,"LIJA 3-M GRANO 80 PLIEGO 9 x 11""",[NO MATCH],9.899384615384616,9.899384615384616
MAT1412,FONDO ANTICORROSIVO,[NO MATCH],251.3846153846154,251.3846153846154
MAT2358,SOLVENTE UNIVERSAL,[EXACT DESC] SOLVENTE UNIVERSAL,192.38292307692308,66.14
MAT0447,"BARRA CUADRADA D/HIERRO DE 1/2""x1/2"" L=6m; 1.13Kgf/m",[NO MATCH],22.54230769230769,22.54230769230769
MAT0445,"BARRA CIRCULAR D/HIERRO DE 1/2"" L=6m; 0.89Kgf/m",[NO MATCH],20.814,20.814
MAT1780,MARCO DE HIERRO P/PUERTAS CAL 18 e= 10 cm. C/BISAGRAS,[NO MATCH],145.50938461538462,145.50938461538462
MAT1781,MARCO DE HIERRO P/PUERTAS CAL 18 e= 15 cm. C/BISAGRAS,[NO MATCH],156.798,156.798
MAT1782,MARCO DE HIERRO P/PUERTAS CAL 18 e= 20 cm. C/BISAGRAS,[NO MATCH],162.3953846153846,162.3953846153846
MAT1783,MARCO DE HIERRO P/VENTANAS e= 10 cm.,[NO MATCH],95.17138461538462,95.17138461538462
MAT1779,MARCO DE HIERRO P/CLOSET e= 10 cm.,[FUZZY] MARCO DE HIERRO P/ CLOSET E= 10 CM,91.11061538461536,10.06
MAT2098,"PUERTA DE MAD. MACIZA CEDRO 2,11 x 0,91 m",[NO MATCH],1333.1766153846154,1333.1766153846154
MAT2097,"PUERTA DE MAD. ENTAMBORADA 0,80 x 2,10 m",[NO MATCH],690.804923076923,690.804923076923
MAT1736,"MADERA CHAPILLA DE CEDRO 270 x 17 x 0,7 cm",[NO MATCH],51.604000000000006,51.604000000000006
MAT0474,BISAGRA 21 cm. TIPO VAIVEN DE PISO ( IMPORTADA ),[NO MATCH],34.604461538461535,34.604461538461535
MAT1481,HERRAJE P/PUERTA CORRED.CLOSET 2 RUEDA LONG = 2.00m,[NO MATCH],55.65692307692307,55.65692307692307
MAT1741,MADERA TABLA DE CAOBA e= 40 mm,[NO MATCH],7064.488307692308,7064.488307692308
MAT1747,MADERA TABLON CEPILLADO SAMAN e= 5cm,[NO MATCH],7746.692307692308,7746.692307692308
MAT1785,MARCO DE MADERA e= 10 cm.,[NO MATCH],119.96507692307692,119.96507692307692
MAT1786,MARCO DE MADERA e= 15 cm.,[NO MATCH],179.94753846153847,179.94753846153847
MAT1787,MARCO DE MADERA e= 20 cm.,[NO MATCH],239.93,239.93
MAT2282,"RODAPIE DE MADERA CEDRO 1 x 7,5 cm","[FUZZY] RODAPIE DE MADERA CEDRO 1 X 7,5 CMS",16.69707692307692,11.02
MAT2613,"TORNILLO CAB-PLANA-MADERA 2"" X 10""",[NO MATCH],5.959846153846153,5.959846153846153
MAT1658,"LIJA 3-M GRANO 150 PLIEGO 9 x 11""",[NO MATCH],10.412923076923075,10.412923076923075
MAT2308,SELLADOR NITRO P/MADERA MARCA VITRO,[NO MATCH],42.94815384615385,42.94815384615385
MAT1743,MADERA TABLA MACH.CEPILL/ALGARROBO/P/TECH D=1.30x7.00cm,[NO MATCH],142.3136923076923,142.3136923076923
MAT2639,TRANCADORES IMANTADOS P/PUERTA DE GABINETES,[NO MATCH],15.704,15.704
MAT1744,"MADERA TABLA MACH.CEPILL/PUY-PUY P/PISO D=1,80x10cm",[NO MATCH],289.83215384615386,289.83215384615386
MAT1739,MADERA GAVETERO DE SAQUI-SAQUI 4 GAVETAS DE 52 x 42 cm,[NO MATCH],1673.6196923076925,1673.6196923076925
MAT1794,MASTIQUE P/VIDRIOS,[NO MATCH],24.680153846153846,24.680153846153846
MAT3177,VIDRIO PLANO e= 3 mm,[EXACT DESC] VIDRIO PLANO E= 3 MM,65.85984615384616,67.31
MAT3178,VIDRIO PLANO e= 4 mm,[EXACT DESC] VIDRIO PLANO E= 4 MM,112.684,79.48
MAT3180,VIDRIO PLANO e= 6 mm,[EXACT DESC] VIDRIO PLANO E= 6 MM,138.73738461538463,112.38
MAT3175,VIDRIO PLANO BRONCE e= 5 mm,[EXACT DESC] VIDRIO PLANO BRONCE E= 5 MM,262.0498461538462,99.2
MAT3176,VIDRIO PLANO BRONCE e= 6 mm,[EXACT DESC] VIDRIO PLANO BRONCE E= 6 MM,273.03415384615386,134.62
MAT3173,VIDRIO DE PALETA PLANO e= 5 mm,[FUZZY] VIDRIO PALETA PLANO 5MM,204.896,78.25
MAT3174,VIDRIO ESCARCHADO e= 4 mm,[FUZZY] VIDRIO ESCARCHADO E=4 MM,135.8293846153846,63.0
MAT2594,"TIRRO CELOVEN A= 1"" L=45 m",[NO MATCH],35.38461538461539,35.38461538461539
MAT2001,PINTURA ESMALTE BRILLANTE MONTAFIX,[NO MATCH],350.71584615384614,350.71584615384614
MAT1344,ESTOPA NACIONAL PESO= 12Kgf/rollo,[NO MATCH],41.83292307692307,41.83292307692307
MAT1885,PASTA PROFESIONAL MARCA MASTIC (MASTIQUE P/PINTOR),[NO MATCH],191.3496923076923,191.3496923076923
MAT2305,SELLADOR ANTIALCALINO BASE DE ACEITE,[NO MATCH],212.75384615384613,212.75384615384613
MAT0444,BARNIZ MATE TRANSPARENTE MONTANA,[NO MATCH],178.624,178.624
MAT2000,PINTURA DE CAUCHO MONTANA,[FUZZY] PINTURA DE CAUCHO,361.7656923076923,49.54
MAT0751,CERRADURA POMO A10 S CROMADO M-1 SCHLAGE,[FUZZY] CERRADURA POMO A10 S CROMADO M-1 COMUNIC,94.8396923076923,30.85
MAT0753,CERRADURA POMO ALUM. S/LLAVE,[NO MATCH],135.8566153846154,135.8566153846154
MAT0756,CERRADURA POMO A80 PD CROMADO SCHLAGE,[NO MATCH],75.59169230769231,75.59169230769231
MAT0754,CERRADURA POMO CROMADO C/LLAVE,[NO MATCH],90.70369230769232,90.70369230769232
MAT0758,CERRADURA POMO A87 PD-CROMADO SCHLAGE,[NO MATCH],94.86523076923076,94.86523076923076
MAT0757,CERRADURA POMO A80 PD SCHLAGE,[NO MATCH],77.87153846153845,77.87153846153845
MAT0755,CERRADURA POMO A53 WS-CROMADO SCHLAGE,[NO MATCH],96.77984615384617,96.77984615384617
MAT0752,CERRADURA POMO A10 S MADERA SCHLAGE,[NO MATCH],114.4573846153846,114.4573846153846
MAT0750,CERRADURA POMO A10 S ALUMINIO SCHLAGE,[NO MATCH],89.612,89.612
MAT0740,CERRADURA DE EMBUTIR CISA 25mm NIQUEL,[NO MATCH],172.69923076923078,172.69923076923078
MAT0741,CERRADURA DE EMBUTIR CISA 35mm LATON,[NO MATCH],196.0850769230769,196.0850769230769
MAT0742,CERRADURA DE EMBUTIR CISA 45mm LATON,[NO MATCH],274.2769230769231,274.2769230769231
MAT0743,CERRADURA DE EMBUTIR CISA 60mm LATON,[NO MATCH],265.22676923076926,265.22676923076926
MAT0744,CERRADURA DE GANCHO NK DOBLE CIL ENT 16mm,[NO MATCH],75.26369230769231,75.26369230769231
MAT0745,CERRADURA DE GANCHO NK DOBLE CIL ENT 30mm,[NO MATCH],71.26246153846155,71.26246153846155
MAT0746,CERRADURA DE SOBREPONER CILINDRO FIJO (VENLOCK),[NO MATCH],79.89876923076923,79.89876923076923
MAT0747,CERRADURA DE SOBREPONER CILINDRO FIJO CISA,[NO MATCH],180.71307692307693,180.71307692307693
MAT0748,CERRADURA DE SOBREPONER CILINDRO SUELTO CISA,[NO MATCH],138.85415384615385,138.85415384615385
MAT0779,"CIERRAPUERTAS RIOBI 04 C/RETEN P/PUERTA = 1,10 m",[NO MATCH],417.0166153846154,417.0166153846154
MAT0778,CIERRAPUERTAS CORTAFUEGOS (CISA) N° 4,[NO MATCH],579.4827692307692,579.4827692307692
MAT1179,"CURVA PVC ELECTRICIDAD D=1/2""","[FUZZY] CURVA PVC ELECTRICIDAD D= 1/2""",6.284923076923077,1.08
MAT0568,"BUSHING CONDUIT D=1/2"" (COMPLETO)","[FUZZY] BUSHING CONDUIT D= 1/2""  (COMPLETO) GALV",1.6546153846153846,0.9
MAT2795,"TUBERIA PVC ELECTRICIDAD D=1/2"" L= 3.00 m",[NO MATCH],6.744461538461538,6.744461538461538
MAT2798,"TUBERIA PVC ELECTRICIDAD D=3/4"" L= 3.00 m",[NO MATCH],10.115692307692308,10.115692307692308
MAT0571,"BUSHING CONDUIT D=3/4"" (COMPLETO)","[FUZZY] BUSHING CONDUIT D=  3/4""  (COMPLETO) GAL",1.932923076923077,1.08
MAT1182,"CURVA PVC ELECTRICIDAD D=3/4""","[FUZZY] CURVA PVC ELECTRICIDAD D= 3/4 """,8.286153846153846,1.78
MAT0566,"BUSHING CONDUIT D=1"" (COMPLETO)","[FUZZY] BUSHING CONDUIT D= 1"" (COMPLETO) GALVANI",3.1393846153846154,1.08
MAT2793,"TUBERIA PVC ELECTRICIDAD D=1"" L= 3.00 m",[NO MATCH],13.005538461538462,13.005538461538462
MAT1177,"CURVA PVC ELECTRICIDAD D=1""","[FUZZY] CURVA PVC ELECTRICIDAD D= 1""",13.066,2.61
MAT1178,"CURVA PVC ELECTRICIDAD D=1-1/2""","[FUZZY] CURVA PVC ELECTRICIDAD D= 1 1/2""",36.944769230769225,3.65
MAT2794,"TUBERIA PVC ELECTRICIDAD D=1-1/2"" L= 3.00 m",[NO MATCH],19.75,19.75
MAT0567,"BUSHING CONDUIT D=1-1/2"" (COMPLETO)","[FUZZY] BUSHING CONDUIT D= 1-1/2"" (COMPLETO) GAL",6.214,2.39
MAT2796,"TUBERIA PVC ELECTRICIDAD D=2"" L= 3.00 m",[NO MATCH],25.532,25.532
MAT1180,"CURVA PVC ELECTRICIDAD D=2""","[FUZZY] CURVA PVC ELECTRICIDAD D= 2""",70.73246153846154,7.69
MAT0569,"BUSHING CONDUIT D=2"" (COMPLETO)","[FUZZY] BUSHING CONDUIT D= 2"" (COMPLETO) GALVANI",7.922923076923077,2.72
MAT1181,"CURVA PVC ELECTRICIDAD D=3""","[FUZZY] CURVA PVC ELECTRICIDAD D= 3""",172.15415384615386,17.64
MAT0570,"BUSHING CONDUIT D=3"" (COMPLETO)","[FUZZY] BUSHING CONDUIT D= 3"" (COMPLETO) GALVANI",12.040615384615384,3.76
MAT2797,"TUBERIA PVC ELECTRICIDAD D=3"" L= 3.00 m",[NO MATCH],39.01876923076923,39.01876923076923
MAT2799,"TUBERIA PVC ELECTRICIDAD D=4"" L= 1.50 m",[NO MATCH],93.44953846153848,93.44953846153848
MAT0572,"BUSHING CONDUIT D=4"" (COMPLETO)","[FUZZY] BUSHING CONDUIT D= 4""  (COMPLETO) GALVAN",29.031076923076924,9.62
MAT1183,"CURVA PVC ELECTRICIDAD D=4""","[FUZZY] CURVA PVC ELECTRICIDAD D= 4""",57.97861538461539,29.74
MAT1158,"CURVA CONDUIT D=1/2""",[NO MATCH],18.715692307692308,18.715692307692308
MAT0347,"ANILLO CONDUIT D=1/2""",[NO MATCH],0.7132307692307692,0.7132307692307692
MAT2747,"TUBERIA CONDUIT D=1/2"" (SERIE LIVIANA) L=3.00m",[NO MATCH],17.223076923076924,17.223076923076924
MAT1161,"CURVA CONDUIT D=3/4""",[NO MATCH],29.921384615384618,29.921384615384618
MAT0350,"ANILLO CONDUIT D=3/4""",[NO MATCH],1.032,1.032
MAT2753,"TUBERIA CONDUIT D=3/4"" (SERIE LIVIANA) L=3.00m",[NO MATCH],21.680307692307693,21.680307692307693
MAT0345,"ANILLO CONDUIT D=1""",[NO MATCH],1.4064615384615384,1.4064615384615384
MAT2743,"TUBERIA CONDUIT D=1"" (SERIE LIVIANA) L=3.00m",[NO MATCH],32.62476923076923,32.62476923076923
MAT1156,"CURVA CONDUIT D=1""",[NO MATCH],45.65215384615384,45.65215384615384
MAT2745,"TUBERIA CONDUIT D=1-1/2"" (SERIE LIVIANA) L=3.00m",[NO MATCH],46.46846153846153,46.46846153846153
MAT0346,"ANILLO CONDUIT D=1-1/2""",[NO MATCH],2.929846153846154,2.929846153846154
MAT1157,"CURVA CONDUIT D=1-1/2""",[NO MATCH],65.03123076923076,65.03123076923076
MAT1159,"CURVA CONDUIT D=2""",[NO MATCH],88.31923076923077,88.31923076923077
MAT0348,"ANILLO CONDUIT D=2""",[NO MATCH],3.296307692307692,3.296307692307692
MAT2749,"TUBERIA CONDUIT D=2"" (SERIE LIVIANA) L=3.00m",[NO MATCH],63.11076923076923,63.11076923076923
MAT0349,"ANILLO CONDUIT D=3""",[NO MATCH],9.732307692307693,9.732307692307693
MAT2751,"TUBERIA CONDUIT D=3"" (SERIE LIVIANA) L=3.00m",[NO MATCH],124.18184615384617,124.18184615384617
MAT1160,"CURVA CONDUIT D=3""",[NO MATCH],173.77184615384616,173.77184615384616
MAT1162,"CURVA CONDUIT D=4""",[NO MATCH],232.09846153846152,232.09846153846152
MAT0351,"ANILLO CONDUIT D=4""",[NO MATCH],13.681384615384616,13.681384615384616
MAT2755,"TUBERIA CONDUIT D=4"" (SERIE LIVIANA) L=3.00m",[NO MATCH],160.75015384615384,160.75015384615384
MAT0118,"ABRAZADERA TIPO ""U"", D=2""",[NO MATCH],6.953692307692307,6.953692307692307
MAT2108,"RAMPLUG HILTI HDI D=3/8"" ROSCA INTERNA","[FUZZY] RAMPLUG HILTI HDI D = 3/8"" ROSCA INTERNA",12.006615384615383,2.51
MAT2105,"RAMPLUG HILTI HDI D=1/2"" ROSCA INTERNA","[FUZZY] RAMPLUG HILTI HDI D = 1/2"" ROSCA INTERNA",16.213538461538462,3.65
MAT0119,"ABRAZADERA TIPO ""U"", D=3""",[NO MATCH],9.72276923076923,9.72276923076923
MAT0120,"ABRAZADERA TIPO ""U"", D=4""",[NO MATCH],11.437076923076924,11.437076923076924
MAT0457,"BARRA ROSCADA GALVANIZADA 3/8"" L= 2.00 m",[NO MATCH],18.872615384615383,18.872615384615383
MAT0062,"ABRAZADERA COLGANTE D=2""","[FUZZY] ABRAZADERA COLGANTE D = 2""",13.513076923076923,5.76
MAT0063,"ABRAZADERA COLGANTE D=3""","[FUZZY] ABRAZADERA COLGANTE D = 3""",17.968153846153847,8.81
MAT0454,"BARRA ROSCADA GALVANIZADA 1/2"" L= 2.00 m",[NO MATCH],34.556615384615384,34.556615384615384
MAT0064,"ABRAZADERA COLGANTE D=4""","[FUZZY] ABRAZADERA COLGANTE D = 4""",24.36769230769231,13.43
MAT2748,"TUBERIA CONDUIT D=1/2"" (SERIE PESADA) RIG. L=3.00m",[NO MATCH],26.476615384615386,26.476615384615386
MAT2754,"TUBERIA CONDUIT D=3/4"" (SERIE PESADA) RIG. L=3.00m",[NO MATCH],33.39107692307692,33.39107692307692
MAT2744,"TUBERIA CONDUIT D=1"" (SERIE PESADA) RIG. L=3.00m",[NO MATCH],52.215230769230764,52.215230769230764
MAT2746,"TUBERIA CONDUIT D=1-1/2"" (SERIE PESADA) RIG. L=3.00m",[NO MATCH],77.714,77.714
MAT2750,"TUBERIA CONDUIT D=2"" (SERIE PESADA) RIG. L=3.00m",[NO MATCH],102.37876923076922,102.37876923076922
MAT2752,"TUBERIA CONDUIT D=3"" (SERIE PESADA) RIG. L=3.00m",[NO MATCH],220.6887692307692,220.6887692307692
MAT2756,"TUBERIA CONDUIT D=4"" (SERIE PESADA) RIG. L=3.00m",[NO MATCH],276.4775384615385,276.4775384615385
MAT1170,"CURVA E.M.T. D=1/2""","[FUZZY] CURVA EMT D=1/2"" #",8.565692307692307,3.01
MAT0364,"ANILLO E.M.T. D=1/2""","[FUZZY] ANILLO EMT D=1/2"" #",3.588769230769231,1.08
MAT0996,"CONECTOR E.M.T. D=1/2""","[FUZZY] CONECTOR EMT D= 1/2""",2.934923076923077,1.08
MAT2759,"TUBERIA EMT D=1/2"" L= 3.00 m",[NO MATCH],9.491692307692308,9.491692307692308
MAT2762,"TUBERIA EMT D=3/4"" L= 3.00 m",[NO MATCH],23.465230769230768,23.465230769230768
MAT0366,"ANILLO E.M.T. D=3/4""","[FUZZY] ANILLO EMT D=3/4""",5.102461538461539,1.34
MAT1173,"CURVA E.M.T. D=3/4""","[FUZZY] CURVA EMT D=3/4""",17.475846153846156,4.6
MAT0999,"CONECTOR E.M.T. D=3/4""","[FUZZY] CONECTOR EMT D = 3/4""",4.683999999999999,1.61
MAT2758,"TUBERIA EMT D=1-1/2"" L= 3.00 m",[NO MATCH],31.306615384615384,31.306615384615384
MAT0363,"ANILLO E.M.T. D=1-1/2""","[FUZZY] ANILLO EMT D=1 1/2""",14.765846153846152,6.62
MAT0995,"CONECTOR E.M.T. D=1-1/2""","[FUZZY] CONECTOR EMT D = 1 1/2""",15.43153846153846,6.62
MAT1169,"CURVA E.M.T. D=1-1/2""","[FUZZY] CURVA EMT D=1 1/2""",48.17492307692307,14.31
MAT1171,"CURVA E.M.T. D=2""","[FUZZY] CURVA EMT D=2""",61.22723076923077,17.1
MAT0997,"CONECTOR E.M.T. D=2""","[FUZZY] CONECTOR EMT D = 2"" #",25.346153846153847,9.88
MAT2760,"TUBERIA EMT D=2"" L= 3.00 m",[NO MATCH],76.26184615384616,76.26184615384616
MAT0365,"ANILLO E.M.T. D=2""","[FUZZY] ANILLO EMT D=2""",26.668615384615386,10.49
MAT1172,"CURVA E.M.T. D=3""","[FUZZY] CURVA EMT D=3""",246.68015384615384,54.24
MAT0998,"CONECTOR E.M.T. D=3""","[FUZZY] CONECTOR EMT D = 3""",61.73153846153846,13.22
MAT2761,"TUBERIA EMT D=3"" L= 3.00 m",[NO MATCH],86.66923076923077,86.66923076923077
MAT1174,"CURVA E.M.T. D=4""","[FUZZY] CURVA EMT D=4""",418.4353846153846,79.34
MAT2763,"TUBERIA EMT D=4"" L= 3.00 m",[NO MATCH],170.65599999999998,170.65599999999998
MAT1000,"CONECTOR E.M.T. D=4""","[FUZZY] CONECTOR EMT D = 4""",76.22907692307693,16.5
MAT2289,ROLLO DE TEIPE NEGRO # 33 (COBRA),[NO MATCH],25.110615384615382,25.110615384615382
MAT0637,CABLE TW # 14 AWG/MCM (THHN 90° C 600 V),[NO MATCH],9.440307692307693,9.440307692307693
MAT0635,CABLE TW # 10 AWG/MCM (THHN 90° C 600 V),[NO MATCH],19.602615384615387,19.602615384615387
MAT0641,CABLE TW # 8 AWG/MCM (THHN 90° C 600 V),[NO MATCH],26.847076923076923,26.847076923076923
MAT1973,PERRO PARA CONEXION CABLE # 08,[NO MATCH],8.84723076923077,8.84723076923077
MAT1972,PERRO PARA CONEXION CABLE # 06,[NO MATCH],11.328307692307693,11.328307692307693
MAT0639,CABLE TW # 4 AWG/MCM (THHN 90° C 600 V),[NO MATCH],83.45323076923077,83.45323076923077
MAT1971,PERRO PARA CONEXION CABLE # 04,[NO MATCH],11.28,11.28
MAT0638,CABLE TW # 2 AWG/MCM (THHN 90° C 600 V),[NO MATCH],140.2723076923077,140.2723076923077
MAT1970,PERRO PARA CONEXION CABLE # 02,[NO MATCH],15.25353846153846,15.25353846153846
MAT0612,CABLE THW # 14 AWG/MCM (THHN 90° C 600 V),[NO MATCH],9.440307692307693,9.440307692307693
MAT0611,CABLE THW # 12 AWG/MCM (THHN 90° C 600 V),[NO MATCH],17.152307692307694,17.152307692307694
MAT0610,CABLE THW # 10 AWG/MCM (THHN 90° C 600 V),[NO MATCH],19.602615384615387,19.602615384615387
MAT0621,CABLE THW # 8 AWG/MCM (THHN 90° C 600 V),[NO MATCH],26.847076923076923,26.847076923076923
MAT0620,CABLE THW # 6 AWG/MCM (THHN 90° C 600 V),[NO MATCH],53.71892307692308,53.71892307692308
MAT0618,CABLE THW # 4 AWG/MCM (THHN 90° C 600 V),[NO MATCH],83.45323076923077,83.45323076923077
MAT0613,CABLE THW # 2 AWG/MCM (THHN 90° C 600 V),[NO MATCH],140.2723076923077,140.2723076923077
MAT0609,CABLE THW # 1/0 AWG/MCM (THHN 90° C 600 V),[NO MATCH],223.7255384615385,223.7255384615385
MAT1974,PERRO PARA CONEXION CABLE # 1/0,[FUZZY] AMARRE/PERRO PARA CONEXION CABLE 1/0,22.718,2.51
MAT0614,CABLE THW # 2/0 AWG/MCM (THHN 90° C 600 V),[NO MATCH],266.33984615384617,266.33984615384617
MAT1975,PERRO PARA CONEXION CABLE # 2/0,[NO MATCH],31.044307692307694,31.044307692307694
MAT0616,CABLE THW # 3/0 AWG/MCM (THHN 90° C 600 V),[NO MATCH],210.9412307692308,210.9412307692308
MAT1976,PERRO PARA CONEXION CABLE # 3/0,[NO MATCH],100.61953846153848,100.61953846153848
MAT0619,CABLE THW # 4/0 AWG/MCM (THHN 90° C 600 V),[NO MATCH],397.7341538461538,397.7341538461538
MAT1977,PERRO PARA CONEXION CABLE # 4/0,[NO MATCH],54.14323076923077,54.14323076923077
MAT0615,CABLE THW # 250 AWG/MCM (THHN 90° C 600 V),[NO MATCH],525.5773846153846,525.5773846153846
MAT1978,PERRO PARA CONEXION CABLE #250 MCM,[NO MATCH],45.78753846153846,45.78753846153846
MAT1979,PERRO PARA CONEXION CABLE #350 MCM,[NO MATCH],129.62784615384615,129.62784615384615
MAT0617,CABLE THW # 350 AWG/MCM (THHN 90° C 600 V),[NO MATCH],727.9956923076924,727.9956923076924
MAT0626,CABLE TTU # 14 AWG/MCM (90° C 600 V),[NO MATCH],50.24230769230769,50.24230769230769
MAT0625,CABLE TTU # 12 AWG/MCM (90° C 600 V),[NO MATCH],55.82476923076924,55.82476923076924
MAT0624,CABLE TTU # 10 AWG/MCM (90° C 600 V),[NO MATCH],63.26815384615385,63.26815384615385
MAT0634,CABLE TTU # 8 AWG/MCM (90° C 600 V),[NO MATCH],98.62384615384616,98.62384615384616
MAT0633,CABLE TTU # 6 AWG/MCM (90° C 600 V),[NO MATCH],160.03123076923077,160.03123076923077
MAT0630,CABLE TTU # 4 AWG/MCM (90° C 600 V),[NO MATCH],240.04676923076929,240.04676923076929
MAT0627,CABLE TTU # 2 AWG/MCM (90° C 600 V),[NO MATCH],223.2993846153846,223.2993846153846
MAT0623,CABLE TTU # 1/0 AWG/MCM (90° C 600 V),[NO MATCH],186.08276923076923,186.08276923076923
MAT0628,CABLE TTU # 2/0 AWG/MCM (90° C 600 V),[NO MATCH],552.2936923076923,552.2936923076923
MAT0629,CABLE TTU # 3/0 AWG/MCM (90° C 600 V),[NO MATCH],457.7636923076923,457.7636923076923
MAT0631,CABLE TTU # 4/0 AWG/MCM (90° C 600 V),[NO MATCH],316.34076923076924,316.34076923076924
MAT0632,CABLE TTU # 500 AWG/MCM (90° C 600 V),[NO MATCH],1563.0953846153843,1563.0953846153843
MAT1980,PERRO PARA CONEXION CABLE #500 MCM,[NO MATCH],196.42476923076924,196.42476923076924
MAT0599,CABLE TELEFONICO TDI 1 PAR,[NO MATCH],11.346461538461538,11.346461538461538
MAT0601,CABLE TELEFONICO TDI 2 PARES,[NO MATCH],27.660769230769237,27.660769230769237
MAT0603,CABLE TELEFONICO TDI 4 PARES,[NO MATCH],35.997692307692304,35.997692307692304
MAT0604,CABLE TELEFONICO TDI 6 PARES,[NO MATCH],53.58861538461539,53.58861538461539
MAT0600,CABLE TELEFONICO TDI 10 PARES,[NO MATCH],51.323230769230776,51.323230769230776
MAT0602,CABLE TELEFONICO TDI 20 PARES,[NO MATCH],63.952,63.952
MAT0686,"CAJETIN OCTAGONAL DE 4"" (HUECOS 3/4"" O 1/2"")",[NO MATCH],12.706153846153846,12.706153846153846
MAT0685,"CAJETIN OCTAGONAL DE 4"" (HUECOS 1/2"")",[NO MATCH],18.59184615384616,18.59184615384616
MAT0683,"CAJETIN CUADRADO DE 4""x 4"" (HUECOS 1/2"" O 3/4"")","[FUZZY] CAJETIN CUADRADO MET 4"" X 4"" X 1/2""-3/4""",26.055846153846154,2.82
MAT0664,CAJA DISTRIBUCION 10 x 15 x 20 cm.,[NO MATCH],84.89661538461539,84.89661538461539
MAT0665,CAJA DISTRIBUCION 10 x 25 x 25 cm.,[NO MATCH],130.6886153846154,130.6886153846154
MAT0666,CAJA DISTRIBUCION 10 x 30 x 30 cm.,[NO MATCH],199.54584615384616,199.54584615384616
MAT0667,CAJA DISTRIBUCION 15 x 15 x 15 cm.,[NO MATCH],88.48169230769231,88.48169230769231
MAT0670,"CAJA DISTRIBUCION PASO 25x20x15 cm (10""x8""x6"")",[NO MATCH],167.28815384615385,167.28815384615385
MAT0668,CAJA DISTRIBUCION 15 x 25 x 25 cm.,[NO MATCH],187.3490769230769,187.3490769230769
MAT0669,CAJA DISTRIBUCION 15 x 30 x 30 cm.,[NO MATCH],241.3552307692308,241.3552307692308
MAT0085,"ABRAZADERA EMT D=1/2""","[FUZZY] ABRAZADERA EMT DOBLE D = 1/2""",1.0663076923076924,0.42
MAT0651,"CAJA CONDULET TIPO LB/LL/LR, D=1/2"" INC/TAPA Y EMPACAD.","[FUZZY] CAJA CONDULET TIPO LB/LL/LR, D= 1/2"" TAP",31.410307692307693,10.49
MAT0087,"ABRAZADERA EMT D=3/4""","[FUZZY] ABRAZADERA EMT DOBLE D = 3/4""",1.3349230769230769,1.08
MAT0654,"CAJA CONDULET TIPO LB/LL/LR, D=3/4"" INC/TAPA Y EMPACAD.","[FUZZY] CAJA CONDULET TIPO LB/LL/LR, D=3/4"" TAPA",36.32061538461539,11.66
MAT0084,"ABRAZADERA EMT D=1""","[FUZZY] ABRAZADERA EMT DOBLE D = 1""",1.758,1.4
MAT0650,"CAJA CONDULET TIPO LB/LL/LR, D=1"" INC.TAPA Y EMPACADURA","[FUZZY] CAJA CONDULET TIPO LB/LL/LR, D= 1"" TAPA ",43.257384615384616,17.64
MAT0086,"ABRAZADERA EMT D=2""","[FUZZY] ABRAZADERA EMT DOBLE D = 2""",6.038461538461538,4.41
MAT0652,"CAJA CONDULET TIPO LB/LL/LR, D=2"" INC.TAPA Y EMPACADURA","[FUZZY] CAJA CONDULET TIPO LB/LL/LR, D= 2"" TAPA ",105.026,44.07
MAT0653,"CAJA CONDULET TIPO LB/LL/LR, D=3"" INC.TAPA Y EMPACADURA","[FUZZY] CAJA CONDULET TIPO LB/LL/LR, D= 3"" TAPA ",402.3721538461538,142.16
MAT0655,"CAJA CONDULET TIPO LB/LL/LR, D=4"" INC.TAPA Y EMPACADURA","[FUZZY] CAJA CONDULET TIPO LB/LL/LR, D= 4"" TAPA ",664.0601538461539,179.64
MAT0657,"CAJA CONDULET TIPO T, D=1/2"" INC. TAPA Y EMPACADURA","[FUZZY] CAJA CONDULET TIPO T, D = 1/2"" INC. TAPA",32.150769230769235,11.55
MAT0660,"CAJA CONDULET TIPO T, D=3/4"" INC. TAPA Y EMPACADURA","[FUZZY] CAJA CONDULET TIPO T, D =  3/4"" INC. TAP",36.51553846153846,18.09
MAT0656,"CAJA CONDULET TIPO T, D=1"" INC. TAPA Y EMPACADURA","[FUZZY] CAJA CONDULET TIPO T, D = 1"" INC. TAPA Y",50.89569230769231,15.73
MAT0658,"CAJA CONDULET TIPO T, D=2"" INC. TAPA Y EMPACADURA","[FUZZY] CAJA CONDULET TIPO T, D = 2"" INC. TAPA Y",78.52584615384616,36.34
MAT0659,"CAJA CONDULET TIPO T, D=3"" INC. TAPA Y EMPACADURA","[FUZZY] CAJA CONDULET TIPO T, D = 3"" INC. TAPA Y",435.4970769230769,141.26
MAT0661,"CAJA CONDULET TIPO T, D=4"" INC. TAPA Y EMPACADURA","[FUZZY] CAJA CONDULET TIPO T, D = 4"" INC. TAPA Y",726.9976923076923,206.63
MAT1494,INTERRUPTOR 1213 DOMINO 1 VIA + 3-V,[NO MATCH],4.338923076923076,4.338923076923076
MAT2015,PLACA ALUMINIO TICINO CIEGA P/TICINO,[NO MATCH],5.703538461538462,5.703538461538462
MAT2083,PUENTE P/3TACOS METALICO P/TOMACORRIENTE,[NO MATCH],1.6207692307692307,1.6207692307692307
MAT2016,PLACA PLASTICA INT.-T/C (CIEGA/1/2/3 HUECOS),[FUZZY] PLACA PLASTICA INT.-T/C (CIEGA/1/2/3 HUE,2.879384615384615,0.53
MAT1495,INTERRUPTOR DOMINO 1330 TRIPLE 3 VIAS SENCILLO,[NO MATCH],8.174,8.174
MAT2604,TOMACORRIENTE 2 P/ 15 A / 125 V,[FUZZY] TOMACORRIENTE 2 FASES 15A 125V,4.351538461538462,7.27
MAT2606,TOMACORRIENTE UNIVERSAL,[FUZZY] TOMACORRIENTE UNIVERSAL DOBLE,7.154,4.41
MAT2603,TOMACORRIENTE 2 FASES 220V 20 AMP (NEMA 5 20R),[NO MATCH],98.93830769230767,98.93830769230767
MAT2601,TOMACORRIENTE 2 FASES 220 V 30 AMP (NEMA 6 30R),[NO MATCH],376.80615384615385,376.80615384615385
MAT2602,TOMACORRIENTE 2 FASES 220 V 50 AMP (NEMA 6 50R),[NO MATCH],421.2275384615385,421.2275384615385
MAT2605,TOMACORRIENTE AMERICANA DOBLE C/T LINEA 10196,[NO MATCH],17.17615384615385,17.17615384615385
MAT2389,TABLERO RESIDENCIAL 4 CIRCUITOS 125 A - BIEMCA,[NO MATCH],296.4795384615384,296.4795384615384
MAT2390,TABLERO RESIDENCIAL 8 CIRCUITOS 125 A - BIEMCA,[NO MATCH],406.5936923076923,406.5936923076923
MAT2391,TABLERO RESIDENCIAL 12 CIRCUITOS 125 A - BIEMCA,[NO MATCH],519.6806153846154,519.6806153846154
MAT2392,TABLERO RESIDENCIAL 20 CIRCUITOS 100 A - BIEMCA,[NO MATCH],886.2149230769231,886.2149230769231
MAT1524,INTERRUPTOR TQL 1P 20A 120/240V 10KA (ENCHUFABLE),[NO MATCH],38.66753846153846,38.66753846153846
MAT1508,INTERRUPTOR TQC 1P 30A 120/240V 10KA (ATORNILLABLE),[NO MATCH],89.632,89.632
MAT1525,INTERRUPTOR TQL 1P 40A 120/240V 10KA (ENCHUFABLE),[NO MATCH],62.80123076923077,62.80123076923077
MAT1526,INTERRUPTOR TQL 2P 15A 120/240V 10KA (ENCHUFABLE),[NO MATCH],85.98461538461538,85.98461538461538
MAT1527,INTERRUPTOR TQL 2P 20A 120/240V 10KA (ENCHUFABLE),[NO MATCH],183.67876923076923,183.67876923076923
MAT1528,INTERRUPTOR TQL 2P 30A 120/240V 10KA (ENCHUFABLE),[NO MATCH],114.95015384615384,114.95015384615384
MAT1529,INTERRUPTOR TQL 2P 40A 120/240V 10KA (ENCHUFABLE),[NO MATCH],165.94246153846154,165.94246153846154
MAT1530,INTERRUPTOR TQL 2P 50A 120/240V 10KA (ENCHUFABLE),[NO MATCH],269.67892307692307,269.67892307692307
MAT1531,INTERRUPTOR TQL 2P 60A 120/240V 10KA (ENCHUFABLE),[NO MATCH],313.8633846153846,313.8633846153846
MAT1532,INTERRUPTOR TQL 2P 70A 120/240V 10KA (ENCHUFABLE),[NO MATCH],158.35261538461538,158.35261538461538
MAT1533,INTERRUPTOR TQL 3P 20A 120/240V 10KA (ENCHUFABLE),[NO MATCH],202.72615384615384,202.72615384615384
MAT1534,INTERRUPTOR TQL 3P 30A 120/240V 10KA (ENCHUFABLE),[NO MATCH],314.50107692307694,314.50107692307694
MAT1535,INTERRUPTOR TQL 3P 40A 120/240V 10KA (ENCHUFABLE),[NO MATCH],192.92276923076923,192.92276923076923
MAT1536,INTERRUPTOR TQL 3P 50A 120/240V 10KA (ENCHUFABLE),[NO MATCH],682.7530769230768,682.7530769230768
MAT1537,INTERRUPTOR TQL 3P 60A 120/240V 10KA (ENCHUFABLE),[NO MATCH],463.9493846153846,463.9493846153846
MAT1538,INTERRUPTOR TQL 3P 70A 120/240V 10KA (ENCHUFABLE),[NO MATCH],349.5573846153846,349.5573846153846
MAT1506,INTERRUPTOR TQC 1P 15A 120/240V 10KA (ATORNILLABLE),[NO MATCH],65.31261538461538,65.31261538461538
MAT1507,INTERRUPTOR TQC 1P 20A 120/240V 10KA (ATORNILLABLE),[NO MATCH],81.48953846153846,81.48953846153846
MAT1509,INTERRUPTOR TQC 1P 40A 120/240V 10KA (ATORNILLABLE),[NO MATCH],59.74892307692308,59.74892307692308
MAT1510,INTERRUPTOR TQC 1P 50A 120/240V 10KA (ATORNILLABLE),[NO MATCH],110.63984615384616,110.63984615384616
MAT1511,INTERRUPTOR TQC 2P 15A 120/240V 10KA (ATORNILLABLE),[NO MATCH],97.48292307692309,97.48292307692309
MAT1512,INTERRUPTOR TQC 2P 20A 120/240V 10KA (ATORNILLABLE),[NO MATCH],147.17507692307692,147.17507692307692
MAT1513,INTERRUPTOR TQC 2P 30A 120/240V 10KA (ATORNILLABLE),[NO MATCH],77.66676923076923,77.66676923076923
MAT1514,INTERRUPTOR TQC 2P 40A 120/240V 10KA (ATORNILLABLE),[NO MATCH],253.9935384615385,253.9935384615385
MAT1515,INTERRUPTOR TQC 2P 50A 120/240V 10KA (ATORNILLABLE),[NO MATCH],284.3316923076923,284.3316923076923
MAT1516,INTERRUPTOR TQC 2P 60A 120/240V 10KA (ATORNILLABLE),[NO MATCH],283.2229230769231,283.2229230769231
MAT1517,INTERRUPTOR TQC 2P 70A 120/240V 10KA (ATORNILLABLE),[NO MATCH],387.0809230769231,387.0809230769231
MAT1518,INTERRUPTOR TQC 3P 20A 120/240V 10KA (ATORNILLABLE),[NO MATCH],332.61061538461536,332.61061538461536
MAT1519,INTERRUPTOR TQC 3P 30A 120/240V 10KA (ATORNILLABLE),[NO MATCH],347.97400000000005,347.97400000000005
MAT1520,INTERRUPTOR TQC 3P 40A 120/240V 10KA (ATORNILLABLE),[NO MATCH],181.46276923076925,181.46276923076925
MAT1521,INTERRUPTOR TQC 3P 50A 120/240V 10KA (ATORNILLABLE),[NO MATCH],436.49630769230765,436.49630769230765
MAT1522,INTERRUPTOR TQC 3P 60A 120/240V 10KA (ATORNILLABLE),[NO MATCH],434.9595384615384,434.9595384615384
MAT1523,INTERRUPTOR TQC 3P 70A 120/240V 10KA (ATORNILLABLE),[NO MATCH],557.4398461538461,557.4398461538461
MAT2110,RAMPLUG PLASTICO COLOR AZUL,[NO MATCH],9.879076923076925,9.879076923076925
MAT2624,"TORNILLO TIRAFONDO 10mm X 1"" (RAMPLUG AZUL)",[NO MATCH],2.820153846153846,2.820153846153846
MAT1569,KIT DE LAMPARA FLUORESCENTE CIRCULAR 22 W. INCLUYE TUBO,[NO MATCH],245.07353846153848,245.07353846153848
MAT1570,KIT DE LAMPARA FLUORESCENTE CIRCULAR 32 W. INCLUYE TUBO,[NO MATCH],360.8049230769231,360.8049230769231
MAT1712,"LUMINARIA LF-08 CADALUX 4x17W T8,120/277V, 60x60cm",[NO MATCH],720.5907692307693,720.5907692307693
MAT1713,"LUMINARIA LF-08 CADALUX 4x32W T8,120/277V,122x61,5 cm",[NO MATCH],983.0287692307692,983.0287692307692
MAT1700,LUMINA.JARDIN C/BOMB.160W/220V/CAPRI-MED MOD.EX7,[NO MATCH],897.867076923077,897.867076923077
MAT1707,"LUMINARIA INDUSTRIAL LF-02 SUP. 2x32 W T8, 120/277V",[NO MATCH],532.1255384615386,532.1255384615386
MAT1708,LUMINARIA INDUSTRIAL LF-02 SUP. 2x40 W T12 / 120/277V,[NO MATCH],520.9615384615385,520.9615384615385
MAT1709,"LUMINARIA INDUSTRIAL LF-02 SUP. 4x32 W T12, 120/277V",[NO MATCH],759.8026153846154,759.8026153846154
MAT1710,LUMINARIA LF-01 COMERC/INDUST 2x32 W T8/ 120/277V,[NO MATCH],493.61538461538464,493.61538461538464
MAT1643,LAMPARA EMB 2x13 CFNI 2TUBOS FLUOR. 13W/120V MOD.LE26,[NO MATCH],418.6813846153846,418.6813846153846
MAT2106,"RAMPLUG HILTI HDI D=1/4"" ROSCA INTERNA","[FUZZY] RAMPLUG HILTI HDI D = 1/4"" ROSCA INTERNA",5.376923076923077,1.86
MAT2612,"TORNILLO AUTORROSC.P/LAM C/ARANDELAS 1-1/2x1/4"" A/INOX",[NO MATCH],19.85476923076923,19.85476923076923
MAT1642,LAMPARA D/EMERGENCIA CAJA MET.2 FARO/P/EMB D=2X9F-ULTRA,[NO MATCH],438.2253846153847,438.2253846153847
MAT0468,BATERIA 6V 4A/HORA RECARGABLE MARCA ROCKET,[NO MATCH],164.18738461538462,164.18738461538462
MAT1640,LAMP. EMERG CAJA PLAST 2FARO/P/SOBREPONE 2X9 CONDEPLAS,[NO MATCH],534.4015384615384,534.4015384615384
MAT0673,"CAJA METALICA P/EMPOTRA FRENTE DE LAMPARA D=19cmX25,5cm",[NO MATCH],68.21446153846153,68.21446153846153
MAT2167,REJILLA PROTECTORA P/LA EMPOTRADA GRIS CLAR MOD: R3-S,[NO MATCH],22.94738461538461,22.94738461538461
MAT2166,REJILLA PROTECTORA P/LA EMERG SUPERFICIAL MOD: R1-S,[NO MATCH],56.94446153846154,56.94446153846154
MAT2168,REJILLA PROTECTORA P/LA SUPERFICIAL CROMADA MOD: R2-S,[NO MATCH],120.57461538461538,120.57461538461538
MAT1702,LUMINARIA (VACIA) INCANDESC. PARED VAPOLETA C/BOMB 100W,[NO MATCH],427.3481538461539,427.3481538461539
MAT1703,LUMINARIA (VACIA) INCANDESC. TECHO VAPOLETA C/BOMB 100W,[NO MATCH],431.684,431.684
MAT0903,"CODO H.G. 90° D=2""",[NO MATCH],42.31292307692308,42.31292307692308
MAT0067,"ABRAZADERA COLGANTE TIPO ""A"", D=2""","[FUZZY] ABRAZADERA COLGANTE D = 2""",13.513076923076923,5.76
MAT2944,"TUBO H.G. ISO D=2"" L= 6.40 m",[NO MATCH],68.69476923076923,68.69476923076923
MAT2485,"TEE H.G. D=2""","[FUZZY] TEE HG  D=2""",59.86492307692308,12.13
MAT0375,"ANILLO H.G. D=3""","[FUZZY] ANILLO HG  D=3""",69.26784615384615,27.55
MAT0068,"ABRAZADERA COLGANTE TIPO ""A"", D=3""","[FUZZY] ABRAZADERA COLGANTE D = 3""",17.968153846153847,8.81
MAT2486,"TEE H.G. D=3""","[FUZZY] TEE HG  D=3""",133.52076923076925,36.34
MAT0904,"CODO H.G. 90° D=3""",[NO MATCH],120.04323076923076,120.04323076923076
MAT0368,"ANILLO H.G. D= 1/2""","[FUZZY] ANILLO HG  D=1/2""",5.014923076923077,2.18
MAT0902,"CODO H.G. 90° D=1/2""",[NO MATCH],5.737846153846154,5.737846153846154
MAT2941,"TUBO H.G. ISO D= 1/2"" L= 6.40 m",[NO MATCH],17.645076923076925,17.645076923076925
MAT2483,"TEE H.G. D=1/2""","[FUZZY] TEE HG  D=1/2""",8.149076923076924,3.28
MAT2482,"TEE H.G. D=1""","[FUZZY] TEE HG  D=1""",20.05938461538461,7.59
MAT0899,"CODO H.G. 90° D=1""",[NO MATCH],14.104307692307692,14.104307692307692
MAT2940,"TUBO H.G. ISO D= 1"" L= 6.40 m",[NO MATCH],33.690769230769234,33.690769230769234
MAT0370,"ANILLO H.G. D=1""","[FUZZY] ANILLO HG  D=1""",11.596923076923076,5.54
MAT2481,"TEE H.G. D=1 1/4""","[FUZZY] TEE HG  D=1 1/4""",29.462307692307693,7.69
MAT2943,"TUBO H.G. ISO D=1-1/4"" L= 6.40 m",[NO MATCH],42.94292307692308,42.94292307692308
MAT0372,"ANILLO H.G. D=1-1/4""","[FUZZY] ANILLO HG  D=1 1/4""",14.104307692307692,7.69
MAT0901,"CODO H.G. 90° D=1-1/4""",[NO MATCH],18.805692307692308,18.805692307692308
MAT0900,"CODO H.G. 90° D=1-1/2""",[NO MATCH],26.328,26.328
MAT2942,"TUBO H.G. ISO D=1-1/2"" L= 6.40 m",[NO MATCH],53.59092307692308,53.59092307692308
MAT2480,"TEE H.G. D=1 1/2""","[FUZZY] TEE HG  D=1 1/2""",37.61153846153846,8.81
MAT0371,"ANILLO H.G. D=1-1/2""","[FUZZY] ANILLO HG  D=1 1/2""",20.999692307692307,8.01
MAT0907,"CODO H.G.90° D=2-1/2""",[NO MATCH],79.29753846153847,79.29753846153847
MAT0374,"ANILLO H.G. D=2-1/2""","[FUZZY] ANILLO HG  D=2 1/2""",53.5963076923077,20.91
MAT2484,"TEE H.G. D=2 1/2""","[FUZZY] TEE HG  D=2 1/2""",96.84953846153849,16.5
MAT2945,"TUBO H.G. ISO D=2-1/2"" L= 6.40 m",[NO MATCH],105.37769230769231,105.37769230769231
MAT0376,"ANILLO H.G. D=4""","[FUZZY] ANILLO HG  D=4""",124.74476923076922,49.54
MAT0906,"CODO H.G. 90° D=4""",[NO MATCH],153.58015384615382,153.58015384615382
MAT2488,"TEE H.G. D=4""","[FUZZY] TEE HG  D=4""",249.4893846153846,47.38
MAT2948,"TUBO H.G. ISO D=4"" L= 6.40 m",[NO MATCH],186.95846153846156,186.95846153846156
MAT0385,"ANILLO H.G. REDUCIDO 2 X 1 1/2""","[FUZZY] ANILLOS HG REDUCIDOS D=2"" X 1 1/2""",27.581692307692308,13.22
MAT0384,"ANILLO H.G. REDUCIDO 2 1/2"" X 2""","[FUZZY] ANILLOS HG REDUCIDOS D=2 1/2  X 2""",50.14861538461538,19.84
MAT0386,"ANILLO H.G. REDUCIDO 3 X 2-1/2""",[NO MATCH],78.35723076923077,78.35723076923077
MAT0387,"ANILLO H.G. REDUCIDO 4 X 3""",[NO MATCH],144.1772307692308,144.1772307692308
MAT2954,"TUBO HG ASTM D=2"" L= 6.40 m",[NO MATCH],88.39384615384616,88.39384615384616
MAT2955,"TUBO HG ASTM D=2-1/2"" L= 6.40 m",[NO MATCH],139.89815384615383,139.89815384615383
MAT2956,"TUBO HG ASTM D=3"" L= 6.40 m",[NO MATCH],182.69892307692308,182.69892307692308
MAT2949,"TUBO HG ASTM D= 4"" L= 6.40 m",[NO MATCH],264.74753846153845,264.74753846153845
MAT0070,"ABRAZADERA COLGANTE TIPO ""A"", D=4""","[FUZZY] ABRAZADERA COLGANTE D = 4""",24.36769230769231,13.43
MAT2953,"TUBO HG ASTM D=1/2"" L= 6.40 m",[NO MATCH],23.837384615384615,23.837384615384615
MAT2957,"TUBO HG ASTM D=3/4"" L= 6.40 m",[NO MATCH],29.46538461538461,29.46538461538461
MAT2950,"TUBO HG ASTM D=1"" L= 6.40 m",[NO MATCH],41.21769230769231,41.21769230769231
MAT2952,"TUBO HG ASTM D=1-1/4"" L= 6.40 m",[NO MATCH],55.40553846153846,55.40553846153846
MAT2951,"TUBO HG ASTM D=1-1/2"" L= 6.40 m",[NO MATCH],66.00292307692307,66.00292307692307
MAT1665,LIMPIADOR REMOVEDOR PAVCO (ENV. 760 Grms.),[NO MATCH],77.59015384615384,77.59015384615384
MAT2354,SOLDADURA LIQUIDA PVC-PAVCO A/F ENV. 1/4 Gal,[NO MATCH],51.744,51.744
MAT0851,"CODO 90° PVC PRESION A/F ASTM D=2""",[NO MATCH],16.14523076923077,16.14523076923077
MAT3005,"TUBO PVC ExE AGUA FRIA ASTM D=2"" L=6,00 m",[NO MATCH],24.10876923076923,24.10876923076923
MAT3080,"UNION PVC PRESION A/F ASTM D=2""",[NO MATCH],7.374769230769231,7.374769230769231
MAT2541,"TEE PVC PRESION A/F ASTM D=2""",[NO MATCH],21.74523076923077,21.74523076923077
MAT3081,"UNION PVC PRESION A/F ASTM D=2-1/2""",[NO MATCH],23.003076923076925,23.003076923076925
MAT0852,"CODO 90° PVC PRESION A/F ASTM D=2-1/2""",[NO MATCH],43.09415384615384,43.09415384615384
MAT2542,"TEE PVC PRESION A/F ASTM D=2-1/2""",[NO MATCH],43.07692307692308,43.07692307692308
MAT3006,"TUBO PVC ExE AGUA FRIA ASTM D=2-1/2"" L=6,00 m",[NO MATCH],28.436461538461536,28.436461538461536
MAT0853,"CODO 90° PVC PRESION A/F ASTM D=3""",[NO MATCH],56.74092307692308,56.74092307692308
MAT3007,"TUBO PVC ExE AGUA FRIA ASTM D=3"" L=6,00 m",[NO MATCH],39.96107692307692,39.96107692307692
MAT2543,"TEE PVC PRESION A/F ASTM D=3""",[NO MATCH],87.75630769230769,87.75630769230769
MAT3082,"UNION PVC PRESION A/F ASTM D=3""",[NO MATCH],26.13907692307692,26.13907692307692
MAT3009,"TUBO PVC ExE AGUA FRIA ASTM D=4"" L=6,00 m",[NO MATCH],72.57307692307693,72.57307692307693
MAT0855,"CODO 90° PVC PRESION A/F ASTM D=4""",[NO MATCH],104.7803076923077,104.7803076923077
MAT2545,"TEE PVC PRESION A/F ASTM D=4""",[NO MATCH],147.11630769230769,147.11630769230769
MAT3084,"UNION PVC PRESION A/F ASTM D=4""",[NO MATCH],53.29476923076923,53.29476923076923
MAT3079,"UNION PVC PRESION A/F ASTM D=1/2""",[NO MATCH],0.8615384615384616,0.8615384615384616
MAT3003,"TUBO PVC ExE AGUA FRIA ASTM D=1/2"" L=6,00 m",[NO MATCH],4.933692307692308,4.933692307692308
MAT2540,"TEE PVC PRESION A/F ASTM D=1/2""",[NO MATCH],1.4646153846153849,1.4646153846153849
MAT0850,"CODO 90° PVC PRESION A/F ASTM D=1/2""",[NO MATCH],1.188923076923077,1.188923076923077
MAT3083,"UNION PVC PRESION A/F ASTM D=3/4""",[NO MATCH],1.3095384615384615,1.3095384615384615
MAT2544,"TEE PVC PRESION A/F ASTM D=3/4""",[NO MATCH],2.429538461538461,2.429538461538461
MAT3008,"TUBO PVC ExE AGUA FRIA ASTM D=3/4"" L=6,00 m",[NO MATCH],6.458615384615385,6.458615384615385
MAT0854,"CODO 90° PVC PRESION A/F ASTM D=3/4""",[NO MATCH],1.7747692307692309,1.7747692307692309
MAT3020,"TUBO PVC ExE A. CALIENTE CPVC D=1"" P=100 PSI L=3.00 m",[NO MATCH],25.851846153846157,25.851846153846157
MAT3085,"UNION PVC PRESION AGUA CALIENTE CPVC D=1""",[NO MATCH],10.872615384615385,10.872615384615385
MAT0847,"CODO 90° PVC PRESION A/C CPVC D=1""",[NO MATCH],7.529846153846154,7.529846153846154
MAT2537,"TEE PVC PRESION A/C CPVC D=1""",[NO MATCH],14.387692307692308,14.387692307692308
MAT2353,SOLDADURA LIQUIDA CPVC-PAVCO A/C ENV. 1/4 Gal,[NO MATCH],49.71076923076923,49.71076923076923
MAT0825,"CODO 90° PVC ASTM D= 1 1/4"" PRESION AGUA FRIA",[NO MATCH],6.153538461538462,6.153538461538462
MAT3069,"UNION PVC ASTM D=1 1/4"" PRESION AGUA FRIA",[NO MATCH],3.225692307692308,3.225692307692308
MAT3019,"TUBO PVC E-E D=1-1/4"" PRES.AGUA FRIA ASTM L=6.00 m",[NO MATCH],61.733230769230765,61.733230769230765
MAT2515,"TEE PVC ASTM D= 1 1/4"" PRESION AGUA FRIA",[NO MATCH],8.05476923076923,8.05476923076923
MAT3002,"TUBO PVC ExE AGUA FRIA ASTM D=1-1/2"" L=6,00 m",[NO MATCH],14.79553846153846,14.79553846153846
MAT3078,"UNION PVC PRESION A/F ASTM D=1-1/2""",[NO MATCH],5.910153846153847,5.910153846153847
MAT0849,"CODO 90° PVC PRESION A/F ASTM D=1-1/2""",[NO MATCH],7.719384615384615,7.719384615384615
MAT2539,"TEE PVC PRESION A/F ASTM D=1-1/2""",[NO MATCH],13.935384615384615,13.935384615384615
MAT0163,"ADAPTADOR HEMBRA ROSCA PVC NPT CONDUIT ASTM D=2""",[NO MATCH],11.16553846153846,11.16553846153846
MAT2152,"REDUCCION SOLDADA PVC PRESION A/F ASTM D=4""x3""",[NO MATCH],29.96123076923077,29.96123076923077
MAT2151,"REDUCCION SOLDADA PVC PRESION A/F ASTM D=3""x2-1/2""",[NO MATCH],18.65138461538461,18.65138461538461
MAT2150,"REDUCCION SOLDADA PVC PRESION A/F ASTM D=2-1/2""x2""",[NO MATCH],9.347692307692308,9.347692307692308
MAT3109,"UNION UNIVERSAL PRESION A/C CPVC D= 1/2""",[NO MATCH],25.76,25.76
MAT3021,"TUBO PVC ExE A. CALIENTE CPVC D=1/2"" P=100 PSI L=3.00 m",[NO MATCH],11.446923076923076,11.446923076923076
MAT2535,"TEE PVC PRESION A/C ASTM D=1/2""",[NO MATCH],5.031384615384615,5.031384615384615
MAT0848,"CODO 90° PVC PRESION A/C CPVC D=1/2""",[NO MATCH],3.5495384615384613,3.5495384615384613
MAT3022,"TUBO PVC ExE A. CALIENTE CPVC D=3/4"" P=100 PSI L=3.00 m",[NO MATCH],17.701692307692305,17.701692307692305
MAT3110,"UNION UNIVERSAL PRESION A/C CPVC D= 3/4""",[NO MATCH],28.43076923076923,28.43076923076923
MAT3076,"UNION PVC PRESION A/C ASTM D=3/4""",[NO MATCH],3.5667692307692307,3.5667692307692307
MAT2536,"TEE PVC PRESION A/C ASTM D=3/4""",[NO MATCH],7.684923076923076,7.684923076923076
MAT0846,"CODO 90° PVC PRESION A/C CPVC D= 3/4""",[NO MATCH],6.702769230769231,6.702769230769231
MAT3077,"UNION PVC PRESION A/F ASTM D=1""",[NO MATCH],2.324923076923077,2.324923076923077
MAT2538,"TEE PVC PRESION A/F ASTM D=1""",[NO MATCH],4.084153846153846,4.084153846153846
MAT3001,"TUBO PVC ExE AGUA FRIA ASTM D=1"" L=6,00 m",[NO MATCH],8.440153846153846,8.440153846153846
MAT0823,"CODO 90° PVC PRESION A/F ASTM D=1""",[NO MATCH],4.872307692307692,4.872307692307692
MAT2922,"TUBO H.F. 1 CAMPANA 2"" x 3 m.","[FUZZY] TUBO HF 1 CAMPANA D=2"" X 3 M",112.15076923076924,50.81
MAT3190,YEE H.F. 2 C/CAMPANA,"[FUZZY] YEE HF 2""  C/CAMPANA",130.23107692307693,31.95
MAT1345,ESTOPA PARA CALAFATEO IMPORTADA PESO=24 Kgf/paquete,[NO MATCH],8.712461538461538,8.712461538461538
MAT2035,PLOMO EN LINGOTES PESO=25 Kgf/Lingote,[NO MATCH],3.209384615384616,3.209384615384616
MAT3191,YEE H.F. 3 C/CAMPANA,"[FUZZY] YEE HF 3""  C/CAMPANA",243.02892307692304,35.23
MAT2924,"TUBO H.F. 1 CAMPANA 3"" L= 3.00 m",[NO MATCH],380.3926153846154,380.3926153846154
MAT2926,"TUBO H.F. 1 CAMPANA 4"" L= 3.00 m",[NO MATCH],501.9807692307692,501.9807692307692
MAT3192,YEE H.F. 4 C/CAMPANA,"[FUZZY] YEE HF 4""  C/CAMPANA",347.24123076923075,52.95
MAT2927,"TUBO H.F. 1 CAMPANA 6"" L= 3.00 m",[NO MATCH],732.9143076923077,732.9143076923077
MAT0071,"ABRAZADERA COLGANTE TIPO ""A"", D=6""","[FUZZY] ABRAZADERA COLGANTE EMT D = 6""",42.16353846153847,17.1
MAT3195,"YEE H.F. 6 x 4"" C/CAMPANA","[FUZZY] YEE HF 6"" X 4"" C/CAMPANA",651.11,99.8
MAT2475,"TEE H.F. CON REGISTRO D=2"" C/CAMPANA",[NO MATCH],102.96076923076924,102.96076923076924
MAT0892,"CODO H.F. 90° D=2"" C/CAMPANA","[FUZZY] CODO HF 90 GRADOS D =  2"" C/CAMPANA",93.1206153846154,23.12
MAT2471,"TEE H.F. 2"" C/CAMPANA","[FUZZY] YEE HF 2""  C/CAMPANA",153.36153846153846,31.95
MAT2476,"TEE H.F. CON REGISTRO D=3"" C/CAMPANA",[NO MATCH],250.27138461538465,250.27138461538465
MAT0893,"CODO H.F. 90° D=3"" C/CAMPANA","[FUZZY] CODO HF 90 GRADOS D =  3"" C/CAMPANA",167.70784615384616,36.51
MAT2473,"TEE H.F. 3"" C/CAMPANA","[FUZZY] TEE  HF 3"" C/CAMPANA",234.5507692307692,42.94
MAT2477,"TEE H.F. CON REGISTRO D=4"" C/CAMPANA",[NO MATCH],349.55415384615384,349.55415384615384
MAT3194,"YEE H.F. 4 x 3"" C/CAMPANA",[NO MATCH],286.5381538461538,286.5381538461538
MAT0894,"CODO H.F. 90° D=4"" C/CAMPANA","[FUZZY] CODO HF 90 GRADOS D =  4"" C/CAMPANA",279.4355384615385,46.28
MAT2474,"TEE H.F. 4"" C/CAMPANA","[FUZZY] YEE HF 4""  C/CAMPANA",360.86107692307695,52.95
MAT0121,"ABRAZADERA TIPO ""U"", D=6""",[NO MATCH],29.152153846153848,29.152153846153848
MAT0895,"CODO H.F. 90° D=6"" C/CAMPANA",[NO MATCH],549.8553846153845,549.8553846153845
MAT2478,"TEE H.F. CON REGISTRO D=6"" C/CAMPANA",[NO MATCH],524.3312307692307,524.3312307692307
MAT2479,"TEE H.F. REDUCIDA D=6"" x 4"" C/CAMPANA",[NO MATCH],468.94738461538464,468.94738461538464
MAT2822,"TUBO CONC. JTA/MORTER.D=6"" C-2 INOS L=1.15 m P=33kgf/m",[NO MATCH],11.68353846153846,11.68353846153846
MAT2823,"TUBO CONC. JTA/MORTER.D=8"" C-2 INOS L=1.22 m P=48kgf/m",[NO MATCH],16.91046153846154,16.91046153846154
MAT2821,"TUBO CONC. JTA/MORTER.D=10"" C-2 INOS L=1.22m P=68 kgf/m",[NO MATCH],23.98215384615385,23.98215384615385
MAT2850,"TUBO CONC.JTA/MORTER.D=12"" C-2 INOS L=1.22 m P=104kgf/m",[NO MATCH],33.82092307692308,33.82092307692308
MAT3203,"YEE PVC P/AGUAS NEGRAS D=2""",[NO MATCH],4.088307692307692,4.088307692307692
MAT3010,"TUBO PVC AN NORMAL 2"" L= 3.00 m",[NO MATCH],5.667538461538461,5.667538461538461
MAT3204,"YEE PVC P/AGUAS NEGRAS D=3""",[NO MATCH],7.192615384615384,7.192615384615384
MAT3011,"TUBO PVC AN NORMAL 3"" L= 3.00 m",[NO MATCH],8.585076923076922,8.585076923076922
MAT2529,"TEE PVC P/AGUAS NEGRAS D=2""",[NO MATCH],3.626615384615385,3.626615384615385
MAT0912,"CODO PVC AGUAS NEGRAS 45° D=2""",[NO MATCH],2.5412307692307694,2.5412307692307694
MAT0913,"CODO PVC AGUAS NEGRAS 45° D=3""",[NO MATCH],5.203384615384616,5.203384615384616
MAT2530,"TEE PVC P/AGUAS NEGRAS D=3""",[NO MATCH],8.29676923076923,8.29676923076923
MAT3015,"TUBO PVC AN TIPO REFORZADO D=2"" L=3.00m e=3.20mm",[NO MATCH],9.679538461538462,9.679538461538462
MAT3016,"TUBO PVC AN TIPO REFORZADO D=3"" L=3.00m e=3.20mm",[NO MATCH],14.86030769230769,14.86030769230769
MAT3017,"TUBO PVC AN TIPO REFORZADO D=4"" L=3.00m e=3.20mm",[NO MATCH],22.11492307692308,22.11492307692308
MAT2531,"TEE PVC P/AGUAS NEGRAS D=3"" x 2""",[NO MATCH],7.399692307692308,7.399692307692308
MAT3205,"YEE PVC P/AGUAS NEGRAS D=4 x 3""",[NO MATCH],13.641692307692308,13.641692307692308
MAT2532,"TEE PVC P/AGUAS NEGRAS D=4""",[NO MATCH],16.966615384615384,16.966615384615384
MAT2910,"TUBO DE VENTILACION H.G.ISO. D= 1-1/2"" L= 6.40 m",[NO MATCH],53.59092307692308,53.59092307692308
MAT2911,"TUBO DE VENTILACION H.G.ISO. D= 2"" L= 6.40 m",[NO MATCH],68.69476923076923,68.69476923076923
MAT0897,"CODO H.G. 45° D=2""","[FUZZY] CODO  HF  45º  D=2""",37.61153846153846,19.07
MAT2912,"TUBO DE VENTILACION H.G.ISO. D= 2-1/2"" L= 6.40 m",[NO MATCH],105.37769230769231,105.37769230769231
MAT2913,"TUBO DE VENTILACION H.G.ISO. D= 3"" L= 6.40 m",[NO MATCH],130.5353846153846,130.5353846153846
MAT2122,REDUCCION DUCTO PARA BASURA 400x160mm,[NO MATCH],174.96123076923075,174.96123076923075
MAT0361,"ANILLO DE GOMA SELLOFLEX 6""","[EXACT DESC] ANILLO DE GOMA SELLOFLEX 6""",4.355692307692308,30.85
MAT2359,SOMBRERO DE VENTILACION DUCTO PARA BASURA,[NO MATCH],94.92430769230768,94.92430769230768
MAT3013,"TUBO PVC AN NORMAL 6"" L= 3.00 m",[NO MATCH],33.10738461538462,33.10738461538462
MAT2533,"TEE PVC P/AGUAS NEGRAS D=4"" x 3""",[NO MATCH],10.077692307692306,10.077692307692306
MAT1251,DUCTO EXT P/BASURA C/BOCA D=400mmx1.42m,[NO MATCH],580.1944615384615,580.1944615384615
MAT1252,DUCTO EXTENSION P/BASURA D=400mmx1.82m,[NO MATCH],400.08123076923073,400.08123076923073
MAT0094,ABRAZADERA PARA DUCTO DE BASURA D= 400mm,[FUZZY] ABRAZADERA PARA DUCTO DE BASURA DE 400 M,119.37476923076925,8.81
MAT2740,"TUBERIA ACERO D=1/2"" SCH40 ASTM-A53 G-B S/COSTURA",[NO MATCH],259.9336923076923,259.9336923076923
MAT3059,"UNION DE H-N P/ROSCAR D= 1/2"" A-197SCHEDULE 40",[NO MATCH],108.39492307692308,108.39492307692308
MAT2466,"TEE DE H-N P/ROSCAR D= 1/2"" A-197 SCHEDULE 40",[NO MATCH],35.80215384615384,35.80215384615384
MAT1804,"MECHA TE-C+ HILTI 3/8"" X 6""",[NO MATCH],81.2103076923077,81.2103076923077
MAT0869,"CODO 90º H-N P/ROSCAR D= 1/2"" A-197 SCHEDULE 40",[NO MATCH],23.10984615384616,23.10984615384616
MAT0069,"ABRAZADERA COLGANTE TIPO ""A"", D=3/4""","[FUZZY] ABRAZADERA COLGANTE D = 3/4""",5.907384615384616,4.41
MAT3062,"UNION DE H-N P/ROSCAR D= 3/4"" A-197 SCHEDULE 40",[NO MATCH],124.71446153846152,124.71446153846152
MAT2742,"TUBERIA ACERO D=3/4"" SCH 40 ASTM-A53 G-B S/COSTURA",[NO MATCH],391.3064615384615,391.3064615384615
MAT2469,"TEE DE H-N P/ROSCAR D= 3/4"" A-197 SCHEDULE 40",[NO MATCH],60.69707692307692,60.69707692307692
MAT0824,"CODO 90° DE H-N P/ROSCAR D= 3/4"" A-197 SCHEDULE 40",[NO MATCH],27.933076923076925,27.933076923076925
MAT2731,"TUBERIA ACERO D= 1"" SCH 40 ASTM-A53 G-B S/COSTURA",[NO MATCH],509.4429230769231,509.4429230769231
MAT0065,"ABRAZADERA COLGANTE TIPO ""A"", D=1""","[FUZZY] ABRAZADERA COLGANTE D = 1""",7.138000000000001,4.97
MAT2463,"TEE DE H-N P/ROSCAR D= 1"" A-197 SCHEDULE 40",[NO MATCH],80.16815384615386,80.16815384615386
MAT0863,"CODO 90º DE H-N P/ROSCAR D= 1"" A-197 SCHEDULE 40",[NO MATCH],53.83169230769231,53.83169230769231
MAT3056,"UNION DE H-N P/ROSCAR D= 1"" A-197 SCHEDULE 40",[NO MATCH],143.8026153846154,143.8026153846154
MAT2465,"TEE DE H-N P/ROSCAR D= 1-1/4"" A-197 SCHEDULE 40",[NO MATCH],53.878,53.878
MAT2739,"TUBERIA ACERO D=1-1/4"" SCH40 ASTM-A53 G-B S/COSTURA",[NO MATCH],720.6664615384616,720.6664615384616
MAT0066,"ABRAZADERA COLGANTE TIPO ""A"", D=1-1/2""",[NO MATCH],7.654923076923077,7.654923076923077
MAT0865,"CODO 90º DE H-N P/ROSCAR D= 1-1/4"" A-197 SCHEDULE 40",[NO MATCH],81.61938461538462,81.61938461538462
MAT3058,"UNION DE H-N P/ROSCAR D= 1-1/4"" A-197 SCHEDULE 40",[NO MATCH],143.67492307692308,143.67492307692308
MAT3057,"UNION DE H-N P/ROSCAR D= 1-1/2"" A-197 SCHEDULE 40",[NO MATCH],273.94784615384617,273.94784615384617
MAT2738,"TUBERIA ACERO D=1-1/2"" SCH40 ASTM-A53 G-B S/COSTURA",[NO MATCH],999.9350769230768,999.9350769230768
MAT2464,"TEE DE H-N P/ROSCAR D= 1-1/2"" A-197 SCHEDULE 40",[NO MATCH],46.63569230769231,46.63569230769231
MAT0864,"CODO 90º DE H-N P/ROSCAR D= 1-1/2"" A-197 SCHEDULE 40",[NO MATCH],108.31123076923076,108.31123076923076
MAT3060,"UNION DE H-N P/ROSCAR D= 2"" A-197 SCHEDULE 40",[NO MATCH],287.86753846153846,287.86753846153846
MAT2732,"TUBERIA ACERO D= 2"" SCH 40 ASTM-A53 G-B S/COSTURA",[NO MATCH],1412.402,1412.402
MAT2467,"TEE DE H-N P/ROSCAR D= 2"" A-197 SCHEDULE 40",[NO MATCH],138.0276923076923,138.0276923076923
MAT0866,"CODO 90º DE H-N P/ROSCAR D= 2"" A-197 SCHEDULE 40",[NO MATCH],170.22984615384615,170.22984615384615
MAT2741,"TUBERIA ACERO D=2-1/2"" SCH 40 ASTM-A53 G-B S/COSTURA",[NO MATCH],2197.7686153846157,2197.7686153846157
MAT3061,"UNION DE H-N P/ROSCAR D= 2-1/2"" A-197 SCHEDULE 40",[NO MATCH],474.2070769230769,474.2070769230769
MAT2468,"TEE DE H-N P/ROSCAR D= 2-1/2"" A-197 SCHEDULE 40",[NO MATCH],332.51584615384616,332.51584615384616
MAT1802,"MECHA TE-C+ HILTI 1/2"" X 6""",[NO MATCH],114.35,114.35
MAT0867,"CODO 90º DE H-N P/ROSCAR D= 2-1/2"" A-197 SCHEDULE 40",[NO MATCH],264.7415384615385,264.7415384615385
MAT0884,"CODO DE ACERO P/SOLDAR D= 1/2"" WBP A-234 SCHEDULE 40",[NO MATCH],99.22969230769232,99.22969230769232
MAT2458,"TEE DE ACERO P/SOLDAR D= 1/2"" WBP A-234 SCHEDULE 40",[NO MATCH],149.53184615384615,149.53184615384615
MAT2462,"TEE DE ACERO P/SOLDAR D= 3/4"" WBP A-234 SCHEDULE 40",[NO MATCH],220.06630769230767,220.06630769230767
MAT0888,"CODO DE ACERO P/SOLDAR D= 3/4"" WBP A-234 SCHEDULE 40",[NO MATCH],109.1836923076923,109.1836923076923
MAT2455,"TEE DE ACERO P/SOLDAR D= 1"" WBP A-234 SCHEDULE 40",[NO MATCH],220.06630769230767,220.06630769230767
MAT0881,"CODO DE ACERO P/SOLDAR D= 1"" WBP A-234 SCHEDULE 40",[NO MATCH],115.6913846153846,115.6913846153846
MAT2457,"TEE DE ACERO P/SOLDAR D= 1-1/4"" WBP A-234 SCHEDULE 40",[NO MATCH],290.6293846153846,290.6293846153846
MAT0883,"CODO DE ACERO P/SOLDAR D= 1-1/4"" WBP A-234 SCHEDULE40",[NO MATCH],123.80384615384617,123.80384615384617
MAT2456,"TEE DE ACERO P/SOLDAR D= 1-1/2"" WBP A-234 SCHEDULE40",[NO MATCH],297.2909230769231,297.2909230769231
MAT0882,"CODO DE ACERO P/SOLDAR D= 1-1/2"" WBP A-234 SCHEDULE40",[NO MATCH],248.5058461538461,248.5058461538461
MAT2459,"TEE DE ACERO P/SOLDAR D= 2"" WBP A-234 SCHEDULE 40",[NO MATCH],349.4286153846154,349.4286153846154
MAT0885,"CODO DE ACERO P/SOLDAR D= 2"" WBP A-234 SCHEDULE 40",[NO MATCH],291.1213846153846,291.1213846153846
MAT2460,"TEE DE ACERO P/SOLDAR D= 2-1/2"" WBP A-234 SCHEDULE 40",[NO MATCH],571.266923076923,571.266923076923
MAT0886,"CODO DE ACERO P/SOLDAR D= 2-1/2"" WBP A-234 SCHEDULE 40",[NO MATCH],345.8629230769231,345.8629230769231
MAT2461,"TEE DE ACERO P/SOLDAR D= 3"" WBP A-234 SCHEDULE 40",[NO MATCH],714.0836923076923,714.0836923076923
MAT2733,"TUBERIA ACERO D= 3"" SCH40 ASTM-A53 G-B S/COSTURA",[NO MATCH],3016.406307692308,3016.406307692308
MAT0887,"CODO DE ACERO P/SOLDAR D= 3"" WBP A-234 SCHEDULE 40",[NO MATCH],560.1926153846154,560.1926153846154
MAT0458,"BARRA ROSCADA GALVANIZADA 5/8"" L= 2.00 m",[NO MATCH],21.896461538461537,21.896461538461537
MAT2109,"RAMPLUG HILTI HDI D=5/8"" ROSCA INTERNA",[NO MATCH],38.412615384615385,38.412615384615385
MAT1805,"MECHA TE-C+ HILTI 5/8"" X 8""",[NO MATCH],257.30492307692305,257.30492307692305
MAT0889,"CODO DE ACERO P/SOLDAR D= 6"" WBP A-234 SCHEDULE 40",[NO MATCH],2037.9024615384617,2037.9024615384617
MAT2734,"TUBERIA ACERO D= 4"" SCH40 ASTM-A53 G-B S/COSTURA",[NO MATCH],4255.4055384615385,4255.4055384615385
MAT2736,"TUBERIA ACERO D= 6"" SCH40 ASTM-A53 G-B S/COSTURA",[NO MATCH],8486.316307692308,8486.316307692308
MAT2107,"RAMPLUG HILTI HDI D=3/4"" ROSCA INTERNA",[NO MATCH],45.71769230769231,45.71769230769231
MAT1803,"MECHA TE-C+ HILTI 3/4"" X 12""",[NO MATCH],278.7424615384615,278.7424615384615
MAT0456,"BARRA ROSCADA GALVANIZADA 3/4"" L= 1.00 m",[NO MATCH],54.22723076923077,54.22723076923077
MAT0890,"CODO DE ACERO P/SOLDAR D= 8"" WBP A-234 SCHEDULE 40",[NO MATCH],3025.731846153846,3025.731846153846
MAT0072,"ABRAZADERA COLGANTE TIPO ""A"", D=8""","[FUZZY] ABRAZADERA COLGANTE D = 8""",51.93523076923077,27.55
MAT2737,"TUBERIA ACERO D= 8"" SCH40 ASTM-A53 G-B S/COSTURA",[NO MATCH],11472.104,11472.104
MAT2507,"TEE H.G. REDUCIDA D=3/4"" x 1/2""","[FUZZY] TEE HG  REDUCIDA D=3/4"" X 1/2""",12.850615384615384,3.28
MAT2412,"TAPA H.G. D=1/2""","[FUZZY] TAPA HG  D=1/2""",3.761076923076923,1.18
MAT0383,"ANILLO H.G. REDUCIDO 1-1/2"" X 3/4""",[NO MATCH],18.17892307692308,18.17892307692308
MAT2411,"TAPA H.G. D=1 1/4""","[FUZZY] TAPA HG  D=1 1/4""",10.97,2.96
MAT2501,"TEE H.G. REDUCIDA D=1-1/2""x 1-1/4""","[FUZZY] TEE HG REDUCIDA DE 1 1/2""  X 1 1/4""",37.61153846153846,9.88
MAT2572,"TEE REDUCIDA PVC PRESION A/F ASTM D=3/4""x1/2""",[NO MATCH],3.3772307692307693,3.3772307692307693
MAT2449,"TAPON SOLDADO PVC PRESION A/F ASTM D=1/2""",[NO MATCH],0.7581538461538462,0.7581538461538462
MAT2149,"REDUCCION SOLDADA PVC PRESION A/F ASTM D=1-1/2""x3/4""",[NO MATCH],3.5503076923076926,3.5503076923076926
MAT2148,"REDUCCION PVC ASTM D=1-1/2""x1-1/4"" PRESION AGUA FRIA",[NO MATCH],2.7958461538461536,2.7958461538461536
MAT2448,"TAPON PVC ASTM SOLDADO D= 1 1/4"" PRESION AGUA FRIA",[NO MATCH],3.4890769230769227,3.4890769230769227
MAT2921,"TUBO H.F. 1 CAMPANA 2"" L= 1.00 m (MINITUBO)",[NO MATCH],243.58,243.58
MAT2472,"TEE H.F. 2"" x 2"" x 18"" C/CAMPANA","[FUZZY] TEE  HF 2"" X 2"" X 18"" C/CAMPANA",174.35,36.34
MAT0891,"CODO H.F. 45° D=2"" C/CAMPANA","[FUZZY] CODO HF 45º  D = 2"" C/CAMPANA",84.59507692307693,21.68
MAT2316,"SIFON H.F. D=2""","[FUZZY] SIFON DE HF  D=2""",127.47969230769232,36.34
MAT2923,"TUBO H.F. 1 CAMPANA 3"" L= 1,00 m (MINITUBO)",[NO MATCH],378.114,378.114
MAT2317,"SIFON H.F. D=3""","[FUZZY] SIFON DE HF  D=3""",223.1156923076923,71.97
MAT3193,"YEE H.F. 4 x 2"" C/CAMPANA",[NO MATCH],251.77415384615384,251.77415384615384
MAT2925,"TUBO H.F. 1 CAMPANA 4"" L= 1.00 m (MINITUBO)",[NO MATCH],416.6321538461538,416.6321538461538
MAT0367,"ANILLO H.F. REDUCIDO 4""x 2""","[FUZZY] ANILLO  HF REDUCCION 4"" X 2""",107.85784615384615,19.84
MAT2319,"SIFON PVC P/AGUAS NEGRAS D=2""",[NO MATCH],9.778307692307692,9.778307692307692
MAT0388,"ANILLO PVC P/AGUAS NEGRAS REDUCIDO 4 x 2""",[NO MATCH],5.793384615384615,5.793384615384615
MAT2432,"TAPON DE REGISTRO H.F. D = 4""","[FUZZY] TAPON DE REGISTRO  HF  D=4""",118.20861538461538,59.96
MAT3107,"UNION UNIVERSAL H.G. D=3/4""",[NO MATCH],31.342923076923075,31.342923076923075
MAT3100,"UNION UNIVERSAL H.G. D=1""","[FUZZY] UNION UNIVERSAL HG D = 1""",40.43230769230769,19.84
MAT1681,"LLAVE DE COMPUERTA D=1""",[NO MATCH],194.6893846153846,194.6893846153846
MAT3102,"UNION UNIVERSAL H.G. D=1-1/4""","[FUZZY] UNION UNIVERSAL HG D = 1 1/4""",56.41723076923077,22.02
MAT1683,"LLAVE DE COMPUERTA D=1-1/4""",[NO MATCH],352.6229230769231,352.6229230769231
MAT3101,"UNION UNIVERSAL H.G. D=1-1/2""","[FUZZY] UNION UNIVERSAL HG D = 1 1/2""",64.87984615384615,30.85
MAT1682,"LLAVE DE COMPUERTA D=1-1/2""",[NO MATCH],425.6595384615384,425.6595384615384
MAT3104,"UNION UNIVERSAL H.G. D=2""","[FUZZY] UNION UNIVERSAL HG D = 2""",99.04353846153846,33.09
MAT1685,"LLAVE DE COMPUERTA D=2""",[NO MATCH],556.8464615384615,556.8464615384615
MAT3105,"UNION UNIVERSAL H.G. D=2-1/2""","[FUZZY] UNION UNIVERSAL HG D = 2 1/2""",162.66953846153848,48.45
MAT1686,"LLAVE DE COMPUERTA D=2-1/2""",[NO MATCH],1271.8613846153846,1271.8613846153846
MAT3106,"UNION UNIVERSAL H.G. D=3""","[FUZZY] UNION UNIVERSAL HG D = 3""",233.44184615384611,60.63
MAT1687,"LLAVE DE COMPUERTA D=3""",[NO MATCH],1624.4843076923075,1624.4843076923075
MAT1678,"LLAVE DE BOLA (ESFERICA) D=3/4""",[NO MATCH],150.38415384615382,150.38415384615382
MAT1671,"LLAVE DE BOLA (ESFERICA) D=1""",[NO MATCH],243.19692307692307,243.19692307692307
MAT1673,"LLAVE DE BOLA (ESFERICA) D=1-1/4""",[NO MATCH],397.6136923076923,397.6136923076923
MAT1672,"LLAVE DE BOLA (ESFERICA) D=1-1/2""",[NO MATCH],559.8656923076923,559.8656923076923
MAT1675,"LLAVE DE BOLA (ESFERICA) D=2""",[NO MATCH],849.3107692307692,849.3107692307692
MAT1676,"LLAVE DE BOLA (ESFERICA) D=2-1/2""",[NO MATCH],1767.5349230769232,1767.5349230769232
MAT1677,"LLAVE DE BOLA (ESFERICA) D=3""",[NO MATCH],2175.5106153846154,2175.5106153846154
MAT3108,"UNION UNIVERSAL H.G. D=4""","[FUZZY] UNION UNIVERSAL HG D= 4""",601.7833846153845,121.22
MAT1679,"LLAVE DE BOLA (ESFERICA) D=4""",[NO MATCH],3898.836769230769,3898.836769230769
MAT3132,"VALVULA CHECK D=3/4""","[FUZZY] VALVULA CHECK D = 3/4""",125.13923076923078,24.26
MAT3124,"VALVULA CHECK D=1""","[FUZZY] VALVULA CHECK D = 1""",198.63369230769231,30.85
MAT3126,"VALVULA CHECK D=1-1/4""","[FUZZY] VALVULA CHECK D = 1 1/4""",346.11,69.41
MAT3125,"VALVULA CHECK D=1-1/2""",[NO MATCH],413.0990769230769,413.0990769230769
MAT3129,"VALVULA CHECK D=2""","[FUZZY] VALVULA CHECK D = 2""",630.3483076923077,74.95
MAT3130,"VALVULA CHECK D=2-1/2""","[FUZZY] VALVULA CHECK D=2 1/2""",1389.5573846153843,165.32
MAT3131,"VALVULA CHECK D=3""","[EXACT DESC] VALVULA CHECK  D=3""",2120.3893846153846,281.46
MAT3123,"VALVULA CHECK 3/4"" CON FILTRO","[FUZZY] VALVULA CHECK 3/4"" CON FILTRO (MARACA)",117.93076923076924,29.74
MAT3117,"VALVULA CHECK 1"" CON FILTRO(MARACA)","[FUZZY] VALVULA CHECK 1"" CON FILTRO (MARACA)",201.0,31.53
MAT3119,"VALVULA CHECK 1-1/4"" CON FILTRO (MARACA)","[FUZZY] VALVULA CHECK  1-1/4""  CON FILTRO (MARAC",349.216,71.65
MAT3118,"VALVULA CHECK 1-1/2"" CON FILTRO (MARACA)","[EXACT DESC] VALVULA CHECK 1-1/2"" CON FILTRO (MARACA)",417.2403076923077,51.84
MAT3120,"VALVULA CHECK 2"" CON FILTRO (MARACA)","[EXACT DESC] VALVULA CHECK 2"" CON FILTRO (MARACA)",635.8207692307692,77.13
MAT3121,"VALVULA CHECK 2-1/2"" CON FILTRO (MARACA)","[EXACT DESC] VALVULA CHECK 2-1/2"" CON FILTRO (MARACA)",1403.7558461538465,143.23
MAT3122,"VALVULA CHECK 3"" CON FILTRO (MARACA)","[EXACT DESC] VALVULA CHECK 3"" CON FILTRO (MARACA)",2135.4753846153844,319.57
MAT1403,"FLOTANTE DE BRONCE D=3/4""","[FUZZY] FLOTANTE MECANICO DE BRONCE D = 3/4""",83.18307692307691,41.85
MAT1398,"FLOTANTE DE BRONCE D=1""",[NO MATCH],128.42292307692307,128.42292307692307
MAT1399,"FLOTANTE DE BRONCE D=1-1/2""",[NO MATCH],334.1913846153846,334.1913846153846
MAT1401,"FLOTANTE DE BRONCE D=2""",[NO MATCH],577.9030769230769,577.9030769230769
MAT1402,"FLOTANTE DE BRONCE D=2-1/2""",[NO MATCH],651.4995384615385,651.4995384615385
MAT3150,"VALVULA TIPO FLOTANTE DE BRONCE D=3""","[FUZZY] VALVULA TIPO FLOTANTE DE BRONCE D = 3""",1068.9601538461538,170.8
MAT1680,"LLAVE DE BRONCE P/MANGUERA 1/2"" x 3/4""",[NO MATCH],91.7753846153846,91.7753846153846
MAT1669,"LLAVE CROMADO P/MANGUERA 1/2"" x 3/4""",[NO MATCH],105.03876923076923,105.03876923076923
MAT1812,"MEDIDOR DE FLUJO DE AGUA 3UM-20 D=3/4"" apto",[NO MATCH],158.91476923076922,158.91476923076922
MAT1811,"MEDIDOR DE AGUA 7MM25 D=1"" IMPORTADO",[NO MATCH],1384.8960000000002,1384.8960000000002
MAT2430,"TAPON DE REGISTRO H.F. D = 2""","[FUZZY] TAPON DE REGISTRO  HF  D=2""",44.19092307692308,23.12
MAT2431,"TAPON DE REGISTRO H.F. D = 3""","[FUZZY] TAPON DE REGISTRO  HF  D=3""",75.57507692307692,38.58
MAT2421,TAPA PARA BAJANTE DUCTO PARA BASURA,[NO MATCH],708.6843076923077,708.6843076923077
MAT2321,SIFON UNIVERSAL DE PLASTICO,[NO MATCH],19.322923076923075,19.322923076923075
MAT1191,DESAGÜE PLASTICO SENCILLO,[NO MATCH],31.708615384615385,31.708615384615385
MAT0360,"ANILLO DE GOMA SELLOFLEX 2""","[EXACT DESC] ANILLO DE GOMA SELLOFLEX 2""",1.7181538461538464,11.02
MAT2363,SOPORTE DE UÑAS P/LAVAMANOS,[FUZZY] SOPORTE DE LAVAMANOS,16.61953846153846,3.87
MAT1692,LLAVE SENCILLA P/LAVAMANOS CR. D=1/2,[NO MATCH],201.5295384615385,201.5295384615385
MAT0701,"CANILLA MET. FLEXIBLE 1/2"" x 5/8"" Para WC.",[NO MATCH],126.954,126.954
MAT1645,LAVAMANOS BLANCO,[NO MATCH],498.46153846153845,498.46153846153845
MAT2292,"ROSETA D= 1/2"" PARA W.C. Y LAVAMANOS","[FUZZY] ROSETA D=1/2"" PARA WC / LAVAMANOS",7.032615384615385,2.18
MAT1670,"LLAVE DE ARRESTO CROMADA D. M=1/2"" x H=1/2",[NO MATCH],147.45046153846155,147.45046153846155
MAT1649,LAVAMANOS SHELBY BLANCO P/COLGAR,[NO MATCH],516.7209230769231,516.7209230769231
MAT1464,"GRIFERIA LAV. 4"" LINEA BRONX M/ACRILICAS",[NO MATCH],485.6384615384615,485.6384615384615
MAT1465,"GRIFERIA LAVAMANOS CROMADO 4""",[NO MATCH],401.3330769230769,401.3330769230769
MAT2315,"SIFON CROMADO D= 1-1/4""",[NO MATCH],90.25230769230768,90.25230769230768
MAT1913,PEDESTAL PARA LAVAMANOS,[NO MATCH],160.5763076923077,160.5763076923077
MAT1190,DESAGÜE CROMADO P/LAVAMANOS O URINARIO,[NO MATCH],6.005846153846154,6.005846153846154
MAT0560,"BRIDA PLANA BRONCE 4"",SELLO DE CERA Y TORNILLOS","[FUZZY] BRIDA PLANA BRONCE 4"" SELLO CERA Y TORNI",425.4567692307692,14.31
MAT3184,W.C. CARABOBO COMPLETO COLOR PASTEL,[NO MATCH],461.1987692307692,461.1987692307692
MAT1859,"NIPLE DE H.G. 1/2"" X 2""",[NO MATCH],14.66153846153846,14.66153846153846
MAT3188,W.C. KINGSTON VENCERAMICA,[NO MATCH],1462.0876923076924,1462.0876923076924
MAT3187,W.C. ELADIUS VENCERAMICA,[NO MATCH],1716.4418461538462,1716.4418461538462
MAT3185,W.C. CARLTON BLANCO INC / FLUXOMETRO Y ASIENTO,[NO MATCH],4854.725384615385,4854.725384615385
MAT1857,"NIPLE DE H.G. 1 1/4"" X 3""",[NO MATCH],33.78923076923077,33.78923076923077
MAT3112,URINARIO COLOR BLANCO CON JUEGO,[NO MATCH],636.0006153846153,636.0006153846153
MAT0359,"ANILLO DE GOMA SELLOFLEX 1-1/2""","[FUZZY] ANILLO DE GOMA SELLOFLEX 1 1/2""",1.5306153846153845,8.81
MAT2314,"SIFON CROMADO D= 1-1/2""",[NO MATCH],81.91446153846154,81.91446153846154
MAT1691,LLAVE PUSH P/URINARIO,[NO MATCH],353.8796923076923,353.8796923076923
MAT3114,URINARIO SIDNEY VENCERAMICA,[NO MATCH],861.194923076923,861.194923076923
MAT1391,"FLANGE 1-1/2"" PARA URINARIO",[NO MATCH],16.419999999999998,16.419999999999998
MAT0472,BIDET ALTIMA COLOR BLANCO,[NO MATCH],405.8663076923077,405.8663076923077
MAT1467,GRIFERIA P/BIDET.FP MANILLAS SATURNO 1,[NO MATCH],512.2958461538462,512.2958461538462
MAT0473,BIDET DIPLOMATICO BLANCO,[NO MATCH],820.1226153846154,820.1226153846154
MAT1466,GRIFERIA P/BIDET LINEA BRONX CROMADA,[NO MATCH],379.8218461538461,379.8218461538461
MAT2429,"TAPON DE REGISTRO BRONCE D=2""","[FUZZY] TAPON DE REGISTRO BRONCE D=2"" A.N.",20.10323076923077,7.69
MAT2194,"REJILLAS DE BRONCE D=2""x3"" (REJILLONES)",[NO MATCH],33.81938461538462,33.81938461538462
MAT2195,"REJILLAS DE BRONCE D=3""x4"" (REJILLONES)",[NO MATCH],41.302,41.302
MAT2193,"REJILLAS DE BRONCE D = 4"" x 6"" (REJILLONES)",[NO MATCH],76.79523076923077,76.79523076923077
MAT1250,DUCHA DE TELEFONO C/LLAVE DE ARRESTO CROMADA,[FUZZY] DUCHA TIPO TELEFONO C/LLAVE ARRESTO BROM,346.21846153846155,50.73
MAT0692,CALENTADOR ELECTRICO RECORD DE 100 l,[FUZZY] CALENTADOR ELECTRICO RECORD 100 LTS O SI,1913.2013846153843,429.76
MAT1354,EXTENSION C/ENCHUFE P/CALENTADOR,[EXACT DESC] EXTENSION C/ENCHUFE P/CALENTADOR,147.39584615384615,12.13
MAT3103,"UNION UNIVERSAL H.G. D=1/2""",[NO MATCH],24.76092307692308,24.76092307692308
MAT0693,CALENTADOR ELECTRICO RECORD DE 27 l,[FUZZY] CALENTADOR ELECTRICO RECORD 27 LTS O SIM,713.9423076923077,203.87
MAT0694,CALENTADOR ELECTRICO RECORD DE 35 l,[FUZZY] CALENTADOR ELECTRICO RECORD 35 LTS O SIM,838.7910769230768,252.39
MAT0695,CALENTADOR ELECTRICO RECORD DE 50 l,[FUZZY] CALENTADOR ELECTRICO RECORD R/F 50 LTS O,1267.857230769231,407.74
MAT0696,CALENTADOR ELECTRICO RECORD DE 80 l,[FUZZY] CALENTADOR ELECTRICO RECORD 80 LTS O SIM,1401.2818461538463,429.76
MAT2318,"SIFON PLASTICO D=1-1/2"" P/BATEA FREGADERO","[FUZZY] SIFON PVC D= 1-1/2"" P/BATEA FREGADERO A.",15.039076923076925,6.62
MAT0467,"BATEA GRANITO BLANCO 1,00mx0,50m",[NO MATCH],353.6553846153846,353.6553846153846
MAT1845,MORTERO CEMTO-ARENA 1:7 /INST. SANITARIAS EMBUTIDAS,[NO MATCH],400.7901538461538,400.7901538461538
MAT1469,"GRIFERIA P/FREGADERO CROMADO 8""",[NO MATCH],452.0249230769231,452.0249230769231
MAT1417,FREGADERO ACERO/INOX. 84 x 53 cm. 2 PONCHERA,[NO MATCH],1642.3006153846152,1642.3006153846152
MAT1189,DESAGÜE CROMADO P/FREG. D/2 PONCHERAS,[NO MATCH],7.039538461538461,7.039538461538461
MAT1650,LAVAMOPAS DE GRANITO BLANCO PULIDO 40X50X30cm,[NO MATCH],279.0707692307692,279.0707692307692
MAT1651,LAVAMOPAS EN FIBRA DE VIDRIO - BLANCO,[FUZZY] LAVAMOPAS FIBRA DE VIDRIO,2912.2961538461536,143.23
MAT0469,BAÑERA MININEPTUNA BLANCO O COLOR SIN SISTEMA,[NO MATCH],6190.331538461538,6190.331538461538
MAT1462,GRIFERIA DE BAÑERA C/REGADERA FP MODELO STANDART,[NO MATCH],747.2138461538461,747.2138461538461
MAT2596,TOALLERA METALICA P/ATORNILLAR LONG. 60 cm.,[NO MATCH],131.75338461538462,131.75338461538462
MAT1541,JABONERA METALICA P/ATORNILLAR,[EXACT DESC] JABONERA METALICA P/ATORNILLAR,107.74615384615385,9.88
MAT1248,DISPENSADOR BASCULANTE DE JABON LIQUIDO,[EXACT DESC] DISPENSADOR BASCULANTE DE JABON LIQUIDO,174.46153846153845,60.63
MAT2045,PORTARROLLOS METALICO CROMADO ATORNILLABLE,[NO MATCH],61.16230769230769,61.16230769230769
MAT1430,GANCHO SENCILLO METALICO CROMADO ATORNILLABLE,[FUZZY] GANCHO SENCILLO METALICO CROMADO ATORNIL,8.083076923076923,0.74
MAT1426,GANCHO DOBLE METALICO CROMADO ATORNILLABLE,[FUZZY] GANCHO DOBLE METALICO CROMADO ATORNILLAB,16.634923076923076,2.39
MAT3162,VASERA CEPILLERA METALICA P/ATORNILLAR,[FUZZY] VASO -  CEPILLERO METALICO P/ATORNILLAR,104.53492307692308,9.46
MAT2157,"REJILLA BRONCE P/PISO DRENAJE 2""A 3""",[NO MATCH],33.81938461538462,33.81938461538462
MAT2158,"REJILLA BRONCE P/PISO DRENAJE 3""A 4""",[NO MATCH],41.302,41.302
MAT2159,"REJILLA BRONCE P/PISO DRENAJE 4""A 6""",[NO MATCH],76.79523076923077,76.79523076923077
MAT2160,"REJILLA BRONCE TIPO CUPULA BRONCE 4""x 6""",[NO MATCH],62.78092307692308,62.78092307692308
MAT0244,AIRE ACONDICIONADO VENTANA 18.000 BTU / MARCA LG,[NO MATCH],4832.877538461538,4832.877538461538
MAT2615,"TORNILLO DE 1 1/2"" X 3"" LARGO CON CABEZA DE 3/4""",[NO MATCH],3.080461538461538,3.080461538461538
MAT0336,"ANGULO ESTRUCTURAL 30 mm X 3 mm L= 6 m (1,36 kgf/m)",[NO MATCH],117.51676923076924,117.51676923076924
MAT0242,AIRE ACOND.VENTANA 24.000 BTU 220V LG C/CTROL REMOTO,[NO MATCH],5237.419230769231,5237.419230769231
MAT0245,AIRE ACONDICIONADO VENTANA 24. 000 BTU / MARCA LG,[NO MATCH],4246.028,4246.028
MAT0234,AIRE ACOND.COMPACT 208/1/60 1F 2T,[NO MATCH],25130.902153846157,25130.902153846157
MAT3160,VARILLAS DE PLATA AL 5% P/REFRIGERACION,[NO MATCH],40.602,40.602
MAT0235,AIRE ACOND.COMPACT 208/1/60 1F 3T,[NO MATCH],36671.471538461534,36671.471538461534
MAT0236,AIRE ACOND.COMPACT 208/1/60 1F 4T,[NO MATCH],46239.12769230769,46239.12769230769
MAT0237,AIRE ACOND.COMPACT 208/1/60 1F 5T,[NO MATCH],75846.438,75846.438
MAT0240,AIRE ACOND.COMPACT 208/3/60 3F 5T,[NO MATCH],67528.15507692308,67528.15507692308
MAT0241,AIRE ACOND.COMPACT 208/3/60 3F 7.5T,[NO MATCH],113898.31076923075,113898.31076923075
MAT0238,AIRE ACOND.COMPACT 208/3/60 3F 10T,[NO MATCH],174762.092,174762.092
MAT0239,AIRE ACOND.COMPACT 208/3/60 3F 15T,[NO MATCH],274642.678,274642.678
MAT0975,CONDENSADORA D.VER. 208/1/60-1CIR/ 2T,[NO MATCH],19836.06369230769,19836.06369230769
MAT0978,CONDENSADORA D.VER.208/3/60-1 CIR/3T,[NO MATCH],22037.04507692308,22037.04507692308
MAT0979,CONDENSADORA D.VER.208/3/60-1 CIR/4T,[NO MATCH],24700.57830769231,24700.57830769231
MAT0980,CONDENSADORA D.VER.208/3/60-1 CIR/5T,[NO MATCH],34926.17615384616,34926.17615384616
MAT0981,CONDENSADORA D.VER.208/3/60-1 CIR/7.5T,[NO MATCH],99149.24384615384,99149.24384615384
MAT0976,CONDENSADORA D.VER.208/3/60-1 CIR/10T,[NO MATCH],104555.8533846154,104555.8533846154
MAT0977,CONDENSADORA D.VER.208/3/60-1 CIR/15T,[NO MATCH],215469.7886153846,215469.7886153846
MAT0455,"BARRA ROSCADA GALVANIZADA 1/4"" L= 2.00 m",[NO MATCH],9.306461538461535,9.306461538461535
MAT1347,EVAPORADORA T/GAB-P/VER 208/1/60 1F 2T,[NO MATCH],9597.291846153848,9597.291846153848
MAT1348,EVAPORADORA T/GAB-P/VER 208/1/60 1F 3T,[NO MATCH],6250.3310769230775,6250.3310769230775
MAT1349,EVAPORADORA T/GAB-P/VER 208/1/60 1F 4T,[NO MATCH],18858.25415384616,18858.25415384616
MAT1350,EVAPORADORA T/GAB-P/VER 208/1/60 1F 5T,[NO MATCH],20601.27476923077,20601.27476923077
MAT1353,EVAPORADORA T/GAB-P/VER 208/3/60 3F 7.5T,[NO MATCH],47930.089384615385,47930.089384615385
MAT1351,EVAPORADORA T/GAB-P/VER 208/3/60 3F 10T,[NO MATCH],68874.98753846154,68874.98753846154
MAT1352,EVAPORADORA T/GAB-P/VER 208/3/60 3F 15T,[NO MATCH],99970.42907692309,99970.42907692309
MAT1370,FANCOIL 2TR EXP-DIRECT.220V/1F/1HP/MAC.TRANE KIT/COMP.,[NO MATCH],4834.237999999999,4834.237999999999
MAT1371,FANCOIL 6TR 230V/1F/AGUA HELADA/MAC:TRANE,[NO MATCH],9800.053692307692,9800.053692307692
MAT1235,"DIFUSOR 6""x6"" 1VIA/ALUM/S/CONTROL/ALETAS.RECTAS(DAR)",[NO MATCH],94.80476923076924,94.80476923076924
MAT2656,TRANSPORTE DE MATERIALES ( 1%),[FUZZY] TRANSPORTE DE MATERIALES D<= 1 KM &X,0.0001538461538461,1.45
MAT1243,"DIFUSOR 8""x8"" 1VIA/ALUM/S/CONTROL/ALETAS.RECTAS(DAR)",[NO MATCH],74.93892307692307,74.93892307692307
MAT1215,"DIFUSOR 10""x10"" 1VIA/ALUM/S/CONTROL/ALET.RECTAS(DAR)",[NO MATCH],137.68769230769232,137.68769230769232
MAT1220,"DIFUSOR 12""x12"" 1VIA/ALUM/S/CONTROL/ALET.RECTAS (DAR)",[NO MATCH],156.8833846153846,156.8833846153846
MAT1238,"DIFUSOR 6""x6"" 2VIAS/ALUM/S/CONTROL/ALETAS RECTA(DAR)",[NO MATCH],99.96107692307692,99.96107692307692
MAT1221,"DIFUSOR 12""x12"" 2 VIAS/ALUM/S/CONTROL/ALE.RECTAS(DAR)",[NO MATCH],165.16276923076924,165.16276923076924
MAT1227,"DIFUSOR 14""x14"" 2 VIAS/ALUM/S/CONTROL/ALE.RECTAS(DAR)",[NO MATCH],200.54061538461536,200.54061538461536
MAT1234,"DIFUSOR 22""x22"" 2VIAS/ALUM/S/CONTROL/ALE.RECTAS(DAR)",[NO MATCH],550.1923076923077,550.1923076923077
MAT1240,"DIFUSOR 6""x6"" 3VIAS/ALUM/S/CONTROL/ALETA RECTAS(DAR)",[NO MATCH],102.72,102.72
MAT1217,"DIFUSOR 10""x10"" 3VIAS/ALUM/S/CONTROL/ALE.RECTAS(DAR)",[NO MATCH],151.53323076923076,151.53323076923076
MAT1224,"DIFUSOR 12""x12"" 3VIAS/ALUM/S/CONTROL/ALE.RECTAS(DAR)",[NO MATCH],171.53153846153845,171.53153846153845
MAT1211,"DIFUSOR 6""x6"" 4VIA/ALUM/S/CONTROL/ALETAS RECTAS(DAR)",[NO MATCH],83.21830769230769,83.21830769230769
MAT1218,"DIFUSOR 10""x8"" 1-2VIAS/ALUM/ANOD/S/CONTROL/ DAR/DAC",[NO MATCH],120.87092307692308,120.87092307692308
MAT1225,"DIFUSOR 14""x10"" 1-2VIAS/ALUM/ANOD/S/CONTROL/DAR/DAC",[NO MATCH],160.7129230769231,160.7129230769231
MAT1236,"DIFUSOR 6""x6"" 1VIA/ALUM/C/CONTROL/ALETAS RECTAS(DARC)",[NO MATCH],133.49353846153846,133.49353846153846
MAT1214,"DIFUSOR 10""x10"" 1VIA/ALUM/C/CONTROL/ALET.RECTAS(DARC)",[NO MATCH],190.00092307692307,190.00092307692307
MAT1219,"DIFUSOR 12""x12"" 1VIA/ALUM/C/CONTROL/ALET.RECTAS(DARC)",[NO MATCH],210.21030769230768,210.21030769230768
MAT1237,"DIFUSOR 6""x6"" 2VIAS/ALUM/C/CONTROL/ALETA.RECTAS(DARC)",[NO MATCH],138.0466153846154,138.0466153846154
MAT1222,"DIFUSOR 12""x12"" 2VIAS/ALUM/C/CONTROL/ALE.RECTAS(DARC)",[NO MATCH],222.90615384615384,222.90615384615384
MAT1228,"DIFUSOR 14""x14"" 2VIAS/ALUM/C/CONTROL/ALE.RECTAS(DARC)",[NO MATCH],292.4024615384615,292.4024615384615
MAT1233,"DIFUSOR 22""x22"" 2VIAS/ALUM/C/CONTROL/ALE.RECTAS(DARC)",[NO MATCH],770.2386153846154,770.2386153846154
MAT1239,"DIFUSOR 6""x6"" 3VIAS/ALUM/C/CONTROL/ALETA RECTAS(DARC)",[NO MATCH],146.76307692307694,146.76307692307694
MAT1244,"DIFUSOR 8""x8"" 3VIAS/ALUM/C/CONTROL/ALETA.RECTAS(DARC)",[NO MATCH],185.64892307692307,185.64892307692307
MAT1216,"DIFUSOR 10""x10"" 3VIAS/ALUM/C/CONTROL/ALE.RECTAS(DARC)",[NO MATCH],212.26292307692307,212.26292307692307
MAT1223,"DIFUSOR 12""x12"" 3VIAS/ALUM/C/CONTROL/ALE.RECTAS(DARC)",[NO MATCH],233.30846153846156,233.30846153846156
MAT1241,"DIFUSOR 6""x6"" 4VIAS/ALUM/C/CONTROL/ALETA RECTAS(DARC)",[NO MATCH],122.03492307692308,122.03492307692308
MAT1242,"DIFUSOR 8""x6"" 1-2VIAS/ALUM/ANODIZ/C/CONTROL/DAR/DAC",[NO MATCH],149.2596923076923,149.2596923076923
MAT1226,"DIFUSOR 14""x10"" 1-2VIAS/ALUM/ANODIZ/C/CONTROL/DAR/DAC",[NO MATCH],226.84384615384616,226.84384615384616
MAT1213,"DIFUSOR 10""x10"" 1-2VIAS/ALUM/S/CONTROL/ALE.CURVAS(DAR)",[NO MATCH],197.30861538461536,197.30861538461536
MAT1232,"DIFUSOR 18""x18"" 1-2VIAS/ALUM/S/CONTROL/ALE.CURVAS(DAR)",[NO MATCH],571.6656923076922,571.6656923076922
MAT1230,"DIFUSOR 14""x14"" 3-4VIAS/ALUM/S/CONTROL/ALE.CURVAS(DAR)",[NO MATCH],327.7281538461539,327.7281538461539
MAT1212,"DIFUSOR 10""x10"" 1-2VIAS/ALUM/C/CONTROL/ALE.CURVAS(DARC)",[NO MATCH],205.092,205.092
MAT1231,"DIFUSOR 18""x18"" 1-2VIAS/ALUM/C/CONTROL/ALE.CURVAS(DARC)",[NO MATCH],609.8012307692308,609.8012307692308
MAT1229,"DIFUSOR 14""x14"" 3-4VIAS/ALUM/C/CONTROL/ALE.CURVAS(DARC)",[NO MATCH],280.6921538461539,280.6921538461539
MAT2192,"REJILLA SUMINIS/SIM/DEFLEX 8""x8""/2VIAS/ALUM/ANOD/S/CONT",[NO MATCH],109.90215384615384,109.90215384615384
MAT2188,"REJILLA SUMINIS/SIM/DEFLEX 12""x6""/2VIAS/ALUM/ANOD/S/CON",[NO MATCH],110.55892307692308,110.55892307692308
MAT2190,"REJILLA SUMINIS/SIM/DEFLEX 18""x10""/2VIAS/ALUM/ANOD/S/CO",[NO MATCH],168.5016923076923,168.5016923076923
MAT2183,"REJILLA SUMINIS/DOBL/DEFL 14""x6""/4VIAS/ALUM/ANOD/S/CONT",[NO MATCH],142.75923076923078,142.75923076923078
MAT2185,"REJILLA SUMINIS/DOBL/DEFL14""x10""/4VIAS/ALUM/ANOD/S/CONT",[NO MATCH],146.0790769230769,146.0790769230769
MAT2169,"REJILLA RETOR/EXTRACC 6""x4"" ALET FIJA/ALUM/ANOD/S/CONT",[NO MATCH],60.193384615384616,60.193384615384616
MAT2182,"REJILLA RETOR/EXTRACC 8""x6"" ALET FIJA/ALUM/ANOD/S/CONT",[NO MATCH],83.16692307692308,83.16692307692308
MAT2179,"REJILLA RETOR/EXTRACC 12""x6"" ALET FIJA/ALUM/ANOD/S/CONT",[NO MATCH],105.3603076923077,105.3603076923077
MAT2181,"REJILLA RETOR/EXTRACC 14""x4"" ALET FIJA/ALUM/ANOD/S/CONT",[NO MATCH],136.17738461538465,136.17738461538465
MAT2171,"REJILLA RETOR/EXTRACC 14""x12""ALET FIJA/ALUM/ANOD/S/CONT",[NO MATCH],139.13923076923075,139.13923076923075
MAT2173,"REJILLA RETOR/EXTRACC 16""x10""ALET FIJA/ALUM/ANOD/S/CONT",[NO MATCH],143.1146153846154,143.1146153846154
MAT2175,"REJILLA RETOR/EXTRACC 16""x14""ALET FIJA/ALUM/ANOD/S/CONT",[NO MATCH],167.8533846153846,167.8533846153846
MAT2028,"PLETINA DE ACERO 3/4"" x 1/8"" L= 6 m (0,475 Kgf/m)",[NO MATCH],11.108615384615383,11.108615384615383
MAT1253,DUCTO FAB.EN ACERO GALV. INCL/AISLANT+JUNT. CAL18 A 26,[NO MATCH],168.04676923076926,168.04676923076926
MAT2629,"TORNILLO TIRAFONDO 8mm X 1"" (RAMPLUG VERDE)",[NO MATCH],1.5681538461538462,1.5681538461538462
MAT2287,ROLLO DE FIBRA DE VIDRIO CON FORRO DE ALUMINIO 37 m,[NO MATCH],34.41984615384615,34.41984615384615
MAT2595,"TIRRO PARA DUCTO 2"" X 60 Yd.",[NO MATCH],122.74476923076922,122.74476923076922
MAT1915,PEGA AMARILLA PEGASOL,[NO MATCH],499.1409230769231,499.1409230769231
MAT0727,CENTRAL DE DETECCION 2ZONAS/SIN/COMUN/VERBAL SOVICAC088,[NO MATCH],3755.238923076923,3755.238923076923
MAT0728,CENTRAL DE DETECCION 4ZONAS/SIN/COMUN/VERBAL SOVICAC089,[NO MATCH],4180.56,4180.56
MAT0729,CENTRAL DE DETECCION DE INCENDIO Z-8 SOVICA,[NO MATCH],1435.9166153846154,1435.9166153846154
MAT1836,MODULOS DE 8 ZONAS P/CENTRALES MOD.MZ-8,[NO MATCH],99.81938461538462,99.81938461538462
MAT0730,CENTRAL DETECCION 16 CH 50W SOVICA,[NO MATCH],3055.236153846154,3055.236153846154
MAT0731,CENTRAL DETECCION 32 CH 100W SOVICA,[NO MATCH],5257.616461538461,5257.616461538461
MAT0732,CENTRAL DETECCION 48 CH 100W SOVICA,[NO MATCH],6069.055384615384,6069.055384615384
MAT1206,DETECTOR TERMICO FIJO MOD. 502,[NO MATCH],271.7132307692308,271.7132307692308
MAT1204,DETECTOR TERMICO MOD. 601 SOVICA,[NO MATCH],252.8818461538461,252.8818461538461
MAT1201,DETECTOR HUMO FOTOELECTRICO MOD. BK-2400,[NO MATCH],670.5663076923076,670.5663076923076
MAT1202,DETECTOR IONICO MOD. BK-1400,[NO MATCH],372.4998461538462,372.4998461538462
MAT1342,ESTACION MANUAL CON SW GRANDE EM-1,[NO MATCH],411.174,411.174
MAT1341,ESTACION MANUAL C.PLUG GRANDE EM-3,[NO MATCH],339.1009230769231,339.1009230769231
MAT1343,ESTACION MANUAL PLASTICA C.PLUG. PEQUEÑA,[NO MATCH],191.55661538461536,191.55661538461536
MAT0304,ALTAVOZ DE 10W METALICO 8 OHMS ROJO D10-NR,[NO MATCH],265.1066153846154,265.1066153846154
MAT0305,ALTAVOZ DE 10W PLASTICO 8 OHMS ROJO D10-PR,[NO MATCH],172.10199999999998,172.10199999999998
MAT0306,ALTAVOZ DE 30W CONICO D30,[NO MATCH],251.0353846153846,251.0353846153846
MAT1424,GABINETE P/EXTINTOR+VIDRIO/PUER D=65x35x20cm C-5S,[NO MATCH],781.7906153846154,781.7906153846154
MAT1423,GABINETE P/EXTINTOR+VIDRIO/PUER D=58.5x33.5x16cm C-3S,[NO MATCH],581.1072307692308,581.1072307692308
MAT1425,GABINETE P/MANG.S/VID.SOBREP.C/PUERTA D=72x62x16cm C-45,[NO MATCH],786.9787692307692,786.9787692307692
MAT1208,DEVANADORA COLGADOR DE MANGUERA,[NO MATCH],270.4929230769231,270.4929230769231
MAT2013,"PITON NEBLINA 1 1/2"" BRONCE MODELO: PB 1 1/2",[NO MATCH],201.36261538461537,201.36261538461537
MAT1766,"MANGUERA C/INCENDIO 1.1/2"" x 15 m DOBLE MOD.44-AP6-D",[NO MATCH],495.40784615384615,495.40784615384615
MAT1855,"NIPLE DE BRONCE 1 1/2"" P/MANGUERA MODELO: NI 1-1/2",[NO MATCH],65.10415384615385,65.10415384615385
MAT1767,"MANGUERA C/INCENDIO 1.1/2"" x 30 m MOD.SINTEX-L30M",[NO MATCH],2277.2349230769228,2277.2349230769228
MAT2014,"PITON NEBLINA 2 1/2"" BRONCE MODELO: PB 2 1/2",[NO MATCH],232.60276923076924,232.60276923076924
MAT1856,"NIPLE DE BRONCE 2 1/2"" P/MANGUERA MODELO: NI 2-1/2",[NO MATCH],165.88415384615382,165.88415384615382
MAT1768,"MANGUERA C/INCENDIO 2.1/2"" x 30 m MOD.SINTEX-L30M",[NO MATCH],3579.122307692308,3579.122307692308
MAT3144,"VALVULA HEMBRA-HEMBRA P/GABINETE INCENDIO D=1-1/2""",[NO MATCH],206.52215384615383,206.52215384615383
MAT3145,"VALVULA HEMBRA-HEMBRA P/GABINETE INCENDIO D=2-1/2""",[NO MATCH],394.7384615384616,394.7384615384616
MAT3146,"VALVULA HEMBRA-MACHO P/GABINETE INCENDIO D=1-1/2""",[NO MATCH],217.68015384615384,217.68015384615384
MAT3147,"VALVULA HEMBRA-MACHO P/GABINETE INCENDIO D=2-1/2""",[NO MATCH],445.2006153846154,445.2006153846154
MAT1916,PEGA TANGIT 240ml BAJA PRESION,[NO MATCH],8.905846153846154,8.905846153846154
MAT1867,PABILO ROLLO,[FUZZY] PABILO EN ROLLO,6.102769230769231,4.41
MAT2275,"ROCIADOR TEMP. 135° F (57°C) ORIF.1/2"" BRONCE MOD: R040",[NO MATCH],98.7716923076923,98.7716923076923
MAT2277,"ROCIADOR TEMP. 155° F (68°C) ORIF.1/2"" BRONCE MOD:R034",[NO MATCH],92.0483076923077,92.0483076923077
MAT2279,"ROCIADOR TEMP. 175° F (79°C) ORIF.1/2"" BRONCE MOD:R035",[NO MATCH],93.42692307692307,93.42692307692307
MAT2276,"ROCIADOR TEMP. 135° F (57°C) ORIF.1/2"" CROMADO MOD:R042",[NO MATCH],123.54507692307692,123.54507692307692
MAT2278,"ROCIADOR TEMP. 155° F (68°C) ORIF.1/2"" CROMADO MOD:R043",[NO MATCH],113.02230769230768,113.02230769230768
MAT2280,"ROCIADOR TEMP. 175° F (79°C) ORIF.1/2"" CROMADO MOD:R041",[NO MATCH],121.758,121.758
MAT2313,"SIAMESA TIPO Y (BRONCE) 2 1/2"" x 2 1/2"" x 4"" NACIONAL",[NO MATCH],465.33984615384617,465.33984615384617
MAT1429,GANCHO PARA COLOCAR EN LA PARED EXTINTOR 7-10 lb. G030,[NO MATCH],9.710461538461535,9.710461538461535
MAT1361,EXTINTOR POLV QUIM/SECO TIPOABC 7Lbs FANEMEX/MOD:SA-70,[NO MATCH],1103.5093846153843,1103.5093846153843
MAT1362,EXTINTOR POLVO QUIMICO SECO TIPO ABC 10Lb MODELO SA-100,[NO MATCH],1343.642153846154,1343.642153846154
MAT1363,EXTINTOR POLVO QUIMICO SECO TIPO ABC 15Lb MODELO SA-150,[NO MATCH],1686.5104615384614,1686.5104615384614
MAT1428,GANCHO PARA COLOCAR EN LA PARED EXTINTOR 16-20 lb. G031,[NO MATCH],15.593384615384617,15.593384615384617
MAT1364,EXTINTOR POLVO QUIMICO SECO TIPO ABC 20Lb MODELO SA-200,[NO MATCH],1953.334307692308,1953.334307692308
MAT1360,EXTINTOR DE CO2 TIPO BC 5 LBS MODELO BADGER,[FUZZY] EXTINTOR DE CO2 TIPO BC 5 LBS,955.260153846154,253.48
MAT1357,EXTINTOR DE CO2 TIPO BC 10 LBS MODELO BADGER,[FUZZY] EXTINTOR DE CO2 TIPO BC 10 LBS,1818.0393846153845,379.08
MAT1358,EXTINTOR DE CO2 TIPO BC 15 LBS MODELO BADGER,[FUZZY] EXTINTOR DE CO2 TIPO BC 15 LBS,2125.458153846154,479.36
MAT1359,EXTINTOR DE CO2 TIPO BC 20 LBS MODELO BADGER,[FUZZY] EXTINTOR DE CO2 TIPO BC 20 LBS,3298.192461538462,700.88
MAT1355,EXTINTOR DE AGUA 2 1/2 GALONES TIPO A FABEWER,[NO MATCH],718.6636923076923,718.6636923076923
MAT1356,EXTINTOR DE AGUA 2 1/2 GALONES TIPO A. BADGER WP-61,[NO MATCH],685.7706153846153,685.7706153846153
MAT1207,DETERGENTE EN POLVO (saco DE 20 Kgf),[NO MATCH],89.11261538461538,89.11261538461538
MAT1666,LIMPIAVIDRIOS,[NO MATCH],15.680307692307691,15.680307692307691
MAT0798,CLORO LAVANSAN,[NO MATCH],16.87553846153846,16.87553846153846
MAT1486,HIPOCLORITO DE SODIO-CUÑETE= 5Gal (24 Kgf),[NO MATCH],36.65261538461539,36.65261538461539
MAT0524,BOLSA PLAST POLIET TAM/ B14/GRUESA40Kgf/PQT.1000Und,[NO MATCH],1.717692307692308,1.717692307692308
MAT1490,INSEPTICIDA DELTRACK,[NO MATCH],78.91923076923077,78.91923076923077
MAT2356,SOLFAC,[NO MATCH],173.5376923076923,173.5376923076923
MAT1209,DIAZIN Y/O HIPRACOL,[NO MATCH],24.171692307692307,24.171692307692307
MAT1488,"ICON 2,5 WP (Sobre 62,5 gr) Sol Aprox 2%",[NO MATCH],162.38446153846152,162.38446153846152
MAT1188,DEMON 40 PM (Bolsa de 500 grs),[NO MATCH],115.74446153846156,115.74446153846156
MAT1491,INSEPTICIDA INDUSTRIAL DUCLORVAN 1000,[NO MATCH],66.69538461538461,66.69538461538461
MAT1576,KLERAT PARAFINADO 40 PM,[NO MATCH],35.79784615384616,35.79784615384616
MAT2115,RATICIDA ULTRARAT-ENVASE DE 1 Kgf,[NO MATCH],22.752769230769232,22.752769230769232
MAT2284,RODILON-RATICIDA BAYER (DIFETHIALONE)-ENVASE DE 1 Kgf,[NO MATCH],20.10692307692308,20.10692307692308
MAT2370,STORM,[NO MATCH],15.205076923076923,15.205076923076923
MAT1369,FAGINA ( FLEJES ) L = 2.00 m PARA TALUDES,[NO MATCH],7.852615384615385,7.852615384615385
MAT1450,"GRAMA TIPO SAN AGUSTIN 0,70 m2/saco",[NO MATCH],52.296,52.296
MAT2592,TIERRA NEGRA ABONADA,[NO MATCH],161.8493846153846,161.8493846153846
MAT0523,BOLSA PARA ESCOMBROS,[FUZZY] BOLSAS / SACOS PARA ESCOMBROS,2.761846153846154,0.53
MAT2008,PINTURA TRAF AMARILLA MARCA FLAMUCO S/PART. REFLECTIVAS,[NO MATCH],735.3453846153845,735.3453846153845
MAT2011,PINTURA TRAF BLANCA MARCA FLAMUKO S/PART. REFLECTIVAS,[NO MATCH],755.1746153846153,755.1746153846153
MAT2577,TEIPE NEGRO SCOTCH 23,[NO MATCH],77.6923076923077,77.6923076923077
MAT2154,REFLECTORES HALOGENO 500 W,[NO MATCH],319.3272307692308,319.3272307692308
MAT2153,REFLECTORES HALOGENO 1500 W,[NO MATCH],359.0713846153846,359.0713846153846
MAT1664,LIMPIADOR LIQUIDO LAVANSAN (1 gal/3.8 l),[NO MATCH],11.67753846153846,11.67753846153846
MAT1991,PINTURA ALTOTRAFICO (COLOR BLANCO/AMARIL) cuñete=5 gal.,[NO MATCH],329.1276923076923,329.1276923076923
MAT1992,PINTURA ALTOTRAFICO (COLOR NEGRO) cuñete= 5 gal.,[NO MATCH],314.338,314.338
MAT2266,REMOVEDOR DE PINTURA,[FUZZY] REMOVEDOR DE PINTURA GLN,176.9826153846154,55.1
MAT2591,TIE RAP DE 15 cm (100 Und/paquete),[NO MATCH],49.37538461538462,49.37538461538462
MAT2323,SIKA TOP ELASTICO GALON,[NO MATCH],255.7423076923077,255.7423076923077
MAT0948,"CONCRETO HIDROFO. PREMEZ. f´c=250Kgf/cm2 IMPERMEX As=5""",[NO MATCH],441.0843076923077,441.0843076923077
MAT0334,"ANGULO ESTRUCTURAL 25 mm X 3 mm L= 6 m (1,12 Kgf/m)",[NO MATCH],145.13507692307692,145.13507692307692
MAT1627,"LAMINA ESTRIADA DE ACERO 1.00x2.40m e=3mm 61,38 Kgf/m2",[NO MATCH],5.497230769230769,5.497230769230769
MAT2029,"PLETINA DE ACERO 3/4"" x 3/16"" L= 6 m (0,412 Kgf/m)",[NO MATCH],19.84184615384616,19.84184615384616
MAT0417,ASFALTO PENETRAC.60/70 (A-20) PTA.CARDON D=1.300Kgf/m3,[NO MATCH],445.0330769230769,445.0330769230769
MAT0415,ASFALTO DILUIDO RC-250,[FUZZY] ASFALTO LIQUIDO RC-250 DETAL,2.923076923076923,1.61
MAT1826,MEZCLA ASFALTICA EN CALIENTE TIPO III/IV (CONT PUBLICO),[NO MATCH],304.61538461538464,304.61538461538464
MAT1825,MEZCLA ASFALTICA EN CALIENTE TIPO III/IV (CONT PRIVADO),[NO MATCH],304.61538461538464,304.61538461538464
MAT1851,"MORTERO PEGA CEMTO-ARENA 1:2 /TUB.CONCRET,TAP.TANQUILLA",[NO MATCH],502.75169230769234,502.75169230769234
MAT1789,MARCO Y TAPA H.F ASTM-A-595 B.V. 60cm TIPO PESADO INOS,[NO MATCH],599.4269230769231,599.4269230769231
MAT1790,MARCO Y TAPA H.F ASTM-A-595 B.V. 60cm TIPO LIVIANO INOS,[NO MATCH],544.8483076923077,544.8483076923077
MAT0783,"CILINDRO TIPOA P/BOCAVISITA D=120cm L/UT=30,5cm BV-C-69",[NO MATCH],91.22184615384616,91.22184615384616
MAT0782,CILINDRO TIPOA P/BOCAVISITA D=120cm L/UT=61cm BV-C-69,[NO MATCH],182.44384615384612,182.44384615384612
MAT1049,"CONO EXCENT.P/BOCAVISITA D=24x48"" TIPOA C-69 L/UT=1,00m",[NO MATCH],260.626,260.626
MAT0095,"ABRAZADERA PARA PLETINA DIAMETRO= 2""",[NO MATCH],1.1715384615384616,1.1715384615384616
MAT2622,TORNILLO PARA ABRAZADERA,[NO MATCH],0.4804615384615385,0.4804615384615385
MAT0545,"BRAZO ALUM. DOBLE PASANTE P/CERCA CICLON D=2""",[FUZZY] BRAZO DOBLE PASANTE CERCA MALLA CICLON 2,47.03738461538461,11.31
MAT2070,"POSTE METALICO PARA CERCAS D= 2"" h=6,50 m",[NO MATCH],480.328,480.328
MAT1759,"MALLA PLASTIFICADA CAL.10 60/25 h=1,80 m ROLLO DE 25 m",[NO MATCH],71.0753846153846,71.0753846153846
MAT1761,"MALLA PLASTIFICADA CAL.11 60/25 h=1,80 m ROLLO DE 25 m",[NO MATCH],53.50707692307692,53.50707692307692
MAT1760,MALLA PLASTIFICADA CAL.10 60/25 h=3 m ROLLO DE 25 m,[NO MATCH],125.56353846153846,125.56353846153846
MAT1762,MALLA PLASTIFICADA CAL.11 60/25 h=3 m ROLLO DE 25 m,[NO MATCH],95.02276923076924,95.02276923076924
MAT0940,CONCERTINA-CUCHILLAS LARGAS GALV. d=0.45 m L= 6 m.,[NO MATCH],188.55446153846157,188.55446153846157
MAT0122,ABRAZADERAS CON TORNILLO TIRAFONDO,[FUZZY] ABRAZADERA CON TORNILLO TIRAFONDO,3.823846153846154,1.08
MAT0938,CONCERTINA ACERO GALV. TIPO ARPON D=45 cm L= 6 m,[NO MATCH],69.1836923076923,69.1836923076923
MAT0939,CONCERTINA ACERO GALV. TIPO ARPON D=90 cm L= 10 m,[NO MATCH],127.88646153846156,127.88646153846156
MAT1552,"JUEGO DE PERNOS DE FIJACION D=1"" 4 UNIDADES",[NO MATCH],321.13876923076924,321.13876923076924
MAT2064,POSTE METALICO HEXAGONAL DE 8 m INC/CRUCETA C/ESCALERA,[NO MATCH],1408.9341538461538,1408.9341538461538
MAT1701,LUMINARIA (VACIA) DE HALOGENO DE 1500W,[NO MATCH],774.5504615384615,774.5504615384615
MAT2012,PINTURA TRANSICAPA NEGRA cuñete=5 gal,[NO MATCH],550.4873846153846,550.4873846153846
MAT1878,"PARALES DE H.G.2"" C/ANCLAJE DE 3 Plg",[NO MATCH],342.75246153846155,342.75246153846155
MAT1556,JUEGO DE VOLLEYBALL CON MALLA,[NO MATCH],1893.688,1893.688
MAT1550,JUEGO DE FUTBOLITO CON MALLA CICLON,[NO MATCH],6673.421692307692,6673.421692307692
MAT1842,"MORTERO CEMTO-ARENA 1:3 /PAV.CONCRET,ACCES.BAÑOS,PUERTA",[NO MATCH],460.5004615384616,460.5004615384616
MAT2387,TABLERO DE BASKETBALL TORRE FIJA Y ACCESORIOS,[NO MATCH],7424.329692307692,7424.329692307692
MAT2371,SUBE Y BAJA MEDIANO 2 UNIDADES (4 ASIENTOS),[NO MATCH],1687.9558461538463,1687.9558461538463
MAT2597,TOBOGAN RECTO L= 3.00 m TG-7,[NO MATCH],6332.759384615384,6332.759384615384
MAT0934,COLUMPIO DE 3 ASIENTO 1 CUERPO,[NO MATCH],4163.831538461538,4163.831538461538
MAT2294,RUEDA GIRATORIA DIAM. 1.90 m,[FUZZY] RUEDA GIRATORIA P/PARQUE DIAM= 1.90 MT,3510.208153846154,995.12
MAT0434,BANCO C/ESPALDAR EST.METALICA ASIENTO MADERA L=2 m,[NO MATCH],2960.636,2960.636
MAT0435,BANCO DE CONCRETO SIN ESPALDAR D=2.00x0.50x0.45m,[NO MATCH],1087.3815384615384,1087.3815384615384
MAT0402,ARBOL DE APAMATE TAMAÑO PEQUEÑO,[NO MATCH],14.202923076923078,14.202923076923078
MAT2227,REM-9032 MANTENIMIENTO DE ARBORIZACION,[NO MATCH],3.5375384615384613,3.5375384615384613
MAT0704,CAOBA ANTILLAS,[NO MATCH],13.634307692307692,13.634307692307692
MAT1870,PALMA ARECA TAMAÑO MEDIANA,[NO MATCH],27.55892307692308,27.55892307692308
MAT0717,CAYENA DE CERCA,[NO MATCH],7.672307692307692,7.672307692307692
MAT1852,NARANJILLO,[NO MATCH],10.98076923076923,10.98076923076923
MAT2290,ROSA DE VERBERIA NORMAL,[NO MATCH],7.558153846153846,7.558153846153846
MAT1089,CROTO HIBRIDO,[NO MATCH],13.45553846153846,13.45553846153846
MAT1542,JAZMIN FALCON,[NO MATCH],8.029230769230768,8.029230769230768
MAT2226,REM-9031 MANTENIMIENTO DE GRAMA POR 6 MESES,[NO MATCH],2.2064615384615385,2.2064615384615385
MAT1448,"GRAMA PELO INDIO 0,70 m2/saco",[NO MATCH],49.69815384615385,49.69815384615385
MAT1654,"LENGUA DE VACA 0,70 m2/saco",[NO MATCH],8.292307692307693,8.292307692307693
MAT1449,"GRAMA TIPO JAPONESA 0,70 m2/saco",[NO MATCH],48.78046153846154,48.78046153846154
MAT1951,"PERFIL IPN 140 L = 12 m (14,30 Kgf/m)",[NO MATCH],15.414,15.414
MAT2578,TEIPE PLOMO DE DUCTERO,[NO MATCH],54.22630769230769,54.22630769230769
MAT1443,"GEOMEMBRANA IMPERMEAB200 A= 6,00m L=VAR. m e=0.20mm",[NO MATCH],21.374923076923075,21.374923076923075
MAT2590,TERMINAL NO AISLADO AWG 8 M6 LMTJ-8/6 DE CONDUCTORES,[NO MATCH],1.3561538461538465,1.3561538461538465
MAT0608,CABLE TFFN # 18 AWG 105° C 600 V,[NO MATCH],2.234923076923077,2.234923076923077
MAT1662,LIMPIADOR DE CONTACTOS ELECTRICOS DE SPRAY QUIMICA (SQ),[NO MATCH],85.68676923076923,85.68676923076923
MAT0605,CABLE TF # 16 AWG,[NO MATCH],19.14907692307692,19.14907692307692
MAT1862,NITROGENO BOMBONA CAPACIDAD= 6 m3,[NO MATCH],38.37615384615384,38.37615384615384
MAT2155,REFRIGERANTE R-11 CILINDRO DE 25 Kgf,[NO MATCH],132.91338461538462,132.91338461538462
MAT2439,"TAPON H.G. D=1/2""","[FUZZY] TAPON HG  D=1/2""",2.526,1.08
MAT2440,"TAPON H.G. D=3/4""","[FUZZY] TAPON HG  D=3/4""",4.701384615384615,1.61
MAT0933,COLORANTE ROJO,[EXACT DESC] COLORANTE ROJO,58.99846153846154,5.54
MAT1628,"LAMINA FIBRA D/VIDRIO-TRANSLUCIDA, A=0,90m/Aútil= 0,79m",[NO MATCH],137.13153846153844,137.13153846153844
MAT0484,BLOQUE DE VIDRIO 24 x 24 x 8 cm. TRANSLUCIDO,[NO MATCH],121.01538461538462,121.01538461538462
MAT2322,"SIKA TOP 80 (PAILA 19 Kgf-1,03 Kgf/l-18,45 l)",[NO MATCH],745.4923076923077,745.4923076923077
MAT0403,ARENA AMARILLA,[EXACT DESC] ARENA AMARILLA,193.00646153846156,44.73
MAT2309,SELLADOR POLISULFURICO PARA JUNTAS (SELLOCRET),[NO MATCH],764.1283076923077,764.1283076923077
MAT1616,"LAMINA DE ANIME DIMENSIONES: L= 2m, A= 1m, e= 2cm",[NO MATCH],18.89446153846154,18.89446153846154
MAT1617,"LAMINA DE ANIME DIMENSIONES: L= 2m, A= 1m, e= 3cm",[NO MATCH],23.10415384615385,23.10415384615385
MAT2007,PINTURA TEXTURIZADA COLOR CLARO PARA EXTERIORES,[NO MATCH],1035.3846153846157,1035.3846153846157
MAT2918,TUBO FLUORESCENTE SLIMLINE 40W P/LUMINARIA INDUST.,[NO MATCH],41.683076923076925,41.683076923076925
MAT0532,BOMBILLO FLUORESCENTE CIRCULAR 22 W,[FUZZY] TUBO FLUORESCENTE CIRCULAR 22 W,92.29415384615385,4.97
MAT0533,BOMBILLO FLUORESCENTE CIRCULAR 32 W,[FUZZY] TUBO FLUORESCENTE CIRCULAR 32 W,108.39384615384616,5.32
MAT0427,BALASTO DE 2 x 40 A FLUORESCENTES (120V),[NO MATCH],77.67846153846155,77.67846153846155
MAT0422,ASIENTO ORQUIDEA P/W.C. COLOR NEGRO,[NO MATCH],82.1463076923077,82.1463076923077
MAT0424,ASIENTO SANI-SIT P/W.C. MOD.CARABOBO,[NO MATCH],71.03830769230768,71.03830769230768
MAT1408,"FLUXOMETRO GEM 110 1"" PARA WC",[NO MATCH],3668.5,3668.5
MAT1409,"FLUXOMETRO GEM 186 1"" PARA URINARIO",[NO MATCH],3706.5346153846153,3706.5346153846153
MAT1482,HERRAJE PARA W.C. SP BRONCE,[NO MATCH],247.80215384615383,247.80215384615383
MAT2447,"TAPON PVC P/AGUAS NEGRAS D= 4"" ROSCADO",[NO MATCH],4.5426153846153845,4.5426153846153845
MAT1400,"FLOTANTE DE BRONCE D=1/2""",[NO MATCH],65.67076923076924,65.67076923076924
MAT1575,KIT PARA FLUXOMETRO PARA W.C,[NO MATCH],583.6115384615384,583.6115384615384
MAT1574,KIT PARA FLUXOMETRO PARA URINARIO,[FUZZY] FLUXOMETRO PARA URINARIO,429.8569230769231,361.46
EQU538,PROBADOR DE CORRIENTE,[EXACT DESC] PROBADOR DE CORRIENTE,190.98507692307692,0.6609
EQU021,"BARRA METALICA DE LARGO= 1,47 m PARA HACER HOYOS",[NO MATCH],867.4444615384615,867.4444615384615
EQU395,MANDARRIA DE MANGO LARGO DE 6 Kgf MARCA BELLOTA,[NO MATCH],568.2512307692308,568.2512307692308
EQU625,"TENAZA CRESCENT DE 8""","[EXACT DESC] TENAZA CRESCENT DE 8""",179.7356923076923,0.4403
EQU002,"ALICATE CRESCENT 8""",[NO MATCH],156.99815384615383,156.99815384615383
EQU112,"CINTA METRICA DE FIBRA DE LARGO= 50 m, MARCA STANLEY",[NO MATCH],1294.8998461538465,1294.8998461538465
EQU123,"CIZALLA TIPO TIJERA (MANUAL) 24"" RIDGID","[FUZZY] CIZALLA TIPO TIJERA MANUAL 24"" RIDGID O ",470.0132307692308,3.7438
EQU474,"NIVEL DE 3 BURBUJAS DE LARGO= 14"", MARCA STANLEY",[NO MATCH],226.8932307692308,226.8932307692308
EQU480,PALA REDONDA,[NO MATCH],353.76953846153845,353.76953846153845
EQU494,PICO PUNTA Y PALA BELLOTA,[NO MATCH],282.266,282.266
EQU010,"ANDAMIO TUBULAR 2,00 x 1,20 x 1,80 m",[NO MATCH],1043.7975384615384,1043.7975384615384
EQU090,CARRETILLA DE RUEDAS NEUMATICAS DE CAPACIDAD= 55 l,[NO MATCH],927.8046153846154,927.8046153846154
EQU111,"CINTA METRICA DE ACERO DE 5 m, MARCA STANLEY",[NO MATCH],97.99615384615385,97.99615384615385
EQU180,"CUCHARA DE 6"" MARCA BELLOTA",[NO MATCH],126.38323076923076,126.38323076923076
EQU497,PIQUETA PUNTA Y PALA BELLOTA No 5933-A,[NO MATCH],249.3413846153846,249.3413846153846
EQU531,PLOMADA JOROPO 300 GR.,[NO MATCH],102.20692307692308,102.20692307692308
EQU638,"TOBO DE GOMA DE CAPACIDAD=10 l, PARA ALBAÑIL",[NO MATCH],103.03046153846154,103.03046153846154
EQU166,"CORTADORA D/HIERRO 1-3/8"" (DISCO 12"" 4,8HP) MARCA RYOBI",[NO MATCH],4767.782461538462,4767.782461538462
EQU598,SOLDADORA MARCA LINCOLN DE CORRIENTE-ALTERNA= 225 A,[NO MATCH],4816.076923076923,4816.076923076923
EQU178,"CORTADORA DE TUBOS MANUAL DE 1/8""-1""",[NO MATCH],160.5196923076923,160.5196923076923
EQU211,"DOBLADORA DE TUBO EMT HASTA 3/4"" /B-1678 (RIDGID)",[NO MATCH],317.1930769230769,317.1930769230769
EQU389,LLAVE DE TUBO # 14 RIDGID,[NO MATCH],242.39646153846155,242.39646153846155
EQU577,SEGUETA AJUSTABLE,[FUZZY] SEGUETA AJUSTABLE (ARCO),223.51184615384616,0.70224
EQU113,"CINTA METRICA T/TOPOGRAFO DE LARGO= 50 m, MARCA STANLEY",[NO MATCH],264.40276923076925,264.40276923076925
EQU629,"TERRAJA MANUAL RIGID 1/2-1""",[NO MATCH],1009.8496923076924,1009.8496923076924
EQU036,"BROCHA PROFESIONAL RUBI MARCA CERDEX 3""",[NO MATCH],21.77169230769231,21.77169230769231
EQU287,ESCUADRA METALICA DE ALUMINIO DE 60x40 cm,[NO MATCH],187.706,187.706
EQU406,MARTILLO DE GOMA 20 OZ,[NO MATCH],93.21184615384615,93.21184615384615
EQU343,"HACHA DE PESO= 3,5 Lb",[NO MATCH],631.6526153846154,631.6526153846154
EQU394,"MACHETE ROZADOR DE 22"" MARCA BELLOTA",[NO MATCH],60.97861538461539,60.97861538461539
EQU579,"SERRUCHO 26""","[EXACT DESC] SERRUCHO 26""",397.85138461538463,0.7925399999999999
EQU587,"SIERRA CIRCULAR ELECTRICA DE 2-1/8 HP, 7-1/4"", BOSCH",[NO MATCH],5947.666461538462,5947.666461538462
EQU647,TRACTOR DE ORUGAS CAT D8R SIN RIPPER 460 HP,[NO MATCH],16177992.776307693,16177992.776307693
EQU186,"DESMALEZADORA DE POTENCIA= 3,5 HP",[NO MATCH],102.58815384615384,102.58815384615384
EQU393,"MACHETE LINIERO DE 22"" MARCA BELLOTA",[NO MATCH],78.20369230769231,78.20369230769231
EQU468,MOTOSIERRA GRANDE,[EXACT DESC] MOTOSIERRA GRANDE,131.89876923076923,9.68976
EQU078,"CARGADOR DE CADENA CAT 953C CON RIPPER 1,75 M3",[NO MATCH],2585912.109538461,2585912.109538461
EQU149,COMPRESOR CON 2 MARTILLOS 135 p3,[NO MATCH],466.9866153846154,466.9866153846154
EQU234,EQUIPO DE OXICORTE HARRIS MASTER II C/ACCESORIOS,[FUZZY] EQUIPO DE OXICORTE HARRIS MASTER II C/AC,4649.663076923077,13.0476
EQU291,"ESMERIL PORTATIL 7"" BOSCH 8500rpm 2300W MOD.1753",[NO MATCH],22298.79169230769,22298.79169230769
EQU584,SEÑORITA DE RATCHET DE 1 1/2 TON ELEPHANT,[NO MATCH],80560.78246153846,80560.78246153846
EQU398,"MANDARRIA MANGO LARGO DE 5 Kg, MARCA BELLOTA",[NO MATCH],448.5870769230769,448.5870769230769
EQU148,COMPRESOR CON 1 MARTILLO 135 p3,[NO MATCH],425.4556923076923,425.4556923076923
EQU451,MINICARGADOR CAT 226B (MINISHOVEL),[NO MATCH],319154.9316923077,319154.9316923077
EQU079,"CARGADOR DE CADENA CAT 963C CON RIPPER 2,50 M3",[NO MATCH],2586471.7947692308,2586471.7947692308
EQU335,GRUA HIDRAULICA 4TON-M,[FUZZY] GRUA HIDRAULICA 4 TON,172676.68015384616,4.977060000000001
EQU365,"JUEGO DE LLAVES COMBINADAS DE HASTA 1-1/2""",[NO MATCH],363.7884615384616,363.7884615384616
EQU611,TALADRO INDUSTRIAL DE POTENCIA= 3/4 HP,[FUZZY] TALADRO INDUSTRIAL POTENCIA 3/4 HP,19756.648769230767,5.0648
EQU051,CAMION CISTERNA CAP= 10 M3 - PARA AGUA,[NO MATCH],987740.0615384616,987740.0615384616
EQU082,"CARGADOR DE RUEDAS CAT 928G 1,9 M3",[NO MATCH],1352767.697230769,1352767.697230769
EQU646,TRACTOR DE ORUGAS CAT D8R CON RIPPER 460 HP,[NO MATCH],9319047.857692309,9319047.857692309
EQU643,TRACTOR CAT D9T CON RIPPER,[FUZZY] TRACTOR CAT D-9 SIN RIPPER,7525325.241538461,3193.22
EQU131,COMPACTADORA CAT CS-323C DE SUELOS,[FUZZY] COMPACTADORA CAT CS-323 DE RODILLO,916278.7715384616,462.4659
EQU465,MOTONIVELADORA CAT 120H CON RIPPER,[NO MATCH],2476535.6343076923,2476535.6343076923
EQU401,"MANGUERA PLASTICA DE D= 1/2"" Y L=100 m (TIPO CULEBRA)","[FUZZY] MANGUERA PLASTICA D=1/2"" L=100 MTS (TIPO",727.7555384615384,1.49752
EQU561,RETROEXCAVADORA CAT 420D 4X4,[FUZZY] RETROEXCAVADORA CAT 420 E 4X4,900760.9533846154,502.8133296
EQU092,CARRETON BUGGI 150 L RUEDAS DE GOMA,[NO MATCH],6635.252307692308,6635.252307692308
EQU099,"CEPILLO DE CARPINTERO STANLEY 15""",[NO MATCH],513.1915384615385,513.1915384615385
EQU414,MARTILLO PARA CARPINTERO,[NO MATCH],324.2076923076923,324.2076923076923
EQU588,"SIERRA DE MESA P/MADERA,DISCO 35 cm 8.5 HP(GASOLINA)",[NO MATCH],65046.07476923078,65046.07476923078
EQU024,"BOMBA D/ACHIQUE D/3-5HP, DIAMET SUCCION=2""xDESCARGA=2""",[NO MATCH],73.27723076923077,73.27723076923077
EQU399,"MANGUERA D/CAUCHO DIAM=2"", L=15,24 m, P/CAMION CISTERNA",[NO MATCH],957.1906153846154,957.1906153846154
EQU139,COMPACTADORA DE PLANCHA 0.40x0.40 (GASOLINA),[NO MATCH],179.836,179.836
EQU498,PISON,[NO MATCH],3242.499230769231,3242.499230769231
EQU100,"CEPILLO DE GOMA PARA FRISAR DE 6""","[FUZZY] CEPILLO DE ALBAÑIL PARA FRISAR DE 6""",55.298,0.6596
EQU396,MANDARRIA DE PESO= 10 Kgf,[NO MATCH],860.5561538461538,860.5561538461538
EQU449,"MEZCLADORA TIPO TROMPO CAP=0,33 m3, 8,2HP-MOTOR DIESEL",[NO MATCH],73267.85061538461,73267.85061538461
EQU660,"VIBRADOR CABEZAL D=48 mm,AVNU-48 ELECTRICO,L=4M",[NO MATCH],7149.185230769231,7149.185230769231
EQU064,CAMION PERFORADOR CALDWELL,[FUZZY] CAMION TIPO PERFORADOR CALDWELL,1855808.857076923,212.278
EQU066,"CAMION PLATAFORMA CAP=3.5 TON, VOL=8 M3 CON BARANDA",[NO MATCH],382095.3083076923,382095.3083076923
EQU065,"CAMION PLATAFORMA CAP=10 TON, VOL=20 M3",[NO MATCH],459708.2992307692,459708.2992307692
EQU273,EQUIPO PARA PREPARAR BENTONITA,[EXACT DESC] EQUIPO PARA PREPARAR BENTONITA,349352.4826153846,77.06
EQU479,PALA RECTANGULAR (M/METAL NEGRO) BELLOTA,[NO MATCH],144.532,144.532
EQU663,VIBRADOR GASOLINA 5 HP L.MANGUERA=5 Mts CABEZAL 37mm,[NO MATCH],13118.56,13118.56
EQU284,ESCALERA TIPO TIJERA DE ALUMINIO D/12 TRAMOS,[NO MATCH],1943.5652307692308,1943.5652307692308
EQU232,EQUIPO DE OXIACETILENO C/ACCESORIOS,[FUZZY] EQUIPO OXIACETILENO C/ACCESORIOS,76.20800000000001,16.49
EQU446,"MEZCLADORA D/CONCRETO CAP=0,75 m3, 24HP, MOTOR DIESEL",[NO MATCH],574502.8386153845,574502.8386153845
EQU161,CORBATA P/ENCOFRADO DE COLUMNA JUEGO=4 UND L=0.90 Mt,[NO MATCH],228.67369230769236,228.67369230769236
EQU492,PERRO PARA ENCOFRADO (IMPORTADO),[NO MATCH],34.95015384615385,34.95015384615385
EQU145,COMPRESOR 250 CFM MATTEI (GASOIL) (USADO),[NO MATCH],587698.9649230769,587698.9649230769
EQU322,FORMALETA P/LOSA RETIC. DE FIBRON D=75x75 h=30cms,[NO MATCH],192.30769230769232,192.30769230769232
EQU169,"CORTADORA DE CABILLA HASTA 1.3/8"" AUTOMATICA",[NO MATCH],23372.908,23372.908
EQU204,"DOBLADORA DE CABILLA HASTA 1-3/8""",[NO MATCH],42437.99030769231,42437.99030769231
EQU214,ELEVADOR DE CABALLETE CAP= 1 TON,[FUZZY] ELEVADOR DE CABALLETE CAPACIDAD 1 TON,8805.131384615384,2.97297
EQU546,"QUEMADOR A GAS C/SOPLETE, MANGUERA 3 Mts (PLOM.)CALASOL",[NO MATCH],461.9895384615385,461.9895384615385
EQU146,COMPRESOR 3.0 HP COMAIR 287 LTS.,[NO MATCH],7562.096615384616,7562.096615384616
EQU405,MARTILLO BELLOTA DE 710 gr,[NO MATCH],168.96307692307693,168.96307692307693
EQU572,ROLLO DE GUARAL,[NO MATCH],522.3918461538461,522.3918461538461
EQU608,"TALADRO ELECT-MANDRIL 3/8"" BOSCH 1800rpm 450w PERCUTOR",[NO MATCH],2488.132307692308,2488.132307692308
EQU182,CUCHILLA CARTONERA,[NO MATCH],107.90707692307691,107.90707692307691
EQU363,JUEGO DE ATORNILLADORES 15 PZAS STANLEY,[NO MATCH],331.3044615384616,331.3044615384616
EQU503,"PISTOLA DE FIJACIONES PARA TECHO, MARCA JAMERGO",[NO MATCH],2420.9441538461538,2420.9441538461538
EQU576,SALPICADORA RIGO GALVANIZADA,[NO MATCH],285.5273846153846,285.5273846153846
EQU171,CORTADORA DE CERAMICA HASTA 60 RUBI Y ESTUCHE,[NO MATCH],1708.338,1708.338
EQU035,"BROCHA PROFESIONAL RUBI MARCA CERDEX 2""",[NO MATCH],13.641384615384617,13.641384615384617
EQU296,"ESPATULA DE 4""",[NO MATCH],42.19307692307692,42.19307692307692
EQU300,ESPATULA PARA ESQUINAS,[EXACT DESC] ESPATULA PARA ESQUINAS,64.83092307692309,0.0553
EQU008,ANDAMIO COLGANTE ALBA CON 5O MTS DE GUAYA,[NO MATCH],8175.728615384615,8175.728615384615
EQU327,FRESADORA TIPO UNIVERSAL C/ACCESORIOS,[FUZZY] FRESADORA TIPO UNIVERSAL CON ACCESORIOS,83173.10261538462,33.03324
EQU404,MAQUINA P/ PULIR Y EMPLOMAR PISO 5HP 220V 1F ELECTRICA,[NO MATCH],88886.39507692307,88886.39507692307
EQU569,RODILLO PARA EXTENDER GRANITO GRANDE,[FUZZY] RODILLO GRANDE PARA EXTENDER GRANITO,7832.509538461539,3.34742
EQU355,HIDROLIMPIADORA 1500psi 110V,[NO MATCH],389.7764615384616,389.7764615384616
EQU403,"MAQUINA FLEXIBLE P/PULIR Y EMPLOMAR 1 HP, 9 PIES ELECT",[NO MATCH],35885.765076923075,35885.765076923075
EQU285,ESCALERA TIPO TIJERA DE ALUMINIO DE 7 TRAMOS,[NO MATCH],1261.1653846153847,1261.1653846153847
EQU018,"BANDEJA METALICA PARA RODILLO DE 9"", MARCA CERDEX",[NO MATCH],95.49446153846156,95.49446153846156
EQU037,"BROCHA PROFESIONAL RUBI MARCA CERDEX 4""",[NO MATCH],26.976,26.976
EQU570,"RODILLO PARA PINTURA DE CAUCHO 9""x24mm, MARCA CERDEX",[NO MATCH],23.273692307692308,23.273692307692308
EQU097,CEPILLO CARRETERO Nro.14 P/BARRER MEDIANO,[NO MATCH],63.542923076923074,63.542923076923074
EQU347,"HARAGAN PARA PISO DE 18"" (IMPERMEABILIZAR)","[FUZZY] HARAGAN GRANDE 18"" P/IMPERMEABILIZAR",171.06707692307694,0.7928999999999999
EQU033,BOMBONA DE GAS DE 18 KG. (CONSUMIBLE),[NO MATCH],444.66184615384617,444.66184615384617
EQU545,"QUEMADOR A GAS (SOPLETE), MANGUERA 10 Mts Y REGULADOR",[NO MATCH],724.3816923076922,724.3816923076922
EQU366,"JUEGO DE LLAVES DE 1/16"" HASTA 1/4"", MARCA ALLEN",[NO MATCH],133.4566153846154,133.4566153846154
EQU253,EQUIPO PARA ALBAÑILERIA TIPO 1,[NO MATCH],2843.8116923076923,2843.8116923076923
EQU282,ESCALERA EXTENSIBLE ALUMINIO 20 TRAMOS,[NO MATCH],2035.939692307692,2035.939692307692
EQU315,"EXTENSION DE ALUMINIO P/RODILLO D/1,5-3 m, MARCA CERDEX",[NO MATCH],119.38923076923078,119.38923076923078
EQU373,"KIT DE PINTURA (BANDEJA PLASTICA, RODILLO (9"") Y FUNDA)",[NO MATCH],70.90230769230769,70.90230769230769
EQU586,"SIERRA CIRCULAR ELECT DE POTENCIA= 2-1/8HP Y D= 7-1/4""",[NO MATCH],7172.324615384615,7172.324615384615
EQU163,CORTADOR DE VIDRIOS SILVERIN No 100,[NO MATCH],433.8347692307692,433.8347692307692
EQU152,"COMPRESOR DE POTENCIA= 1,5 HP CON ACCESORIOS P/PINTURA",[NO MATCH],76.20800000000001,76.20800000000001
EQU508,"PISTOLA PROFESIONAL PARA PINTAR, MARCA DEFINYK",[NO MATCH],1880.0904615384616,1880.0904615384616
EQU034,"BROCHA PROFESIONAL RUBI MARCA CERDEX 1""",[NO MATCH],9.258,9.258
EQU207,"DOBLADORA DE TUBO CONDUIT HASTA 1/2"" /B-1709",[NO MATCH],254.06615384615384,254.06615384615384
EQU624,"TARRAJA ELECTRICA DE 1/2"" A 2""",[NO MATCH],25.60723076923077,25.60723076923077
EQU208,"DOBLADORA DE TUBO CONDUIT HASTA 3/4"" /B-1711",[NO MATCH],340.0338461538462,340.0338461538462
EQU206,"DOBLADORA DE TUBO CONDUIT HASTA 1"" /B-1712",[NO MATCH],407.6241538461538,407.6241538461538
EQU177,"CORTADORA DE TUBOS DE HIERRO NEGRO 2"" A 6""",[NO MATCH],76.20800000000001,76.20800000000001
EQU623,"TARRAJA ELECTRICA 2 1/2"" HASTA 4""",[NO MATCH],219.83153846153849,219.83153846153849
EQU501,PISTOLA DE FIJACION HILTI DX460,[NO MATCH],10676.666307692309,10676.666307692309
EQU210,"DOBLADORA DE TUBO EMT HASTA 1/2"" /B-1677(RIDGID)",[NO MATCH],220.6183076923077,220.6183076923077
EQU209,"DOBLADORA DE TUBO EMT HASTA 1"" /B-1679",[NO MATCH],337.3506153846154,337.3506153846154
EQU114,"CINTA PASACABLES D/1/4"" (6,35mm) x 61m, MARCA GREENLEE",[NO MATCH],813.786,813.786
EQU115,"CINTA PASACABLES D/100 ft (1/8"") C/CAJA, MARCA GREENLEE",[NO MATCH],400.80507692307697,400.80507692307697
EQU345,"HALACABLES ELECTRICO DE 4000 Lb, MARCA GREENLEE",[FUZZY] HALACABLE ELECTRICO 4000 LB GREENLEE,684345.1807692308,47.568
EQU495,PINZA PELACABLES TIPO AUTOMATICA,[NO MATCH],97.00723076923076,97.00723076923076
EQU666,VOLTIAMPERIMETRO ANALOGO SK-7100 600V 600A 20kOhm KAISE,[NO MATCH],129.17046153846152,129.17046153846152
EQU004,"ALICATE PELACABLES AUTOMATICO, MARCA GREENLEE",[FUZZY] ALICATE PELACABLES AUTOMATICO GREENLEE O,151.99430769230767,0.5729
EQU189,DESTORNILLADOR ELECTRICO DE 4.000 rpm,[FUZZY] DESTORNILLADOR ELECTRICO 4.000 RPM O SIM,432.35430769230766,3.50145
EQU030,BOMBA MANUAL PARA PRUEBAS HIDRAULICAS C/FILTRO,[FUZZY] BOMBA MANUAL PARA PRUEBAS HIDRAULICAS ME,4903.607076923077,11.0116
EQU612,"TALADRO TE-15 HILTI ELECTRICO (3/8"" A 5/8"")",[NO MATCH],7196.663692307692,7196.663692307692
EQU109,"CINCEL PLANO DE DIAMETRO= 1"" (2,540 cm)",[NO MATCH],213.4183076923077,213.4183076923077
EQU179,CRISOL P/PLOMO 8,[NO MATCH],2458.21,2458.21
EQU397,"MANDARRIA MANGO CORTO DE 1,5 Kg, MARCA BELLOTA",[NO MATCH],169.90646153846154,169.90646153846154
EQU599,SOLDADORA MILLER BIG-50 400 AMP (USADA),[NO MATCH],36825.20784615384,36825.20784615384
EQU613,"TALADRO TE-25 HILTI ELECTRICO (1/2"" A 7/8"")",[NO MATCH],10561.762153846154,10561.762153846154
EQU628,TERRAJA ELECTRICA RIDGID 300 COMP.,[NO MATCH],90857.5413846154,90857.5413846154
EQU602,SOPLETE P/SOLD. EST./PLOMO GASOLINA BLANCA 2 LITROS,[NO MATCH],277.1004615384615,277.1004615384615
EQU384,"LLAVE AJUSTABLE DE 8"", MARCA ACCESA",[NO MATCH],92.29523076923076,92.29523076923076
EQU583,SEÑORITA DE CADENA DE CAPACIDAD= 5 TON,[NO MATCH],102.58815384615384,102.58815384615384
EQU122,CIZALLA PARA LAMINAS HASTA 6mm,[NO MATCH],195.368,195.368
EQU634,TIJERA PARA CORTAR PERFILES,[FUZZY] TIJERA PARA CORTAR PERFILES LIVIANOS,199.09415384615383,0.9912
EQU667,VOLTIAMPERIMETRO DIGITAL SK-7625 600V 600A 20MOhm KAISE,[NO MATCH],202.69369230769232,202.69369230769232
EQU297,"ESPATULA DE 6""",[NO MATCH],91.37615384615384,91.37615384615384
EQU303,ESPONJA GRANDE,[NO MATCH],22.44892307692308,22.44892307692308
EQU317,EXTENSION PARA HARAGAN,[NO MATCH],24.824153846153845,24.824153846153845
EQU348,HARAGAN PARA VIDRIO,[NO MATCH],61.11953846153846,61.11953846153846
EQU428,"MECATE DE NYLON DE DIAMETRO= 3/4"" Y LARGO= 50 m",[NO MATCH],108.55953846153848,108.55953846153848
EQU013,APLICADORES PARA FUMIGACION,[NO MATCH],2237.528,2237.528
EQU015,ASPERJADORA MANUAL PLASTICO P/FUMIG.,[NO MATCH],6705.532,6705.532
EQU473,NEBULIZADORES PLASTICO PARA FUMIGACION,[NO MATCH],12688.99,12688.99
EQU301,ESPOLVOREADORA PARA FUMIGACION,[NO MATCH],6509.750307692308,6509.750307692308
EQU302,ESPOLVOREADORAS PLASTICAS PARA FUMIGACION,[NO MATCH],2443.420923076923,2443.420923076923
EQU175,CORTADORA DE GRAMA 5.0 HP C/MOTOR A GASOLINA (CUALITA),[FUZZY] CORTADORA DE GRAMA 5.0 HP C/MOTOR A GASO,33691.119692307686,66.06599999999999
EQU635,"TIJERA PARA PODAR DE LARGO= 12"", MARCA STANLEY",[NO MATCH],160.79923076923075,160.79923076923075
EQU050,CAMION CISTERNA 15.000 LTS.,[FUZZY] CAMION CISTERNA 15.000 LTS,3996811.217692308,330.32
EQU467,"MOTOSIERRA DE 30"", DE POTENCIA= 5,1 HP A GASOLINA",[NO MATCH],18060.86323076923,18060.86323076923
EQU185,DESMALEZADORA 2.5 HP marca SHINDAWA,[NO MATCH],10656.310307692307,10656.310307692307
EQU550,RASTRILLO JARDINERO,[NO MATCH],108.86953846153848,108.86953846153848
EQU046,CAMION CESTA MARCA KODIAK,[NO MATCH],736278.4707692307,736278.4707692307
EQU011,ANDAMIO TUBULAR DE UNO A TRES CUERPOS MAS DOS TABLAS,[NO MATCH],60.54046153846154,60.54046153846154
EQU060,CAMION GRUA CAP.4 - 6 TON,[NO MATCH],554771.9884615385,554771.9884615385
EQU098,CEPILLO DE ALAMBRE 15 FILASx4 HILERAS MARCA CERDEX,[NO MATCH],59.02461538461538,59.02461538461538
EQU294,ESPATULA CON MANGO DE 6 cm,[NO MATCH],32.58692307692308,32.58692307692308
EQU160,CONOS D/SEÑALIZACION DE POLIETILENO D= 35x35x70 Cms,[NO MATCH],335.382,335.382
EQU286,ESCOBA,[NO MATCH],43.707076923076926,43.707076923076926
EQU053,CAMION DE VOLTEO FORD CARGO 1721,[NO MATCH],421191.85646153847,421191.85646153847
EQU159,CONOS D/SEÑALIZACION DE POLIETILENO D= 28x28x50 Cms,[NO MATCH],184.99784615384613,184.99784615384613
EQU357,"HIDROLIMPIADORA D/PRESION=1800 Psi, 3 HP, AGUA-CALIENTE",[NO MATCH],8935.011538461538,8935.011538461538
EQU241,EQUIPO HIDROJET 220V / IF 2300 Lb,[NO MATCH],23831.23076923077,23831.23076923077
EQU346,HARAGAN,[NO MATCH],47.25969230769231,47.25969230769231
EQU052,CAMION DE VOLTEO FORD 350 (CHASIS-CABINA) 8 CILINDROS,[NO MATCH],235173.36184615383,235173.36184615383
EQU560,RETROEXCAVADORA CAT 416D 4X4,[FUZZY] RETROEXCAVADORA CAT 416 4X4,835108.2186153847,440.44
EQU341,GUAYA DESTAPADORA C-4 MARCA RIDGID,[EXACT DESC] GUAYA DESTAPADORA C-4 MARCA RIDGID,562.2564615384615,16.516000000000002
EQU084,"CARGADOR DE RUEDAS CAT 950G 3,25 M3",[NO MATCH],2652067.758615385,2652067.758615385
EQU248,EQUIPO MENOR BASICO PARA UN OBRERO,[EXACT DESC] EQUIPO MENOR BASICO PARA UN OBRERO,3394.259076923077,14.4
EQU509,PLANTA DE ASFALTO WIRTGEN 120 TON,[NO MATCH],1022152.7636923078,1022152.7636923078
EQU059,CAMION FIAT IMPRIMADOR ROSCO,[FUZZY] CAMION CON IMPRIMADOR ROSCO,1169885.2112307693,162.325548
EQU457,MOTOBARREDORA MECANICA JOHNSTON MOD. V3000 SP,[FUZZY] BARREDORA MECANICA JOHNSTON MOD. 3000 SP,4249349.26323077,10.673063999999998
EQU058,CAMION F350 REMOLQUE TECHADO.,[NO MATCH],346544.0463076923,346544.0463076923
EQU127,COMPACTADORA CAT CB-224E DE ASFALTO (RODILLO),[NO MATCH],423848.7629230769,423848.7629230769
EQU129,COMPACTADORA CAT CB-634D DE ASFALTO (RODILLO),[NO MATCH],1929578.7993846156,1929578.7993846156
EQU133,COMPACTADORA CAT PS-500 (FRA) DE NEUMATICOS,[NO MATCH],4058782.688153846,4058782.688153846
EQU009,ANDAMIO COLGANTE CON EQUIPO COMPLETO Y SIN CONTRAPESO,[NO MATCH],161.55923076923077,161.55923076923077
EQU049,"CAMION CHEVROLET-CHEYENNE, 3,5 TON-3 M (CHASIS-CABINA)",[NO MATCH],342916.7407692308,342916.7407692308
EQU247,EQUIPO LIVIANO TALLER HERRERIA,[FUZZY] EQUIPO LIVIANO DE TALLER HERRERIA,32810.49676923077,8.368400000000001
EQU469,MOTOSOLDADORA 80-575 Amp LINCOLN MOD.SAE-400,[NO MATCH],499769.4483076923,499769.4483076923
EQU007,ANDAMIO COLGANTE,[EXACT DESC] ANDAMIO COLGANTE,48.18584615384615,16.49
EQU409,"MARTILLO DEMOLEDOR ELECT. PEQUEÑO DE 850w-5Kg, BOSCH",[NO MATCH],36536.50892307692,36536.50892307692
EQU381,"LIJADORA ORBITAL, MARCA SKIL",[NO MATCH],3900.010615384616,3900.010615384616
EQU367,JUEGO DE LLAVES DE COPA DE 4 PIEZAS,[NO MATCH],179.4029230769231,179.4029230769231
EQU551,RATCHET DE 14 PIEZAS,[NO MATCH],844.7609230769231,844.7609230769231
EQU472,MULTIMETRO DE QUIJADA MARCA FILPIN,[NO MATCH],7072.832307692307,7072.832307692307
EQU028,BOMBA DE VACIO MODELO 4CFM,[NO MATCH],14661.300923076924,14661.300923076924
EQU369,JUEGO DE MANOMETROS Y REGULADOR,[NO MATCH],2765.386307692308,2765.386307692308
EQU344,"HALACABLES ELECTRICO DE 2000Lb, MARCA GREENLEE",[FUZZY] HALACABLES ELECTRICO 2000 LBS GREENLEE O,24751.05692307692,9.88
EQU094,CARRUCHA DE 2 RUEDAS,[NO MATCH],1130.858923076923,1130.858923076923
EQU091,CARRETILLA TIPO ZORRA DE RUEDAS NEUMATICAS,[NO MATCH],622.7898461538462,622.7898461538462
EQU014,ASA CON VENTOSAS PARA SOSTENER VIDRIO (MAX 550 Kgf),[FUZZY] ASA VENTOSA PARA VIDRIO (MAX 550 KG),3973.905692307692,0.424
EQU290,"ESMERIL DE DIAMETRO= 7""",[NO MATCH],32.377692307692314,32.377692307692314
EQU349,HERRAMIENTAS MENORES,[EXACT DESC] HERRAMIENTAS MENORES,4587.373846153846,0.3593228799999999
EQU412,MARTILLO LAMINERO,[NO MATCH],1015.8650769230768,1015.8650769230768
EQU227,EQUIPO BASICO PARA UN ALBAÑIL,[FUZZY] EQUIPO BASICO PARA ALBAÑIL,1578.335076923077,15.84
EQU288,ESCUADRA TIPO T DE ALUMINIO,[NO MATCH],1074.819076923077,1074.819076923077
EQU293,"ESPATULA CON MANGO DE 1-1/2"", MARCA DANCER-CERDEX",[NO MATCH],16.69923076923077,16.69923076923077
EQU338,GUANTES DE CARNAZA,[FUZZY] GUANTES DE TELA Y CARNAZA,69.32523076923077,0.2296
EQU374,LENTES DE SEGURIDAD,[EXACT DESC] LENTES DE SEGURIDAD,34.356923076923074,0.1101
EQU416,MASCARILLA PARA PINTURA Y OLORES,[NO MATCH],17.326307692307694,17.326307692307694
EQU506,PISTOLA PARA CALAFATEO,[FUZZY] PISTOLA PARA CALAFATEO (RELLENAR),85.96953846153846,0.6164000000000001
EQU571,"RODILLO PARA PINTURA TIPO ESMALTE 9""x6mm, MARCA CERDEX",[NO MATCH],51.02953846153847,51.02953846153847
EQU220,EQUIPO # 1 PARA INSTALACION ELECTRICA,[NO MATCH],16287.580615384615,16287.580615384615
EQU188,DESTAPADORA D/CAÑERIAS RIDGID MOD.K-50S/ACC.115V,[NO MATCH],5438.677384615385,5438.677384615385
EQU385,LLAVE AYUDANTE DE PLOMERO RIDGID 1017,[NO MATCH],197.73769230769236,197.73769230769236
EQU298,ESPATULA LLANA DOBLE P/ENCAMISADO D/PARED 30cm DANCER,[FUZZY] ESPATULA LLANA DOBLE P/ENCAMISADO L=30 C,55.18492307692308,0.3636
EQU637,TOBO DE CAPACIDAD= 17 l,[NO MATCH],208.71861538461536,208.71861538461536
