CodEqu,Descri,CosDia
ALB000,EQUIPO PARA TABIQUERIA / CIELO RASO/ DRY,22.01
ALB001,CARRETON 150 LT TIPO BUGGY P/ACARREO,55.06
ALB002,CARRETILLA CAP= 55 LT CAUCHOS DE GOMA,4.67975
ALB003,CARRETILLA CAP= 110 LT RUEDAS DE GOMA,7.4878
ALB004,HERRAMIENTAS MENORES,0.44274
ALB005,CARRETON P/VACIADO DE CONCRETO TIPO BUGG,27.528
ALB006,CUBETA/ENCOFRADO PLASTICO P/LOSA RETICUL,0.74
ALB007,EQUIPO PARA COLOCACION DE CERAMICA,5.53
ALB008,EQUIPO BASICO PARA PUESTA EN OBRA DE CON,5.53
ALB009,EQUIPO PULIDO GRANITO,34.68519
ALB010,EQUIPOS VARIOS DE ALBAÑILERIA,22.01
ALB011,ESPATULA DE 6 CM CON MANGO,0.5505
ALB012,HERRAMIENTAS PARA CUADRILLA OBRAS CIVILE,3.25044
ALB013,"JUEGO DE PALA, PICO Y CARRETILLA",13.21
ALB014,MANGUERA DE DESCARGA X 10 MTS,4.5697
ALB015,"MANGUERA (SUCCION) DIAM= 2"". L= 15 M",2.7529000000000003
ALB016,"MANGUERA PLASTICA TIPO CULEBRA D=1/2"" L=",1.9488
ALB017,MAQUINA PULIDORA DE GRANITO,60.58
ALB018,SET DE HERRAMIENTAS P/PISO LAMINADO MDF,0.66045
ALB019,TALADRO ELECTRICO,6.61
ALB020,"EQUIPOS: TALADRO, TESTER Y MEDICION ELEC",4.4044
ALB021,CUCHARA NACIONAL PARA ALBAÑIL,0.2266
ALB022,CUCHARA PLANA PARA ALBAÑILERIA,0.1982
ALB023,SALPICADORA RIGO,2.18
ALB024,"NIVEL DE 3 BURBUJAS Y 18""",0.5325099999999999
ALB025,"CEPILLO DE ALBAÑIL PARA FRISAR DE 6""",0.6596
ALB026,TOBO PLASTICO DE ALBAÑIL/ACARREO/EXC,0.91321
ALB027,PALA NACIONAL CON CABO DE MADERA,1.01048
ALB028,EQUIPO PARA PULIR GRANITO,29.72997
ALB029,EQUIPO PARA GRANITO,16.49
ALB030,EQUIPO MENOR,5.53
ALB031,MANGUERA PLASTICA DE DESCARGA DE 2 PULG,6.606000000000001
ALB032,MAQUINA LIVIANA DESBASTADORA DE GRANITO,1.079148
ALB033,MAQUINA MANUAL DESBASTADORA DE GRANITO,0.863296
ALB034,"ESPATULA CON MANGO HOJA CON ANCHO=10""",0.6156
ALB035,ESPATULA,0.2644
ALB036,ESPATULA LLANA DOBLE P/ENCAMISADO L=30 C,0.3636
ALB037,EQUIPOS MENORES DE ALBAÑILERIA,16.49
ALB038,EQUIPO TIPO 1 ACABADO INTERIOR,5.53
ALB039,ASPERSOR/ROCIADOR -FUMIGADOR DE ESPALDA ,3.10158
ALB040,REGLA DE MADERA,0.2202
ALB041,PLOMADA IMPORTADA,0.3070799999999999
ALB042,ESCUADRA METALICA ALUMINIO,0.1982
ALB043,"NIVEL, PLOMADA, ESCUADRA Y CINTA METRICA",0.6443099999999999
ALB044,"PIQUETA, TENAZA, CUCHARA PLANA (ALBAÑILE",3.5676
ALB045,SIERRA ELECTRICA CIRCULAR,7.5538
ALB046,TALADRO Y MECHA P/ ANCLAJES EN CONCRETO,33.06
ALB047,TALADRO DE BAJA REVOLUCION PARA MEZCLADO,11.01
ALB048,BARRA METALICA DE 1.47 MTS,2.544
ALB049,EQUIPO MENOR PARA DEMOLICION MANUAL,1.6908
ALB050,EQUIPO LIVIANO DE ALBAÑILERIA,13.21
ALB051,MARTILLO TIPO GOMA / MAZO DE GOMA,0.2423999999999999
ALB052,HERRAMIENTAS MENORES PARA EXCAVACION,3.5238400000000003
ALB053,"BARRA METALICA PARA HOYAR L=1,47 MT",1.894
ALB054,HERRAMIENTAS PARA EXCAVACION A MANO,2.66552
ALB055,HERRAMIENTAS MANUALES PARA EXCAVACION A ,11.4019
ALB056,PICO BELLOTA O SIMILAR / IMPORTADO,0.5815699999999999
ALB057,PALIN,0.24777
ALB058,JUEGO DE DESTORNILLADORES MIXTOS 8 PZAS,1.305
ALB059,ESMERIL MULTIUSO MANUAL,11.5623
ALB060,TALADRO INDUSTRIAL CON ACCESORIO P/LIJAR,1.21115
ALB061,RODILLO DE ACERO PARA PISO DE GRANITO,0.59285
ALB062,ASPERSOR PARA RIEGO/JARDINERIA,0.46688
ALB063,DESTORNILLADOR ELECTRICO 4.000 RPM O SIM,3.50145
ALB064,MANDARRIA MANGO CORTO 3 KG BELLOTA O SIM,1.6516
ALB065,MANDARRIA MANGO LARGO 6 KG BELLOTA O SIM,0.9138
ALB066,MARTILLO TIPO CARPINTERO BELLOTA O SIMIL,0.99
ALB067,"CEPILLO, CUCHARA, PALA, CARRETILLA (JGO)",12.88248
ALB068,"PIQUETA, CUCHILLA",1.485
ALB069,"TENAZA, PIQUETA Y MARTILLO (ALBAÑILERIA)",4.008
ALB070,"CINTA METRICA, NIVEL BURBUJA, PLOMADA",0.6935399999999999
ALB071,"CARRETILLA RUEDA NEUMATICA 10""",5.0208
ALB072,PICO NACIONAL (INCLUYE CABO),1.23486
ALB073,CARRETILLA PARA CONSTRUCCION,4.4698
ALB074,PLOMADA JOROPO ALBAÑIL 300 GRAMOS,0.3306
ALB075,"CEPILLO ALBAÑILERIA TIPO PALUSTRA, MANGO",1.5858
ALB076,CUCHILLA PARA CORTES,0.3298
ALB077,"CUCHARA DE 6""  BELLOTA  O SIMILAR",0.6824
ALB078,"CORTADORA DE CERAMICA 24"" RUBI SIMILAR T",11.0116
ALB079,PALA PUNTA RECTANGULAR CON CABO #,2.17158
ALB080,PIQUETA,1.3209
ALB081,PALA CON CABO DE MADERA BELLOTA O SIM #,1.3107
ALB082,MARTILLO TIPO CARPINTERO STANLEY,0.518
ALB083,"PISTOLA NEUMATICA DE PERCUSION 5/8""",4.4044
ALB084,"JUEGO DE PALA, MANDARRIA Y CARRETILLA",16.49
ALB085,"TALADRO P/PERFORAR CONCRETO HASTA 1""",16.49
ALB086,PALUSTRA DENTADA CON MANGO DE GOMA,0.3298
ALB087,ESPONJA DE ALBAÑIL (CEPILLO DE GOMA),0.5976
ALB088,"JUEGO: ESPONJA, CEPILLO Y CUCHARA P/ALBA",1.5207
ALB089,BARRA PATA DE CABRA (HERRAMIENTA),1.6356
ALB090,PIQUETA Y PALA,1.4092
ALB091,JUEGO DE PICO Y PALA,2.8903000000000003
ALB092,CEPILLO DE ALBAÑILERIA TIPO LLANA,1.8657
ALB093,RATON / PALUSTRA P/REMATE,1.4840999999999998
ALB094,CAVADORA HOYO MANUAL DOS CABOS DE MADERA,1.696
ALB095,ESCARDILLA CON CABO DE MADERA,1.0138
ALB096,HOZ MANUAL DE PUNTA PARA CORTAR VEGETACI,1.1892
ALB097,"TALADRO 3/8"" BOSCH 1800 RPM 450 W PERCUS",1.5128700000000002
ALB098,TALADRO INDUSTRIAL POTENCIA 3/4 HP,5.0648
ALB099,MAQUINA P/EMPLOMAR-PULIR GRANITO-MARMOL,77.06
ALB100,MAQUINA ELECT P/EMPLOMAR-PULIR PISO 9HP ,40.19045
ALB101,"ESMERIL PORTATIL 7"" BOSCH 8500 RPM O SIM",11.5612
ALB102,"CIZALLA TIPO TIJERA MANUAL 24"" RIDGID O ",3.7438
ALB103,"TARRAJA MANUAL HASTA 2"" Y ACCESORIOS",2.03145
ALB104,TARRAJA - ROSCADORA ELECTRICA RIDGID MOD,13.2133
ALB105,INYECTOR ROTOJET,1.19469
ALB106,SAND BLASTING ARENADOR - 04 MAX.365PSI 2,44.03
ALB107,SIERRA DE MESA D=35 CM 8.5 HP PARA MADER,8.146080000000001
ALB108,CEPILLO DE CARPINTERO STANLEY O SIM,4.8231
ALB109,SIERRA CIRCULAR ELECTRICA 2 1/8 HP D=7 1,7.2676
ALB110,LLAVE DE TUBO RIDGID O SIMILAR,3.5236
ALB111,"CORTADORA DE TUBOS MANUAL DIAMETROS 1/8""",3.7989
ALB112,CARRETILLA CAP= 55 LT,3.8976
ALB113,RODILLO GRANDE PARA EXTENDER GRANITO,3.34742
ALB114,PISTOLA DE FIJACION /CLAVOS HILTI DXA-41,12.52611
ALB115,"LLAVES EN JUEGO / TIPO ALLEN 1/16 - 1/4""",0.1762
ALB116,JUEGO DE PLANTILLA METALICA P/DEMARCACIO,3.0824000000000003
ALB117,TANQUE DE ALMACENAMIENTO DE AGUA CAP=40.,6.936978999999999
ALB118,HIDROLIMPIADORA WATERBLAST 7.5HP-HIDROJE,5.945894999999999
ALB119,"CORTADORA ELECT. DE METALES 1 3/8"" DISCO",27.681
ALB120,DOBLADORA AUTOMATICA DE CABILLA HASTA 1 ,5.505560000000001
ALB121,MARTILLO HIDRAULICO POCLAIN MOD. B-70 P/,114.371163
ALB122,MARTILLO ELECTRICO DEMOLEDOR HILTI O SIM,24.775
ALB123,SEÑORITA MANUAL DE CADENA HASTA 5 TON,11.01
ALB124,FRESADORA TIPO UNIVERSAL CON ACCESORIOS,33.03324
ALB125,JUEGO DE LLAVES COMBINADAS 14 PZAS Y ALL,1.176
ALB126,EQUIPO SILK SCREEN,16.49
ALB127,JUEGO DE PUNZONES,0.6827
ALB128,REGLA VIBRATORIA (EQUIPO LIVIANO MOTORIZ,16.51665
ALB129,VOLTIAMPERIMETRO TIPO PINZA DIGITAL,4.1283
ALB130,KIT PARA FLEJE: FLEJADORA / SELLADOR (HE,1.07364
ALB131,TENSOR TIPO RANA HASTA 4/0,2.7529000000000003
ALB132,"QUEMADOR, SOPLETE, MANGUERA, BOMBONA Y R",11.8908
ALB133,"MANGUERA PLASTICA D=1/2"" L=100 MTS (TIPO",1.49752
ALB134,JUEGO DESTORNILLADORES 10 PZAS STANLEY,1.00755
ALB135,CORTADOR DE VIDRIOS,1.1005
ALB136,"NIVEL DE 3 BURBUJAS 14"" STANLEY",0.4240499999999999
ALB137,SEGUETA AJUSTABLE STANLEY (ARCO),1.9265
ALB138,ESCUADRA METALICA ALUMINIO MARCA ESPN (6,0.286
ALB139,ROLLO DE GUARAL (PABILO),0.088
ALB140,BOMBONA DE GAS / RECIPIENTE (SIN CONSUMI,5.53
ALB141,"SERRUCHO 26""",0.7925399999999999
ALB142,MAQUINA PULIR Y EMPLOMAR GRANITO 1 HP EL,99.09975
ALB143,LLAVES EN JUEGO COMBINADAS PULG. O MILIM,4.4
ALB144,JUEGO DE DESTORNILLADORES PLANOS Y ESTRI,0.69375
ALB145,"EXTENSION ALUMINIO P/RODILLO 1,5 A 3 M P",1.1012000000000002
ALB146,TOBO PLASTICO CAP= 10 LT DE ALBAÑILERIA,0.9247000000000002
ALB147,CINTA METRICA DE FIBRA 50 M,0.5729
ALB148,CEPILLO CARRETERO MEDIANO NRO 14 P/BARRE,0.5286
ALB149,"TENAZA CRESCENT DE 8""",0.4403
ALB150,VIBRADOR A GASOLINA 5 HP L=5 M MANGUERA/,14.86503
ALB151,EQUIPO P/DEMARCACION LINEAL SOBRE CAMION,133.78482
ALB152,"TIJERA PARA PODAR DE 12""",0.33585
ALB153,EQUIPO PARA PREPARAR BENTONITA,77.06
ALB154,"CORTADORA DE TUBOS DE HIERRO HASTA D=6""",110.11
ALB155,PALUSTRA ESPECIAL,0.3964
ALB156,RATCHET 29 PIEZAS MARCA PROTO O SIMILAR,4.8449
ALB157,"MOTOCARRETON DUMPER, 17 HP,3000 RPM, RE=",66.06654
ALB158,REGLA DE ALBAÑIL (TUBO RECTO HIERRO 2X1),0.30492
ALB159,TIJERA PARA CORTAR LAMINAS,0.881
ALB160,ESPATULA PARA ESQUINAS,0.0553
ALB161,CRISOL MEDIAÑO PARA FUNDIR PLOMO,3.7989
ALB162,"LLAVE AJUSTABLE 8"" ACESA O SIMILAR",0.4513
ALB163,"VIBRADOR CABEZAL D= 48 MM, ELECTRICO, L=",17.223896
ALB164,EQUIPO DE OXIACETILENO CON ACCESORIOS,22.01
ALB165,"TALADRO PERCUTOR DE 1/2""",22.01
ALB166,TALADRO PERCUTOR,8.81
ALB167,PALUSTRA LISA CON MANGO PLASTICO,0.5005000000000001
ALB168,PALA PUNTA REDONDA CON CABO (EXCAVACION),1.04788
ALB169,CORTADORA ELECTRICA/HUMEDA DE PORCELANAT,110.11
ALB170,CORTADORA MANUAL PARA PORCELANATO,22.01
ALB171,HERRAMIENTAS MENORES,44.03
ALB172,PISTOLA / DISPENSADOR DE CARTUCHO DE SIL,0.8356
ALB173,EQUIPO DE ALBAÑILERIA,22.01
ALB174,RATON / PALUSTRA P/REMATE ESQUINAS,1.4840999999999998
ALB175,RATON CENTRAL / PALUSTRA P/JUNTA LOSAS,1.4840999999999998
ALB176,MARTILLO TIPO BUJARDA,1.1011
ALB177,MESA-BANCO PARA CARPINTERIA,1.1565
ALB178,"MESA-BANCO P/ALBAÑIL EN MADERA 1,50 X 0,",1.485
ALB179,"MESA PARA CABILLERO EN MADERA 1,50 X 6 M",1.3209
ALB180,MESA- BANCO PARA HERRERIA,7.4319
ALB181,PISTOLA PARA CALAFATEO (RELLENAR),0.6164000000000001
ALB182,JUEGO DE PUNZONES P/PONCHADO,0.9912
ALB183,SERRUCHO PARA CORTES ESPECIALES,0.7709999999999999
ALB184,TAMBOR / PIPOTE DE 200 LTS,2.2022
ALB185,GRAPADORA INDUSTRIAL MANUAL,0.7048
ALB186,GRAPADORA INDUSTRIAL ELECTRICA,3.34736
ALB187,HOJA DE SEGUETA,0.57813938
ALB188,JUEGO DE MECHAS PARA TALADRO (MADERA),1.3209
ALB189,JUEGO DE MECHAS PARA TALADRO (METAL),1.3875
ALB190,CUCHARA PLANA IMPORTADA ALBAÑILERIA,0.1982
ALB191,SIERRA MANUAL PARA CORTAR DRYWALL,0.22024
ALB192,TIJERA PARA CORTE RECTO,0.2123999999999999
ALB193,EXACTO PARA CORTAR,0.13765
ALB194,BARRENADORA MANUAL HOYADORA P/HOYOS PEQU,4.4
ALB195,MANDARRIA  (SLEDGE HAMMER),3.28
ALB196,MARTILLO TIPO CARPINTERO CABO DE FIBRA I,0.881
ALB197,MARTILLO TIPO BOLA STANLEY O SIM IMPORTA,0.352
ALB198,PALA PUNTA RECTANGULAR BRONCE ANTICHISPA,2.42242
ALB199,GUANTES PARA CONSTRUCCION (PAR),1.212
ALB200,BARRENADORA MECANICA AHOYADORA-HOYADORA ,440.44
ALB201,CARRETILLA DE 180 LITROS RUEDA DE GOMA,12.3324
ALB202,TOBO DE GOMA PARA ALBAÑIL,1.1195700000000002
ALB203,MARTILLO CABEZA DE GOMA STANLEY O SIM,0.8259
ALB204,PLOMADA BRONCE 450 GRAMOS,0.7379000000000001
SEG003,CHALECO REFLECTIVO,0.5284000000000001
ALB205,PLOMADA PARA TOPOGRAFO 22 ONZAS,0.3306
ALB206,"SEGUETA PARA HOJA DE 18""",1.3765
ALB207,"HOJA PARA SEGUETA DE 18""",0.303
ALB208,BARRENADORA AHOYADORA/HOYADORA ELECTRICA,13.433800000000002
ALB209,RANURADOR ELECTRICO PARED P/TUBERIAS HAS,13.213360000000002
ALB210,ESCORFINA /LIMA PARA MADERA O PLYCEM,0.6267
ALB211,GRAPADORA INDUSTRIAL NEUMATICA,2.2023200000000003
ALB212,ATORNILLADOR ELECTRICO POTENTE,4.1293500000000005
ALB213,HERRAMIENTAS MENORES,13.21
ALB214,HERRAMIENTAS PARA MECANICO,27.53
ALB215,PISTOLA DE EXPANSION,71.59
ALB216,PISTOLA DE FIJACION,16.49
ALB217,MARTILLO CON FORRO ANTIVIBRACION,0.6609
ALB219,PINZA ALICATE P/NIVELACION CERAMICA PORC,0.36333
ALB220,CORTADORA DE CERAMICA TS-60 C/MALETA,13.2134
ALB221,DISPENSADOR DE EPOXICO HILTI HDE 500 A B,9.9104
ALB222,MEZCLADOR DE BAJA REVOLUCION,49.5
ARB001,EQUIPO PARA SIEMBRA,2.18
ARB002,"HACHA DE 3,5 LIBRAS",1.3218
ARB003,HERRAMIENTAS PARA DEFORESTACION A MANO,9.9099
ARB004,MOTOSIERRA PEQUEÑA A GASOLINA,16.49
ARB005,SIERRA ELECTRICA CIRCULAR DE MANO,11.01
ARB007,"MACHETE ROZADOR DE 22""",0.2201
ARB008,EQUIPOS MENORES PARA DEFORESTACION,6.61
ARB009,EQUIPO PARA CORTE DE VEGETACION MANUAL,5.53
ARB010,ARNES SEGURIDAD P/TRABAJO EN ALTURA 1 JG,7.69
ARB011,CORTADORA DE GRAMA 5.0 HP C/MOTOR A GASO,66.06599999999999
ARB012,"MACHETE LINIERO DE 22""",0.20581
ARB013,PODADORA DE GRAMA A GASOLINA IMPORTADA,110.11
ARB014,RASTRILLO DE 16 DIENTES METALICO,0.9244
ARB015,"TIJERA DE PODAR DE 20""",2.6436
ARB016,HACHA GRANDE,1.4318000000000002
ARB017,"HACHA TRAMONTINA DE 3,5 LBS C/CABO",1.6516
ARB018,FORMON P/MADERA CARPINTERIA,0.5946
ARB019,JUEGO DE FORMONES P/MADERA CARPINTERIA,0.6932999999999999
ARB213,SIERRA ELECTRICA CIRCULAR DE DISCO P/MAN,330.32
ASF001,CAMION ROSCO IMPRIMADOR ASFALTO,495.52
ASF002,CAMION CON IMPRIMADOR ROSCO,162.325548
ASF003,CORTADORA DE ASFALTO/CONCRETO,385.41
ASF004,CAMION F-8000 CON EQUIPO DE ENGRASE,528.532544
ASF005,HERRAMIENTAS P/COLOCAR CONCRETO ASFALTIC,77.06
ASF006,FINISHER PARA ASFALTO CAT. MOD. AP 200 B,214.7164
ASF007,FINISHER PAVIMENTADORA CAT AP 800C O SIM,1761.79
ASF008,GUILLOTINA PARA CORTE DE ASFALTO,330.32
ASF009,HERRAMIENTAS MENORES P/COLOCACION ASFALT,13.2128
ASF010,HERRAMIENTAS PARA COLOCACION DE ASFALTO,44.03
ASF011,HERRAMIENTAS PARA COLOCACION DE IMPRIMAC,3.853
ASF012,MAQUINA DE CORTAR ASFALTO-CONCRETO,572.57696
ASF013,MAQUINA MEZCLADORA Y COLOCADORA DE SLURR,59.45988
ASF014,MINIFINISHER PARA ASFALTO LEE BOY MOD 90,172.96228739999998
ASF015,MOTOBARREDORA SUCCIONADORA DE AIRE JOHNS,35.125464
ASF016,PALIN ROMPEASFALTO PARA MARTILLO,8.918909999999999
ASF017,PERFILADORA DE ASFALTO WIRTGEN 1000 VC,86.65874
ASF018,PLANTA MEZCLADORA DE ASFALTO 250 TON,1321.1608359
ASF019,FRESADORA DE ASFALTO WIRTGEN 100C O SIMI,157.74485330000002
ASF020,PERFORADORA CORE DRILL - EXCLUYE BROCA,110.11
ASF021,"PUNTA P/ASFALTO (PALA 5"") MARTILLO NEUMA",1.25508
ASF022,RECUPERADORA DE ASFALTO CATERPILLAR RR-2,3303.33
ASF023,REGADOR DE ASFALTO CAP=600 GL MEPRE O SI,37.9382
ASF024,REGADOR DE ASFALTO CAP=600GL,57.9146
ASF025,TANQUE PARA EMULSION ASFALTICA (10.000 L,2.7527800000000004
ASF026,CADA MM DESGASTE BROCA DIAMANTE CORE DRI,9.88
ASF027,COMPACTADORA CAUCHOS/NEUMATICOS TAMPO,385.41
ASF028,MEDIDOR MANUAL PARA ESPESOR DE ASFALTO,0.5506000000000001
ASF204,PALIN/CHICURA RASPADOR TRUPER O SIM,0.4562099999999999
ASF205,PALIN MINERO,0.24777
BOM001,"BOMBA DE ACHIQUE MOTOR 5HP 2"" X 2""",44.03
BOM002,"BOMBA DE ACHIQUE 2"" CON MOTOR DE GASOLIN",110.11
BOM003,"MOTOBOMBA 8"" X 6"" 3000 GPM-GALONES POR M",201.28277090000003
BOM004,"BOMBA DE ACHIQUE 3"" X 3"" DIESEL 10 HP",55.06
BOM005,BOMBA MANUAL PRUEBA HIDROSTATICA C/ACC H,33.06
BOM006,BOMBA MANUAL PRUEBA HIDROSTATICA -DIMETR,22.01
BOM007,BOMBA P/CONCRETO-HORMIGON HASTA 35 MTS,385.41
BOM008,"WELL POINT: BOMBAS, COLECTOR, MANGUERAS,",209.2
BOM009,"SISTEMA BOMBEO TIPO: 200 LTS/SEG- 8"" CON",132.12
BOM010,ACCESORIOS PARA EQUIPO DE BOMBEO,7.69
BOM011,"BOMBA DE ACHIQUE 4"" X 4"" DIESEL 12 HP",165.19
BOM012,"BOMBA DE ACHIQUE 6"" X 6"" MOTOR DIESEL",198.22
BOM013,BOMBA DE ACHIQUE PEQUEÑA,44.03
BOM014,"BOMBA, TUBO COLECTOR, MANGUERAS, PUNTAS ",187.19
BOM015,BOMBA HORIZONTAL PARA VACIADO DE CONCRET,220.22
BOM016,"MANGUERAS Y ACCESORIOS PARA MOTOBOMBA 4""",1.96546
BOM017,BOMBA HIDROSTATICA PRESION CAP=2000 LIBR,110.11
BOM018,BOMBA MANUAL PARA PRUEBAS HIDRAULICAS ME,11.0116
BOM019,"ACCESORIOS PARA ACHIQUE: MARACA, MANGUER",0.8356
BOM020,"BOMBA SUMERGIBLE DE 2""",27.53
BOM021,BOMBA NEUMATICA P/PRUEBA HIDROSTATICA 10,2.973015
BOM022,PLANTA TRATAMIENTO AGUAS NEGRAS 12000 LT,34.68483
BOM023,"MANGUERAS, CONEXIONES Y ACCESORIOS",0.02732
BOM024,"BOMBA ACHIQUE 4"" X 4"" DIESEL 10 HP",10.59265
BOM025,"BOMBA ACHIQUE 4"" 10 HP AGUAS NEGRAS 220V",8.25835
BOM026,"BOMBA DE VACIO 7,5 - 8 CFM 1/2 HP",2.58755
BOM027,BOMBA CENTRIFUGA 1250 GPM,132.12
BOM028,BOMBA DE ACHIQUE 5 A 10 HP,77.06
BOM029,BOMBA SOBRE CAMION 2000 GPM PARA DECOQUI,275.29
BOM030,BOMBA DE ACHIQUE 12 HP,110.11
BOM031,EQUIPO PARA PRUEBA HIDROSTATICA,126.63
BOM032,"MOTOBOMBA 8"" X 6"" 3000 GPM",2202.2
BOM033,"MANGUERAS D= 2"" BRIDADA DE ALTA PRESION",440.44
BOM034,"MANGUERA 4"" QC (CONEXION RAPIDA)",572.58
BOM035,"MANGUERAS D= 4"" BRIDADA DE ALTA PRESION",688.2
BOM036,EDUCTOR,82.58
BOM037,BOMBA DE PISTON DE 400 PSI,385.41
BOM038,"MANGUERA D=1/2"" P/AIRE A ALTA PRESION",275.29
BOM039,FILTRO DUPLEX,132.12
BOM040,BOMBA SUMERGIBLE DE 1 HP,5.0656
BOM041,BOMBA SUMERGIBLE CENTRIFUGA 3 HP 220V,8.8088
CAR001,EQUIPO DE CARPINTERIA PARA INSTALACION E,13.21
CAR002,"PRENSA DE BANCO 4"" LOBSTER O SIMILAR",1.04832
CAR003,EQUIPOS PARA CARPINTERIA,3.28
CAR004,EQUIPOS VARIOS DE CARPINTERIA,0.6652800000000001
CAR005,ESTRUCTURA DE SUJECION PROVISIONAL,2.18
CAR006,HERRAMIENTAS VARIAS,1.29
CAR007,HERRAMIENTAS PARA CARPINTERIA,1.29
CAR008,PLANTA TIPO 1 CARPINTERIA,3.4960500000000003
CAR009,TABLERO DE MADERA P/ ENTIBADO (UNIDAD PO,0.3564
CAR010,SEGUETA AJUSTABLE (ARCO),0.70224
CAR011,TABLON DE MADERA (3 USOS),0.7194
CAR012,FORMALETAS PLASTICAS P/ENCOFRADO,1.08
CAR013,ENCOFRADO METALICO REUTILIZABLE,1.29
CAR014,SIERRA DE MESA CON MOTOR DE 5 HP 220 V,9.91002
CAR015,SIERRA DE MESA CON MOTOR DE 8 HP,14.53452
CAR016,LIJADORA DE BANDA,39.6416
CAR017,CONO RECUPERABLE SEPARADOR ENCOFRADO-VAC,0.0655999999999999
CAR018,"SIERRA DE MESA/BANCO HASTA 10""",3.30335
CAR019,EQUIPO MEDIANO DE CARPINTERIA,3.28
CAR020,SIERRA MOVIL PARA CORTE DE CONCRETO,10.405465
CAR021,EQUIPO LIVIANO P/ CERRAJERIA,3.28
CAR022,CEPILLO DE CARPINTERO PARA MADERA,3.567
CAR023,CEPILLO PROFESIONAL DE CARPINTERIA,2.4224
CAR024,CEPILLO DE CARPINTERO STANLEY O SIM,4.955699999999999
CAR025,CEPILLADORA ELECTRICA BLACK & DECKER 769,1.83885
CAR026,EQUIPO PARA ENCOFRADO,3.28
CAR027,LLAVE TENSORA PARA PERROS DE ENCOFRADO,2.6424000000000003
CAR028,PERROS PARA ENCOFRADO,0.53
CAR029,TROMPO ELECTRICO PARA MADERA,2.9796
CAR030,LIJADORA DE BANDA RYOBI BG-424,30.28
CAR031,SIERRA CALADORA ELECTRICA,1.3213
CAR032,PUNTAL METALICO EXTENSIBLE P/ENCOFRADO,1.61
CAR033,FORMALETA METALICA P/DEMARCACION VIAL,1.32128
CAR034,LIJADORA ORBITAL RYOBI O SIMILAR,16.516000000000002
CAR035,LIJADORA DE BANDA/ALQUILER,19.82
CAR036,LIJADORA PARA PISO DE MADERA C/ANTIPOLVO,16.49
CAR037,FORMALETA P/LOSA RETICULAR 75X75,0.30824
CAR038,FORMALETA P/LOSA RETICULAR 50X50,0.24668
CAR039,CORBATAS CON CUÑA P/ENCOFRADO,1.08
CAR040,BASE /TACO DE GOMA PARA LIJAR A MANO,1.09098
CAR041,CORBATA P/ENCOFRAR COLUMNA JGO 4 UNID L=,0.0252
CAR042,CEPILLO/ CEPILLADORA ELECTRICA P/MADERA,13.21
CAR043,FORMALETA METALICA PARA ENCOFRADO L=6 M,2.092
CAR044,"LIMA METALICA MANUAL 12""",0.2201
CAR045,MOTOSIERRA GRANDE,9.68976
CAR046,MOTOSIERRA PEQUEÑA,3.52352
CAR047,FORMALETA P/LOSA RETICULAR 90X90X25 CM,0.33032
COM001,EQUIPO PARA ALBAÑILERIA,28.23
COM002,EQUIPO BASICO PARA ALBAÑIL,15.84
COM004,EQUIPO DE SEGURIDAD PARA SOLDADURA,5.89
COM005,EQUIPO TIPO PLOMERIA H.G.,14.41
COM006,EQUIPO TIPO DE TOPOGRAFIA,161.44
COM007,EQUIPO TIPO DE ELECTRICIDAD,17.39
COM009,EQUIPO TIPO ALBAÑILERIA,16.96
COM010,EQUIPO PARA COLOCACION DE CONCRETO,142.85
COM011,EQUIPO P/MOVIMIENTO DE TIERRA MANUAL,32.7
COM012,EQUIPO PARA DEMOLICION MANUAL,36.35
COM013,EQUIPO DE SEÑALIZACION DIURNO,67.09
COM014,EQUIPO MENOR BASICO PARA UN OBRERO,14.4
COM015,EQUIPO LIVIANO DE TALLER HERRERIA,69.6
COM016,EQUIPO PARA IMPERMEABILIZACION,14.13
COM017,EQUIPO MENOR PARA EXCAVACION Y CARGA MAN,17.65
COM018,"CAMION CISTERNA CAP= 10 M3  CON BOMBA 2""",487.22
COM019,CAMION PLATAFORMA 35 TON 8 M3 CON ESCOLT,473.18
COM023,HERRAMIENTAS DE PLOMERIA,14.3
COM024,"JUEGO DE PALA, PICO Y CARRETILLA",6.25
COM026,"JGO PALA, CUCHARA, PALA, CARRETILLA",5.88
CON001,EQUIPO Y HERRAM. P/PUESTA OBRA CONCRETO,11.01
CON002,EQUIPO Y HERRAM. P/TRAB. ELAB. CONCRETO,13.21
CON003,HERRAMIENTAS PUESTA EN OBRA CONCRETO,18.828
CON004,HERRAMIENTAS PARA PUESTA OBRA CONCRETO,17.6176
CON005,HERRAMIENTAS P/PREPARACION OBRA CONCRETO,8.258700000000001
CON006,MAQUINARIA Y HERR. P/TRABAJO CON CONCRET,12.3328
CON007,"MEZCLADORA P/CONCRETO CAP=0,40 M3 12,2 H",61.662090000000006
CON008,PLANTA TIPO 3 PUESTA OBRA CONCRETO,5.86012
CON009,PLANTA PREPARACION CONCRETO,31.062349500000003
CON010,PLANTA P/CONCRETO SUMIDEROS-CUNETAS-BROC,275.29
CON011,PLANTA PARA CONCRETO BROCALES-CUNETAS-SU,162.96416900000003
CON012,VIBRADOR P/CONCRETO C/MANGUERA-CABEZAL,46.2462
CON013,"MEZCLADORA P/CONCRETO CAP=0,55 M3 (DIESE",16.95694
CON014,MEZCLADORA P/CONCRETO (TROMPO) 220 LTS,77.06
CON015,MEZCLADORA PLANTA DOSIFICADORA 65 M3/HR,1638.45105
CON016,"MEZCLADORA P/CONCRETO CAP=0,75 M3 30 HP ",198.19962
CON017,TOLVA PARA SAND BLASTING,110.111
CON018,"MANGUERA ARENAL 1 1/4"" SAND BLASTING X 1",18.829
CON019,ACCESORIO PARA EQUIPO SAND BLASTING,308.3096
CON020,MEZCLADORA P/CONCRETO-TROMPO DE 550 LT,132.12
CON021,VIBRADOR A GASOLINA PARA CONCRETO,44.03
CON022,VIBRADOR ELECTRICO PARA CONCRETO,77.06
CON023,MEZCLADORA P/CONCRETO-TROMPO ELECTRICO 1,30.831100000000003
CON024,MEZCLADORA P/CONCRETO DE 220 LTS (TROMPO,77.06
CON025,"EQUIPO P/SAND BLASTING: TOLVA, MANGUERAS",104.05503
CON026,SAMBRON / MOTOCARRETON,165.19
CON027,VIBRADOR DIESEL-GASOIL 8 HP MANG. 4.6 M ,30.8308
CON028,VIBRADOR DIESEL-GASOIL 8 HP MANG. 7 M CA,35.45528
CON029,ENVOLTURA CONTROL ESPARCIMIENTO ARENA SA,22.01
CON030,CORTADORA DE CONCRETO/ASFALTO (TIPO SIER,220.22
CON031,PROYECTOR DE CONCRETO,1.97061
CON032,MEZCLADORA P/CONCRETO TIPO FRANKI,108.554355
CON033,MOTOBOMBEADORA AGUA CENTRIFUGA 30 HP DIE,36.68896
CON034,VIBRADOR P/CONCRETO MOTOR DIESEL-GASOIL,55.06
CON035,PLANTA DOSIFICADORA Y MEZCLADORA  AUTOM.,1274.204
CON036,ALISADOR DE PISOS DE CONCRETO / HELICOPT,66.09
CON037,EQUIPO MENOR DE VACIADO DE CONCRETO,16.49
CON038,EQUIPO MENOR P/VACIADO CONCRETO CON BOMB,27.53
CON039,EQUIPO MENOR PARA  ALCANT. CONCRETO/MORT,6.61
CON040,BOMBA PARA CONCRETO 25 M3/HR,330.33285000000006
CON041,VIBRADOR PARA CONCRETO,8.368265
CON042,HORA DE PLANTA CONCRETO PC-750-18 M3/HR ,18.8686064
CON043,"CORTADORA DE CABILLA HASTA D=1 3/8"" AUTO",5.96913
CON044,DOBLADORA DE CABILLA CON DIAMETRO INFERI,5.6156
CON045,CORTADORA DE CABILLAS,9.88
CON046,EQUIPO P/ENCOFRADO ELEMENT. ESTRUCTURALE,4.4
CON047,CARRETON BUGGY 180 LT RUEDAS DE GOMA,6.60655
CON048,MEZCLADORA P/CONCRETO TROMPO 360 LT,99.12
CON049,MOTOCARRETON / MOTOCARRETILLA,165.19
CON050,SILO SUMINISTRADO POR CEMENTERA LAPSO TO,143.12
CON051,MEZCLADORA P/CONCRETO TROMPO 360 L 8HP G,26.97737
CON052,CIZALLA UNIVERSAL PUNZADORA OMERA 3HP O ,2.5434900000000003
CON053,CIZALLA MANUAL P/CORTE DE ACERO/CABILLA,16.9566
CON054,EQUIPO MEDIANO CABILLERO,4.4
CON055,EQUIPO MENOR PARA TENSADO Y ARMADO C/U,5.53
CON056,DESGASTE DE CORTADORA DE CONCRETO CADA M,7.69
CON057,BOMBA DE PLUMA-JIRAFA P/CONCRETO,330.32
CON058,BOMBA ESTACIONARIA P/CONCRETO,220.22
CON059,BOMBA DE PLUMA-JIRAFA P/CONCRETO HASTA 4,407.41
CON060,MEZCLADORA P/CONCRETO 6 HP (DIESEL),49.54995
CON061,"CORTADORA DE CONCRETO 14"" TIPO CARRO",275.29
CON062,DOBLADORA MANUAL DE CABILLA / ESTRIBOS,2.8117824
CON063,DOBLADORA MANUAL CABILLA DIAMETRO INFERI,6.61
CON064,DOBLADORA AUTOMATICA DE CABILLAS HASTA D,14.3
CON065,PROYECTOR DE CONCRETO / EQUIPO GUNITE,110.11
COP001,TRACTOR CAT D-9 R US SIN RIPPER O SIMILA,3301.65049416
COP002,TRACTOR CAT D-9 R DS CON RIPPER O SIM,4176.03066204
COP003,TRACTOR CAT D-8 R US SIN RIPPER O SIM,2362.4305855
COP004,TRACTOR CAT D-8 R US CON RIPPER O SIM,2616.23634624
COP005,TRACTOR CAT D-7 R O SIM ,2109.94612708
COP006,"CARGADOR DE ORUGAS CAT 933-C 1,3 CY O SI",467.88344874
COP007,"CARGADOR DE ORUGAS CAT 963-B 3,0 M3 O SI",2303.32345212
COP008,"CARGADOR DE ORUGAS CAT 953-C 2,25 CY O S",1710.2754352999998
COP009,"CARGADOR DE CAUCHOS CAT 966-F (5,00 C Y)",1090.9044894
COP010,"CARGADOR DE CAUCHOS CAT 950-F (4,00 C.Y)",744.59662122
COP011,"CARGADOR DE CAUCHOS CAT 988-F (8,0 CYD) ",2066.86190944
COP012,"CARGADOR DE ORUGAS CAT 973 (3,75 CY) SIM",2140.34167809
COP013,MOTOTRAILLA CAT 631E (31 YD3),4623.62286507
COP014,BALLENA CAT 613-11 CY CISTERNA,1511.60319024
COP015,MOTONIVELADORA (PATROL) CAT 140 H,1388.78850024
COP016,MOTONIVELADORA (PATROL) CAT 12-H O SIM.,1284.1755696
COP017,"EXCAVADORA CAT 325 BL O SIM (1,5 M3)",1829.04074934
COP018,"EXCAVADORA CAT 320 B O SIM (1,4 M3)",1444.84398212
COP019,COMPACTADORA RODILLO CAT 825 C PATA DE C,1879.74451302
COP020,COMPACTADOR DE RODILLO CAT 815 C PATA DE,2592.6522486
COP021,COMPACTADORA DE RODILLO CAT 534 C,936.58897405
COP022,COMPACTADORA DE RODILLO CAT 214 C,276.55086564
COP023,COMPACTADORA CAUCHOS TAMPO CAT PS-200-B ,553.6468624400001
COP024,FINISHER PAVIMENTADORA ASFALTO CAT MOD. ,2709.00477985
COP025,TIENDE TUBOS (SIDE BOOM) CAT 572-G 40 TO,1909.40655255
COP026,PERFILADORA DE ASFALTO CAT PR-450-C,5502.440420280001
COP027,RECUPERADORA DE ASFALTO CAT RR-250-B,3506.77884166
COP028,PAVIMENTADORA ASFALTO CAT AP 800 C,4773.860403999999
COP029,TRACTOR CAT D-6 R O SIM,1072.60179184
COP030,PAVIMENTADORA DE ASFALTO CAT AP 1050 B,5397.63903044
COP031,RIPPER PARA TRACTOR CAT D-9,390.5217827
COP032,RIPPER PARA TRACTOR CAT D-8,340.48232109
COP033,CAMION ROQUERO EUCLID MOD. R-35 CAP 17 M,1243.9796927999998
COP034,PERFILADORA DE ASFALTO WIRTGEN 1900 DC,1674.0278286599998
COP035,RECUPERADORA DE ASFALTO CMI RS-500,2582.96079782
COP036,EXCAVADORA O&K RH-30,2904.4517770600005
COP037,PLANTA DE ASFALTO CEDARAPIDS MOD. H50C E,1884.8793689
COP038,"MINICARGADOR MINISHOVEL BOBCAT 763 (0,38",181.27348866000003
COP040,FINISHER ASFALTO CAT MOD. AP 200 C,2169.07306968
COP041,MINIFINISHER ASFALTO LEE BOY MODELO 900,218.55985164
COP042,EXCAVADORA (JUMBO) CASE 9050 B,1595.04414154
COP043,EXCAVADORA (JUMBO) CASE 9030 B,1010.73460446
COP045,CAMIONETA FORD F-150 (SERVICIO AL TALLER,268.7688168
COP046,CAMION FORD F- 350 ENGRASE LIVIANO,274.90291455
COP047,CAMION FORD F- 350 SERVICIO AL CAMPO,341.82844512
COP048,CAMION FORD F350 TECHADO CON ZORRA,287.32342595
COP049,"CAMION FORD F- 350 CON TECHO, LONA Y BAN",259.12633136
COP050,CAMION FORD F- 7000 ENGRASE,646.12118772
COP051,CAMION FORD F- 7000 ESTACAS,325.13342282
COP052,CAMION FORD F- 7000 VOLTEO (6 M3),381.79103631
COP053,CAMION CISTERNA IVECO MP 190 E31H 20 TON,820.2990064500001
COP055,CAMION IVECO IMPRIMADOR ROSCO MP 190 31H,514.4318218
COP056,CAMION IVECO MP190 E-31H 20 TON 13000 LT,523.5313402800001
COP057,CAMION IVECO MP-380-E37 H ROQUERO (CAP 2,865.0922571
COP058,CAMION IVECO MP-380-E37 H VOLTEO 15 M3/2,886.31605067
COP059,CHUTO MACK R-688 SX-HD (35 TON),867.3537703599999
COP060,CHUTO MACK MOD. R-686 LD (25 TON),767.8404276399999
COP061,CAMION PLATAFORMA MACK R-686-SX-LD (25 T,647.672596
COP062,BARREDORA MECANICA CHASIS FORD F-7000,932.17125756
COP070,REMOLQUE ORINOCO CISTERNA 3 EJES 45000 L,140.08089082
COP071,SEMI-REMOLQUE ORINOCO SILOS DE CEMENTO 4,179.6680305
COP072,LOW-BOY ORINOCO L860M-CCB-CD-26 (60 TON),250.78375413000003
COP073,BATEA ORINOCO 3 EJES (CAP. 45TON),205.20901236
COP074,CAMIONETA FORD F-150,213.81459112
COP075,CAMION FORD F- 350 ESTACAS,282.85520615
EZ0096,CAMION VOLTEO DE 8 M3,220.22
COP076,RETROEXCAVADORA CASE 580 SUPER L O SIM,747.83834296
COP077,RETROEXCAVADORA CAT 416B,762.2849114400001
COP078,RETROEXCAVADORA CASE 580 K O SIM,420.05123472
COP079,COMPACTADORA DE RODILLO CAT CB-224-C,532.9589933
COP200,TRACTOR CATERPILLAR D3G XL,514.03102569
COP201,TRACTOR CATERPILLAR D3G LGP,536.0906203200001
COP202,TRACTOR CATERPILLAR D4G XL,556.39398621
COP203,TRACTOR CATERPILLAR D4G LGP,583.98225848
COP204,TRACTOR CATERPILLAR D5G XL ,627.6159266
COP205,TRACTOR CATERPILLAR D5G LGP,638.5829868
COP206,TRACTOR CATERPILLAR D6R FTC,1311.7022119500002
COP207,TRACTOR CATERPILLAR D6R STD PS DS,1334.9345194799998
COP208,TRACTOR CATERPILLAR D6R LGP,1427.63269635
COP209,TRACTOR CATERPILLAR D6M XL,1231.3900962
COP210,TRACTOR CATERPILLAR D6M LGP,1287.0098019000002
COP211,TRACTOR CATERPILLAR D7R LGP II,2107.48634318
COP212,TRACTOR CATERPILLAR D7R-DS II,1687.50310512
COP213,TRACTOR CATERPILLAR D8R II,2294.2554217
COP214,TRACTOR CATERPILLAR D10R,3867.0845684
COP215,TRACTOR JOHN DEERE 750C SERIE II,1089.7733891100002
COP216,TRACTOR JOHN DEERE 850C SERIE II,1320.5064561
COP217,TRACTOR JOHN DEERE 450H,415.41872544000006
COP218,TRACTOR JOHN DEERE 550H LT,505.30854453
COP219,TRACTOR JOHN DEERE 650H LT,555.7955632200001
COP220,TRACTOR JOHN DEERE 1050C,2422.49967614
COP221,EXCAVADORA CATERPILLAR 311B,643.4489042399999
COP222,EXCAVADORA CATERPILLAR 312C,697.3988112
COP223,EXCAVADORA CATERPILLAR 315C,837.48838598
COP224,EXCAVADORA CATERPILLAR 320 CL ,1131.3493704
COP225,EXCAVADORA CATERPILLAR 322 CL ,1361.50813125
COP226,EXCAVADORA CATERPILLAR 325 CL ,1563.15259232
COP227,EXCAVADORA CATERPILLAR 330 CL ,1722.93699611
COP228,EXCAVADORA CATERPILLAR 345 BL II ,2209.2160753200005
COP229,EXCAVADORA CATERPILLAR 365 B ME,3218.18327207
COP230,EXCAVADORA JOHN DEERE 200 C LC,1147.5214152
COP231,EXCAVADORA JOHN DEERE 120C,859.3161637200001
COP232,EXCAVADORA JOHN DEERE 160 LC,1000.97113488
COP233,EXCAVADORA JOHN DEERE 230 CLC,1389.09702715
COP234,EXCAVADORA JOHN DEERE 270 C LC,1542.29262779
COP235,EXCAVADORA JOHN DEERE 330 CLC,1810.76965856
COP236,EXCAVADORA JOHN DEERE 450 CLC,2292.2527346
COP237,EXCAVADORA JOHN DEERE 600C,3315.484752
COP238,EXCAVADORA VOLVO EC 140,812.40982459
COP239,EXCAVADORA VOLVO EC 210,1052.50099968
COP240,EXCAVADORA VOLVO  EC 240,1216.4506159399998
COP242,EXCAVADORA VOLVO  EC 360,1639.4559883999998
COP243,EXCAVADORA VOLVO  EC 460,2227.73914228
COP244,EXCAVADORA O&K RH-30,3926.42292
COP245,EXCAVADORA O&K RH-40,4779.49471748
COP246,EXCAVADORA LIEBHERR R-942,1739.2457805300005
COP247,EXCAVADORA LIEBHERR R-962,2561.33432751
COP248,EXCAVADORA KOBELCO SK400,2479.62261885
COP249,EXCAVADORA KOBELCO SK200,1205.51437578
COP250,EXCAVADORA KOMATSU PC-200,1348.27250625
COP251,CARGADOR DE RUEDAS CATERPILLAR 914G,553.7146414599999
COP252,CARGADOR DE RUEDAS CATERPILLAR 924G,664.1530255
COP253,CARGADOR DE RUEDAS CATERPILLAR 928G,1172.07711165
COP254,CARGADOR DE RUEDAS CATERPILLAR 938G,1232.66879946
COP255,CARGADOR DE RUEDAS CATERPILLAR 950G,1132.1373205799998
COP256,CARGADOR DE RUEDAS CATERPILLAR 966E II,1574.41631333
COP257,CARGADOR DE RUEDAS CATERPILLAR 972G II,1694.99605149
COP258,CARGADOR DE RUEDAS CATERPILLAR 988G,3031.5978594
COP259,CARGADOR DE RUEDAS CATERPILLAR 990 II,4698.7988936
COP260,CARGADOR DE RUEDAS JOHN DEERE 444H,649.56088593
COP261,CARGADOR DE RUEDAS JOHN DEERE 544H,784.63813809
COP262,CARGADOR DE RUEDAS JOHN DEERE 644H,1186.5759939
COP263,CARGADOR DE RUEDAS JOHN DEERE 744H,1686.8751004799997
COP264,CARGADOR DE RUEDAS VOLVO L50D,643.91444752
COP265,CARGADOR DE RUEDAS VOLVO L70D,789.3216368399999
COP266,CARGADOR DE RUEDAS VOLVO L90D,969.17312855
COP267,CARGADOR DE RUEDAS VOLVO L120D,1134.0970418400002
COP268,CARGADOR DE RUEDAS VOLVO L150D,1518.29949432
COP269,CARGADOR DE RUEDAS VOLVO L180D,1664.8154304
COP270,CARGADOR DE RUEDAS VOLVO L220D,2180.2348272
COP271,CARGADOR DE RUEDAS VOLVO L330D,3345.934509
COP272,CARGADOR DE RUEDAS CASE 521D,623.11801098
COP273,CARGADOR DE RUEDAS CASE 621C,813.09777032
COP274,CARGADOR DE RUEDAS CASE 721C,1349.16967038
COP275,CARGADOR DE RUEDAS CASE 821C,1210.40022025
COP276,CARGADOR DE RUEDAS CASE 921C,1542.72856608
COP277,CARGADOR DE RUEDAS DRESSER 510D,643.6972942399999
COP278,CARGADOR DE ORUGA CATERPILLAR 939C,813.05494608
COP279,CARGADOR DE ORUGA CATERPILLAR 953C,1265.9303049799998
COP280,CARGADOR DE ORUGA CATERPILLAR 963C,1603.6338787200002
COP281,CARGADOR DE ORUGA CATERPILLAR 973C,2320.59496884
COP282,CARGADOR DE ORUGA JOHN DEERE 455G,685.3984959400001
COP283,CARGADOR DE ORUGA JOHN DEERE 555G,860.5485765
COP284,CARGADOR DE ORUGA JOHN DEERE 655C,1269.23798925
COP285,CARGADOR DE ORUGA JOHN DEERE 755C,1411.2295023
COP286,MOTOTRAILLA CATERPILLAR 631G,4211.87606872
COP287,MOTOTRAILLA CATERPILLAR 651E,5590.8179820000005
COP288,CARGADOR CATERPILLAR IT28G C/ACCESORIO D,991.20057456
COP289,RETROEXCAVADORA CATERPILLAR 416D 4 X 2,580.02907952
COP290,RETROEXCAVADORA CATERPILLAR 416D 4X4,529.44525216
COP291,RETROEXCAVADORA CATERPILLAR 446B 4X2,721.9973560799999
COP292,RETROEXCAVADORA CATERPILLAR 446B 4X4,748.6621912
COP293,RETROEXCAVADORA CATERPILLAR 420D 4X2,556.7769921600001
COP294,RETROEXCAVADORA CATERPILLAR 420D 4X4,579.0405206
COP295,RETROEXCAVADORA CATERPILLAR 430D 4X2,625.3525492499999
COP296,RETROEXCAVADORA CATERPILLAR 430D 4X4,647.51295162
COP297,RETROEXCAVADORA JOHN DEERE 310G,427.8662795
COP298,RETROEXCAVADORA JOHN DEERE 310SG,486.61408896
COP299,RETROEXCAVADORA JOHN DEERE 410G,550.4367576999999
COP300,RETROEXCAVADORA JOHN DEERE 710G,860.2825534799999
COP301,RETROEXCAVADORA VOLVO BL 70,577.52182845
COP302,RETROEXCAVADORA CASE 580MT,434.76121623
COP303,RETROEXCAVADORA CASE 580SM 4X4,543.7064019000001
COP304,RETROEXCAVADORA CASE 590SM,557.9834716
COP305,RETROEXCAVADORA M FERGUSSON MF-86HS,467.58283134
COP306,MOTONIVELADORA CATERPILLAR 120H,909.23433447
COP307,MOTONIVELADORA CATERPILLAR 135H,961.94160882
COP308,MOTONIVELADORA CATERPILLAR 14H,1781.2367680800005
COP309,MOTONIVELADORA CATERPILLAR 160H,1296.22125204
COP310,MOTONIVELADORA CATERPILLAR 16H,2470.5015244
COP311,MOTONIVELADORA JOHN DEERE 670C II,872.6151873599999
COP312,MOTONIVELADORA JOHN DEERE 670CH II,906.38539307
COP313,MOTONIVELADORA JOHN DEERE 672CH II,1003.79939048
COP314,MOTONIVELADORA JOHN DEERE 770C II,1072.9539666
COP315,MOTONIVELADORA JOHN DEERE 770CH II,1205.60305376
COP316,MOTONIVELADORA JOHN DEERE 772CH II,1336.30703682
COP317,MOTONIVELADORA VOLVO 710A,874.98393576
COP318,MOTONIVELADORA VOLVO 720A,1083.44070813
COP319,COMPACTADOR CATERPILLAR 816F,2229.6147588
COP320,COMPACTADOR CATERPILLAR 826 G II,3180.5165083700003
COP321,COMPACTADOR CATERPILLAR 836 G,4065.0499164
COP322,VIBROCOMPACTADOR CATERPILLAR CS-323C,553.50032673
COP323,VIBROCOMPACTADOR CATERPILLAR CP-323C,596.3624039099999
COP324,VIBROCOMPACTADOR CATERPILLAR CS-433C,645.2463183399999
COP325,VIBROCOMPACTADOR CATERPILLAR CP-433C,699.21883141
COP326,VIBROCOMPACTADOR CATERPILLAR CS-533D,719.60852496
COP327,VIBROCOMPACTADOR CATERPILLAR CP-533D,781.91642766
COP328,VIBROCOMPACTADOR CATERPILLAR CS-563D,821.6575626000001
COP329,VIBROCOMPACTADOR CATERPILLAR CP-563D,912.85934433
COP330,VIBROCOMPACTADOR BOMAG BW 142,517.48639581
COP331,VIBROCOMPACTADOR BOMAG BW 127,1180.69862592
COP332,VIBROCOMPACTADOR BOMAG BW 219,1296.13453296
COP333,VIBROCOMPACTADOR INGERSOLLRAND SD 100,958.60349
COP334,VIBROCOMPACTADOR INGERSOLLRAND SD 180,1668.0608490000002
COP335,VIBROCOMPACTADOR INGERSOLLRAND SP 60,1368.4620252900002
COP336,VIBROCOMPACTADOR DYNAPAC CA250PD,807.68083796
COP337,VIBROCOMPACTADOR HAMM 2522,1686.34216212
COP338,VIBROCOMPACTADOR CATERPILLAR CB-224D,475.56242678
COP339,VIBROCOMPACTADOR CATERPILLAR CB-434D,916.72338708
COP340,VIBROCOMPACTADOR CATERPILLAR CB-534C,1069.0325709
COP341,VIBROCOMPACTADOR CATERPILLAR CB-634C,1293.92881035
COP342,COMPACTADOR DE PAVIMENTOS CATERPILLAR PS,862.28458875
COP343,COMPACTADOR DE PAVIMENTOS CATERPILLAR PS,975.0924659
COP344,COMPACTADOR DE PAVIMENTOS CATERPILLAR PS,1519.38773697
COP345,COMPACTADOR DE PAVIMENTOS CATERPILLAR PS,1564.2800028
COP346,CAMION ARTICULADO CATERPILLAR 725,2979.2392005
COP347,CAMION ARTICULADO CATERPILLAR 735,2589.1289644
COP348,CAMION ARTICULADO CATERPILLAR 740,2883.51133196
EZ0264,HERRAMIENTAS MONTAJE MECANICO,33.06
EZ0265,HERRAMIENTAS P/INSTALACION DE FIBRA ,88.05
EZ0266,HERRAMIENTAS P/INSTALACION AISLAMIENTO,71.59
EZ0267,HERRAMIENTAS P/PINTURA-SISTEMA IGNICION ,104.59
EZ0268,HERRAMIENTAS REFRACTARISTA ,253.28
EZ0269,"HERRAMIENTAS VARIAS / CARRETILLA, PALAS,",110.11
EZ0270,HERRAMIENTAS VARIAS DE MEDICION,198.22
EZ0271,HERRAMIENTAS VARIAS INTRUMENTISTA,154.17
EZ0272,"HERRAMIENTAS / ESMERIL, EXTENSIONES ELEC",16.49
EZ0273,HERRAMIENTRAS PARA ALBAÑIL,126.63
EZ0274,HIDROLIMPIADOR / HIDROJET ,99.12
EZ0275,HORNO DE SECADO PROGRAMABLE,30.555858000000004
EZ0276,HORNO REGULADOR,684.44964
EZ0277,IMPRESORA DE MARQUILLAS,32.17
EZ0278,INCINERADOR DE DESECHOS,990.99
EZ0279,INDUCTOR DE CALOR,45.9053517
EZ0280,ISA CBA1000/ ANALIZADOR DE INTERRUPTORES,220.22
EZ0281,"JUEGO LLAVES GOLPE HASTA 2""",27.53
MOV058,MOTONIVELADORA CAT 12 H (PATROL) O SIMIL,1273.98
MOV059,TRACTOR (BULLDOZER) CAT D4K PALA ANGULAR,545.03
MOV060,TRACTOR CAT D11T,5099.67876987
MOV061,TRACTOR CAT D11R,4294.327258
MOV062,EXCAVADORA PARA MUROS COLADOS TIPO ALMEJ,990.99
MOV063,CONEXION BARREDORA DE MATERIAL EN MUROS ,52.87
MOV064,EXCAVADORA VOLVO  EC 290,1190.4114336
MOV065,RETROEXCAVADORA CASE 590 SN O SIM (2016),462.46602
MOV066,EXCAVADORA VOLVO  EC 250D,418.42
MOV067,EXCAVADORA KOMATSU PC-220,418.42
MOV068,EXCAVADORA KOMATSU PC-220 CON MARTILLO,550.58
MOV069,CARGADOR DE RUEDAS KOMATSU WA380,440.44
MOV070,VIBROCOMPACTADORA 10T VOLVO,330.32
MOV071,RETROEXCAVADORA CAT 416E,374.39
MOV072,EXCAVADORA KOMATSU PC-200,385.41
MOV073,EXCAVADORA VOLVO  EC 220D,385.41
QUI002,BOMBA DE DOSIFICACION PRODUCTOS,64.24
QUI003,TANQUE DE DOSIFICACION PRODUCTOS,13.75
QUI004,CUPONERAS,18.35
QUI005,INSTRUMENTACION,183.53
QUI006,MONITOR DE DEPOSITOS,110.11
QUI007,MANTENIMIENTO DE EQUIPOS,37.3
QUI008,TRANSPORTE INTERNO Y EXTERNO ESPECIALIZA,631.46
QUI009,BANDEJA ANTIDERRAME,220.22
SEG001,EXTINTOR DE INCENDIO PARA SEGURIDAD,1.45885
SEG002,JUEGO DE SEÑALES DE PREVENCION Y PELIGRO,0.1211999999999999
SEG004,CONO PLASTICO PARA SEÑALIZACION VIAL,0.33036
SEG005,"CONO DE SEÑALIZACION, POLIETILENO D=28X2",0.9246
SEG006,CONO DE SEÑALIZACION DE POLIETILENO D=35,1.1012000000000002
SEG007,TAMBORES PARA SEÑALIZACION C/PINTURA REF,2.7527500000000003
SEG008,EQUIPO BASICO DE SEÑALIZACION,4.4
SEG009,CASCO PLASTICO SEGURIDAD CERTIFICADO C/B,0.43604
SEG010,BOTA DE GOMA-PLASTICA CAÑA LARGA CON PUN,1.09098
SEG011,BOTA DE GOMA-PLASTICA CAÑA CORTA C/PUNTA,0.8259
SEG012,CASCO ESPECIAL DE SEGURIDAD P/CONSTRUCCC,0.3742
SEG013,BOTA DE OBRERO PARA LA CONSTRUCCION,0.56808
SEG014,MASCARILLA SEGURIDAD CON CARTUCHO 1/2 CA,0.72633
EZ0097,CAMIONETA,66.09
SEG015,TAPA OREJA/OIDO ANTIRRUIDO,0.3567599999999999
SEG016,CINTURON DE SEGURIDAD,3.28
SEG017,CUERDA/CORDON DE SEGURIDAD L= 150 MT 1/2,1.61
SEG018,CONO DE SEÑALIZACION CON BANDA REFLECTIV,0.8259
SEG019,POSTE DE SEÑALIZACION CON BANDA REFLECTI,1.056
SEG020,EQUIPO DE RAPEL P/FACHADAS C/LINEA DE VI,0.55055
SEG021,EQUIPO DE APOYO Y TABLA P/PINTAR RAPEL F,0.6056
SEG022,IMPERMEABLE TIPO GABAN / PONCHO,0.0286
SEG023,BOTELLON DE AGUA POTABLE (ENVASE),0.06606
SEG024,BOTA DE SEGURIDAD PUNTA DE HIERRO,0.8060400000000001
SEG025,CASCO DE PLASTICO PARA CONSTRUCCION,0.3524
SEG026,FAJA DE SEGURIDAD PARA CARGAR,0.5506000000000001
SEG027,LENTES TRANSPARENTES DE SEGURIDAD,0.6916000000000001
SEG028,MASCARILLA SEGURIDAD DESECHABLE,1.18
SEG029,BRAGA DRILL DE OBRERO,0.87219
SEG030,CAMISA DE OBRERO,0.5441699999999999
SEG031,"PANTALON DE OBRERO, USO INDUSTRIAL",0.5441699999999999
SEG032,EXTINTOR DE INCENDIO 20 LBS C02 P/SEGURI,3.4134
SEG033,EXTINTOR DE INCENDIO 20 LBS POLVO QUIMIC,0.55055
SEG034,BOTA DE SEGURIDAD PUNTA HIERRO SUPERVISO,1.1232
SEG035,BOTA DE SEGURIDAD PUNTA HIERRO INDUSTRIA,1.0176
SEG036,BOTA DE SEGURIDAD PUNTA HIERRO ASILADA,1.044
SEG037,AMBULANCIA EN SITIO (ALQUILER),198.22
SEG038,CARETA PARA ESMERILAR,0.1762
SEG039,LENTES CON VISERA PARA SOLDADURA AUTOGEN,0.124
SEG040,LOGISTICA/BIOSEGURIDAD-ANEXAR LISTADO SE,0
SEG041,LENTES PROTECCION TIPO AVISPA TRANSPAREN,0.328
SEG042,MONOLENTE PROTECCION TRANSPARENTE,0.3871
COP349,CAMION ARTICULADO JOHN DEERE 250D,2084.6481295000003
COP350,CAMION ARTICULADO JOHN DEERE 300D,2253.3872648
COP351,TRACTOR JOHN DEERE 350D,2704.82149552
COP352,CAMION ARTICULADO JOHN DEERE 400D,3059.77862615
COP353,CAMION ARTICULADO VOLVO A25 D,1831.718098
COP354,CAMION ARTICULADO VOLVO A30 D,2075.26343822
COP355,CAMION ARTICULADO VOLVO A35 D,2521.30562497
COP356,CAMION ARTICULADO VOLVO A40 D,2853.40076742
COP357,CAMION ROQUERO EUCLID EH-650,1965.9745752500005
COP358,CAMION VOLTEO CATERPILLAR 769D,2881.7737639200004
COP359,CAMION VOLTEO CATERPILLAR 771D,3001.56885436
COP360,CAMION VOLTEO CATERPILLAR 773E,3919.34476188
COP361,CAMION VOLTEO CATERPILLAR 777D,5838.581686740001
COP362,MINICARGADOR CATERPILLAR 216,232.68409908
COP363,MINICARGADOR CATERPILLAR 226,238.61540938
COP364,MINICARGADOR CATERPILLAR 236,275.81438774000003
COP365,MINICARGADOR CATERPILLAR 246,330.34631149
COP366,MINICARGADOR JOHN DEERE 240 SSL,231.60206476
COP367,MINICARGADOR JOHN DEERE 250 SSL,265.22133912
COP368,MINICARGADOR JOHN DEERE 260 SSL,321.87225273
COP369,MINICARGADOR JOHN DEERE 270 SSL,379.15638388
COP370,MINICARGADOR JOHN DEERE 280 SSL,427.3858992
COP371,MINICARGADOR BOBCAT 753,278.77074918
COP372,MINICARGADOR BOBCAT 863,418.845609
COP373,MINICARGADOR BOBCAT 963,653.10346509
COP374,MINICARGADOR BOBCAT 553,172.22106180999998
COP375,MINICARGADOR BOBCAT 463,131.8374936
COP376,MINICARGADOR MUSTANG 940,272.9346659
COP377,MINICARGADOR CASE 85XT,468.24949958
COP378,MINICARGADOR CASE 40XT,275.63683255
COP379,MINICARGADOR CASE 60XT,391.1603997
COP380,GRUA DE PLUMA CELOSIA SOBRE ORUGA AMERIC,3846.12865148
COP381,GRUA DE PLUMA CELOSIA SOBRE ORUGA AMERIC,2221.35274088
COP382,GRUA DE PLUMA CELOSIA SOBRE ORUGA AMERIC,2129.81226016
COP383,GRUA DE PLUMA CELOSIA SOBRE ORUGA AMERIC,2092.26303693
COP384,GRUA DE PLUMA CELOSIA SOBRE ORUGA AMERIC,3069.47590393
COP385,GRUA HIDRAULICA P/TERRENO AGRESTE GROVE ,2023.3446954
COP386,GRUA HIDRAULICA P/TERRENO AGRESTE GROVE ,1519.5128505700002
COP387,VIBROCOMPACTADORA RODILLO SIMPLE DYNAPAC,991.2381498
COP388,FRESADORA WRITGEN W1000F,3138.61511865
COP389,FRESADORA WRITGEN W500,1567.77712199
COP390,RECUPERADORA DE CAMINOS CATERPILLAR RM-3,3957.34832735
COP391,COMPACTADOR PAV C/NEUMATICOS INGERSOLL-R,984.6421641
COP392,VIBROCOMPACTADORA TIPO TANDEM BOMAG BW14,1084.12062768
COP393,VIBROCOMPACTADORA TIPO TANDEM BOMAG BW15,1101.05170032
COP394,PAVIMENTADORA ASFT/NEUMATICOS BLAW-KNOX ,3056.8435184000004
COP395,PAVIMENTADORA ASFT/NEUMATICO BARBER GREE,3275.2129573600005
COP396,PAVIMENTADORA ASFALTO S/CADENAS CAT AP-6,3085.47972795
COP397,PAVIMENTADORA ASFALTO S/CADENAS CATERPIL,4056.1274229
COP398,PAVIMENTADORA ASF/NEUMATICOS CATERPILLAR,3453.72322572
COP399,PAVIMENTADORA ASF/NEUMATICOS CATERPILLAR,2837.78992416
COP400,TRACTOR CATERPILLAR CON RIPPER D8R II,2481.66061635
COP401,TRACTOR CAT D-9T,4094.82350996
COP402,MOTOTRAILLA  631G SERIE,4531.18835104
COP403,TRACTOR CAT D-10T,5088.004739999999
COP404,TRACTOR CAT D-11T,10049.01212794
COP405,TRACTOR CAT D3KXL DE ORUGA (HOJA/DOZERS),476.88872112
COP406,TRACTOR CAT D4GXL DE ORUGA (HOJA/DOZERS),645.49051705
COP407,TRACTOR CAT D5KXL DE ORUGA (HOJA/DOZERS),770.7109215
COP408,TRACTOR DE ORUGA JHON DEERE 450J-LT,628.36642651
COP409,TRACTOR DE ORUGA JHON DEERE 550J-LT,600.95785456
COP410,TRACTOR DE ORUGA JHON DEERE 650J-LT,791.9136125199999
COP411,TRACTOR DE ORUGA JHON DEERE 700J-LT,955.43194761
EZ0085,CAMION GRUA CAP 14 TON,825.84
COP412,TRACTOR DE ORUGA JHON DEERE 750J-LT,1227.3912706500005
COP413,TRACTOR DE ORUGA JHON DEERE 850J-LT,1371.55271542
COP414,MOTOTRAILLA 627G (DOBLE MOTOR),4011.8534608
COP415,MOTOTRAILLA 637G (DOBLE MOTOR),5656.38458874
COP416,MOTOTRAILLA 657G (DOBLE MOTOR),7197.56422726
COP417,MOTOTRAILLA 615C SERIE II (SENCILLA),2403.43122582
COP418,MOTOTRAILLA 623G (SENCILLA),3992.84541456
COP419,CARGADOR DE RUEDAS CAT 938H ARTICULADO 4,932.8227922
COP420,CARGADOR DE RUEDAS CAT 950H ARTICULADO 4,1096.76394884
COP421,CARGADOR DE RUEDAS CAT 966H ARTICULADO 4,1152.87330318
COP422,CARGADOR DE RUEDAS CAT 952H ARTICULADO 4,1634.13258855
EZ0437,SOFTWARE DE ANALISIS,30.26
COP423,CARGADOR DE RUEDAS CAT 972H ARTICULADO 4,1727.65234026
COP424,CARGADOR DE RUEDAS CAT 980H ARTICULADO 4,2059.97053824
COP425,CARGADOR DE RUEDAS CAT 990H ARTICULADO 4,6006.83383008
COP426,CARGADOR DE RUEDAS JHONN DEERE 444J ARTI,614.07891072
COP427,RETROEXCAVADORA CASE 580 SM SERIE 2- 4X2,461.53300352
COP428,RETROEXCAVADORA CASE 580 SM SERIE 2- 4X4,513.1509732000001
COP429,RETROEXCAVADORA CASE 590 SM SERIE 2-4X2,566.31171924
COP430,RETROEXCAVADORA CASE 590 SM SERIE 2-4X3,597.573716
COP431,RETROEXCAVADORA CASE 590 SM SERIE 2-4X4 ,659.8346350400001
COP432,RETROEXCAVADORA CAT 416 E 4X2 EROPS EXTE,414.75795375
COP433,RETROEXCAVADORA CAT 416 E 4X4 EROPS EXTE,458.33481438
COP434,RETROEXCAVADORA CAT 420 E 4X2 EROPS,482.69127555
COP435,RETROEXCAVADORA CAT 420 E 4X4,502.8133296
COP436,RETROEXCAVADORA CAT 420 E 4X4 EROPS ENTE,549.6854433799999
COP437,RETROEXCAVADORA CAT 430 E 4X4 EROPS ENTE,603.42955982
COP438,RETROEXCAVADORA CAT 446 D 4X4 EROPS,725.02670724
COP439,RETROEXCAVADORA CAT 446 D 4X4 EROPS EXTE,751.1531841
COP440,RETROEXCAVADORA CAT 450 E 4X4 EROPS,878.68675482
COP441,RETROEXCAVADORA JHON DEERE 310J EROPS 4X,484.8736929
COP442,RETROEXCAVADORA JHON DEERE 310J EROPS 4X,449.8101063200001
COP443,RETROEXCAVADORA JHON DEERE 310-SJ EROPS ,535.06898081
COP444,MINISHOWEL BOBCAT 463,125.76418049
COP445,MINISHOWEL BOBCAT A300,347.03866365
COP446,MINISHOWEL BOBCAT S130,199.82519334
COP447,MINISHOWEL BOBCAT S250,295.05499716
COP448,MINISHOWEL BOBCAT S750,377.9451956
COP449,MOTONIVELADORA PATROL KOMATSU GD675-3,1362.59627676
COP450,MOTONIVELADORA PATROL KOMATSU GD825A-2,1982.8749573
COP451,MOTONIVELADORA PATROL LEEBOY 785,690.06454063
COP452,MOTONIVELADORA PATROL NEW HOLLAND G200,858.40673952
COP453,MOTONIVELADORA PATROL VOLVO G930,1217.57451312
COP454,MOTONIVELADORA PATROL VOLVO G970,1635.24902673
COP455,MOTONIVELADORA PATROL VOLVO G990,1962.741634
COP456,CARGADOR DE ORUGA CAT 939C,679.02793119
COP457,CARGADOR DE ORUGA CAT 953D,1260.18216315
COP458,CARGADOR DE ORUGA CAT 963D,1630.8489966599998
COP459,CARGADOR DE ORUGA CAT 973C,2355.56632161
COP460,CARGADOR DE ORUGA CAT 973D,2318.005284
COP461,CARGADOR DE ORUGA JOHN DEERE 605C,793.11053745
COP462,CARGADOR DE ORUGA JOHN DEERE 755D,1615.82077098
COP463,MOTONIVELADORA PATROL CASE 845,1018.6903167
COP464,MOTONIVELADORA PATROL CASE 885,1269.45062006
COP465,MOTONIVELADORA PATROL CAT 12M,1245.8469493500002
COP466,MOTONIVELADORA PATROL CAT 14M,1997.5826472
COP467,MOTONIVELADORA PATROL CAT 16M,3134.3779296
COP468,MOTONIVELADORA PATROL CAT 120M,1222.29362317
COP469,MOTONIVELADORA PATROL CAT 135H,841.1807867999999
COP470,MOTONIVELADORA PATROL CAT 140H,1330.4284168499998
COP471,MOTONIVELADORA PATROL CAT 140M,1394.239
COP472,MOTONIVELADORA PATROL CAT 160M,1524.7344987699998
COP473,MOTONIVELADORA PATROL JOHN DEERE 670D,1039.06071132
COP474,MOTONIVELADORA PATROL JOHN DEERE 670G,1076.44827552
COP475,MOTONIVELADORA PATROL JOHN DEERE 770G,1182.18584028
COP476,MOTONIVELADORA PATROL JOHN DEERE 772G,1349.3967847499998
COP477,MOTONIVELADORA PATROL JOHN DEERE 870G,1266.0618241199998
COP478,MOTONIVELADORA PATROL JOHN DEERE 872G,1557.57473312
COP479,MOTONIVELADORA PATROL KOMATSU GD555-3,1145.508112
COP480,MOTONIVELADORA PATROL KOMATSU GD655-3,1287.02434302
COP481,MINISHOVEL CASE 410,191.49200039
COP482,MINISHOVEL CASE 420,222.00100711
COP483,MINISHOVEL CASE 435,266.422156
COP484,MINISHOVEL CAT 216B SERIE 2,212.95794962
COP485,MINISHOVEL CAT 246C,310.56566280000004
COP486,MINISHOVEL CAT 272C,380.78342784
COP487,MINISHOVEL JOHN DEERE 313,180.46914432
COP488,MINISHOVEL JOHN DEERE 315,187.4818757
COP489,TRACTOR DE ORUGA CASE 550H LT,489.40068238
COP490,TRACTOR DE ORUGA CASE 550H WT,499.55132528
COP491,TRACTOR DE ORUGA CASE 1650L WT,1379.00226612
COP492,TRACTOR DE ORUGA CASE 1650L XLT,1243.1981821000002
COP493,TRACTOR DE ORUGA JOHN DEERE 850J LT,1635.6405083999998
COP494,TRACTOR DE ORUGA JOHN DEERE 850J WLT,1535.5797663
COP495,TRACTOR DE ORUGA JOHN DEERE 950J,2097.9186945
COP496,TRACTOR DE ORUGA JOHN DEERE 1050J,2919.5364297
COP497,TRACTOR DE ORUGA KOMATSU D85EX-15,2074.94121792
COP498,TRACTOR DE ORUGA KOMATSU D155AX-6,2504.08437474
COP499,TRACTOR DE ORUGA NEW HOLLAND D75 LT,472.52563622
COP500,EXCAVADORA JUMBO CASE CX75,572.5095951999999
COP501,EXCAVADORA JUMBO CASE CX130B,841.39764319
COP502,EXCAVADORA JUMBO CASE CX240B,1457.41022634
COP503,EXCAVADORA JUMBO CASE CX700,3606.17928686
COP504,EXCAVADORA JUMBO CAT 307C ,549.68603211
COP505,EXCAVADORA JUMBO CAT 311C,632.2232703599999
COP506,EXCAVADORA JUMBO CAT 312C,735.1223342400001
COP507,EXCAVADORA JUMBO CAT 315D,865.87245409
COP508,EXCAVADORA JUMBO CAT 319D L,955.13539268
COP509,EXCAVADORA JUMBO CAT 320C LU,1103.5796736199998
COP510,EXCAVADORA JUMBO CAT 320D L,1013.46904779
COP511,EXCAVADORA JUMBO CAT 324D L,1283.2929994
COP512,EXCAVADORA JUMBO CAT 324E L,1451.61183402
COP513,EXCAVADORA JUMBO CAT 329D L,1399.44354004
COP514,EXCAVADORA JUMBO CAT 330D L,2324.92736025
COP515,EXCAVADORA JUMBO CAT 345D L,2544.3082572000003
COP516,EXCAVADORA JUMBO CAT 365C L,3379.7546944
COP517,EXCAVADORA JUMBO CAT 385C L,5087.460842240001
COP518,EXCAVADORA JUMBO CAT 390D L,4710.66242099
COP519,EXCAVADORA JUMBO JOHN DEERE 75C,611.08020705
COP520,EXCAVADORA JUMBO JOHN DEERE 75D,569.32219395
COP521,EXCAVADORA JUMBO JOHN DEERE 80C,630.5903821500001
COP522,EXCAVADORA JUMBO JOHN DEERE 85D,597.0595751999999
COP523,EXCAVADORA JUMBO JOHN DEERE 120D,654.3403948499999
COP524,EXCAVADORA JUMBO JOHN DEERE 135D,809.7729415499999
COP525,EXCAVADORA JUMBO JOHN DEERE 350D LC,1859.48362356
COP526,EXCAVADORA JUMBO JOHN DEERE 650D LC,4834.52469248
COP527,PAVIMENTADORA DE ORUGA BARBER-GREENE BG-,1567.3104496
COP528,PAVIMENTADORA DE ORUGA CAT AP-555E,2329.85558498
COP529,PAVIMENTADORA DE ORUGA CAT AP-655E,2414.0715103800003
COP530,PAVIMENTADORA DE ORUGA CAT AP-1055E,2549.15574144
COP531,PAVIMENTADORA DE ORUGA CAT BG-2455D,2515.80251474
COP998,CAMION FORD CHEVROLET 350 O SIMILAR,242.09307871
COPA01,COMPRESOR ATLAS COPCO  XA-160,170.18713752
COPA02,COMPRESOR ATLAS COPCO  XA-350,201.44692648
COPA03,EQUIPO SANDBLASTING PEQUEÑO,30.05479745
COPA04,GRUA TELESCOPICA BUCYRUS 18 TON,353.75664897
COPA05,SOLDADORA LINCOLN SA-400,125.94492912
COPA06,SOLDADORA LINCOLN SA-200,93.05690268
COPA07,CAMION ARTICULADO CAT 730,2876.0761852900005
COVI01,CABINA/TUNEL INTELIGENTE DESINFECCION SA,87.20784
COVI02,CABINA /TUNEL DE DESINFECCION SANITARIA,165.19
COVI03,CABINA DESINFECCION SANITARIA EXCLUYE RO,154.17
COVI04,MOCHILA PULVERIZADORA A BATERIA LITIO 6 ,55.06
COVI05,PULVERIZADOR A BATERIA FUMIGACION COVID1,44.03
COVI06,TERMOMETRO INFRAROJO DIGITAL /CORPORAL,2.58782
COVI07,TRAJE PROTECTOR BIOSEGURODAD COVID 19,11.011
COVI08,CARETA POLICARBONATO ACRILICO FACE SHIEL,1.871
COVI09,ASPERSOR/ROCIADOR 20 LT P/DESINFECCION,0.89208
COVI10,ASPERSOR/ROCIADOR 1 GALON P/DESINFECCION,0.8324099999999999
CPT001,APISONADOR MANUAL,18.71
CPT002,COMPACTADOR DE NEUMATICO INGRAM TAMPO O ,418.42
CPT003,COMPACTADORA RANA/GASOLINA 90 KG,66.09
CPT004,COMPACTADORA BAILARINA DE PISON (AIRE),26.42664
CPT005,COMPACTADORA RANA 115 KG 40 CM 4.6 HP WE,19.26955
CPT006,"COMPACTADORA RANA 7 HP, 300 KG",66.09
CPT007,COMPACTADORA RANA VIBRADORA  A GASOLINA,77.06
CPT008,VIBROCOMPACTADORA AUTOPROPULSADA,515.31928
CPT009,COMPACTADORA RANA/GASOLINA 130-160 KG,110.11
CPT010,COMPACTADORA VIBRADORA DE RODILLO,297.3
CPT011,PISON DE AIRE / PISONETA,35.2356
CPT012,COMPACTADORA RANA/GASOLINA 200 KG,88.1
CPT013,COMPACTADORA DE RODILLO AUTO-PROP 7.5 TO,275.29
CPT014,COMPACTADORA TIPO RODILLO DE 80 CMS,132.12
CPT015,COMPACTADORA RANA DE 40 CM IMPORTADA,12.38751
CPT016,COMPACTADORA RANA 90 X 50 C/RETRO/ DIESE,29.06922
CPT017,COMPACTADORA DE RODILLO CAT CB-534,611.1158
CPT018,COMPACTADORA RANA / PLANCHA 0.50 X 1.0M ,88.1
CPT019,COMPACTADORA RANA/PLANCHA 0.40 X 0.40 GA,55.06
CPT020,RODILLO VIBRATORIO 180 KG,132.12
CPT021,"COMPACTADORA CAT 815, PATA DE CABRA 315 ",1559.17116
CPT022,COMPACTADORA CAT CS-323 DE RODILLO,462.4659
CPT023,COMPACTADORA CAT CS-431 DE RODILLO,440.44395
CPT024,COMPACTADORA TIPO RANA PLANCHA 50 X 70 C,66.09
CPT025,PISON MANUAL,0.89208
CPT026,BAILARINA / PISON/ PISONETA (AIRE),27.53
CPT027,"COMPACTADORA RANA 0,50 X 1,0M 280 KG 9HP",34.685
CPT028,"COMPACTADORA RANA 200 KG, 50 CM 6 HP WEB",66.09
CPT029,COMPACTADORA CAT 825C,2202.2
CPT030,MARTILLO / PISONETA,8.81
CPT031,COMPACTADORA DE RODILLO AUTO-PROP 10.5 T,440.44
CPT032,COMPACTADORA RANA DE 80 CM,55.06
CPT033,MANDARRIA 10 KG/22 LB (SLEDGE HAMMER),1.6519
CPT034,EQUIPO PARA COMPACTACION HIDRAULICA,330.32
CPT035,COMPACTADORA TIPO PISON A GASOIL (SAPO),104.59
CPT036,"COMPACTADORA RANA 80 KG GASOLINA 6,5 HP ",9.91002
CPT037,COMPACTADORA DOBLE RODILLO 600 KG,275.29
CPT038,COMPACTADORA TIPO RODILLO 800 KG,330.32
CPT039,COMPACTADORA CAUCHOS/NEUMATICOS TAMPO,365.6784834
CPT040,PISONETA DE AIRE PARA COMPACTACION,5.53
CPT041,RODILLO COMPACTADOR,6.61
CPT042,"APISONADOR / PLANCHA (O,5 X 0,90 MT)",18.71
CPT043,COMPACTADORA MANUAL,66.09
DEM001,MARTILLO PARA COMPRESOR,23.12346
DEM002,COMPRESOR CON 2 MARTILLOS,231.23
DEM003,EQUIPO PARA DEMOLICION MANUAL,3.28
DEM004,MANDARRIA MANGO LARGO 5 KG,0.881
DEM005,MARTILLO TIPO CARPINTERO NACIONAL,0.70224
DEM006,MARTILLO NEUMATICO C/MANGUERAS (2 UNIDAD,79.28
DEM007,MARTILLO NEUMATICO CON MANGUERA,49.5
DEM008,"CINCEL PLANO 1""",1.6530000000000002
DEM009,MANDARRIA MANGO CORTO 3 KG,0.7706000000000001
DEM010,MARTILLO PARA COMPRESOR C/MANGUERA Y PUN,55.06
DEM011,MARTILLO DEMOLEDOR ELECTRICO GRANDE 30 K,88.1
DEM012,MARTILLO DEMOLEDOR ELECTRICO MEDIANO 20 ,77.06
DEM013,COMPRESOR CON MANGUERA (TIPO PINTOR),18.71
DEM014,COMPRESOR P/DEMOLICION CON UN MARTILLO,253.28
DEM015,COMPRESOR PARA 4 MARTILLOS,275.29
DEM016,COMPRESOR PARA 1 MARTILLO,220.22
DEM017,COMPRESOR PARA 2 MARTILLOS,187.19
DEM018,COMPRESOR PARA 3 MARTILLOS,242.23
DEM019,COMPRESOR P/DOS MARTILLOS LIVIANO ATLAS ,68.268758
DEM020,SERRUCHO PROFESIONAL,0.8916
DEM021,ROTOMARTILLO ELECTRICO,60.58
DEM022,MARTILLO / PISONETA NEUMATICA,24.24
DEM023,"HERRAMIENTAS NEUMATICAS P/PERNOS, TORNIL",7.69
DEM024,COMPRESOR AIRE 185 CFM-102 PSI COMPAIR-D,116.277248
EZ0425,SERVICIO DE TRASLADO ,110.11
DEM025,MARTILLO NEUMATICO DE 27 KG,13.68122
DEM026,PUNTA PARA MARTILLO NEUMATICO DEMOLER CO,1.65132
DEM027,MANDARRIA MANGO MADERA 3 LBS IMPORTADA,0.6058
DEM028,MANGUERA 20 M P/MARTILLO NEUMATICO COMPR,8.15922
DEM029,COMPRESOR 750 CFM P/ DEMOL-SAND BLASTING,165.19
DEM030,COMPRESOR ATLAS COPCO XA 360 P/MARTILLO,96.34709
DEM031,COMPRESOR PARA PINTAR CON PISTOLA,27.307600000000004
DEM032,COMPRESOR PARA DOS MARTILLOS (CON UN MAR,220.22
DEM033,MARTILLO PARA HINCA,1101.12
DEM034,EQUIPO SANDBLASTING,59.45984999999999
DEM035,MARTILLO HIDRAULICO POCLAIN. MOD. D-70,73.181421
DEM036,COMPRESOR ATLAS COPCO 90 KD7 SIN MARTILL,104.05479
DEM037,MANDARRIA MANGO DE MADERA 12 LBS IMPORTA,0.8258
DEM038,CINCEL PLANO,1.1005
DEM039,COMPRESOR AIRE 185 CFM-102 PSI,253.28
DEM040,CINCEL DE PUNTA,1.8435
DEM041,COMPRESOR PARA POZOS,11.01
DEM042,MARTILLO DEMOLEDOR ELECTRICO 10 KG,44.03
DEM043,EQUIPO DE SAND BLASTING (SIN COMPRESOR),44.03
DEM044,COMPRESOR 375 CFM,275.29
DEM045,MARTILLO HIDRAULICO,49.5
DEM046,COMPRESOR INGELSOR RANG O SIMILAR DE 750,495.52
ELE001,CAJA DE HERRAMIENTAS (ELECTRICIDAD),33.06
ELE002,EQUIPO PARA ELECTRICIDAD,1.4968
ELE003,EQUIPO DE ELECTRICIDAD,2.18
ELE004,EQUIPO PARA INSTALACIONES TELEFONICAS,1.5858
ELE005,EQUIPO PARA TUBERIA ELECTRICA,7.69
ELE006,EQUIPO TRABAJO ELECTRICIDAD ALTA TENSION,10.90098
ELE007,JUEGO DE HERRAMIENTAS PARA ELECTRICISTA,6.9354
ELE008,HERRAMIENTAS ESPECIALES PARA TRAB. ALTO ,29.7288
ELE009,TALLER DE ELECTRICIDAD,0.33813
ELE010,EQUIPO TIPO 1 TUBERIA ELECTRICA,6.61
ELE011,CAJA C/HERRAMIENTAS CABLISTAS,13.2128
ELE012,EQUIPOS PARA ELECTRICIDAD ALTA TENSION,6.61
ELE013,EQUIPO DE ELECTRICIDAD PARA INSTALACIONE,16.49
ELE014,JUEGO DESTORNILLADORES (ATORNILLADOR)+AL,1.02405
ELE015,NAVAJA TIPO ELECTRICISTA,0.1871
ELE016,PROBADOR DE CORRIENTE MULTIMETRO SIMPSOM,11.01
ELE017,"SACABOCADOS HIDRAULICO DE 1"" A 4""",44.04432
ELE018,"TALADRO LIVIANO SKIL B&D 3/8"" O SIM",1.9822
ELE019,ZORRA HIDRAULICA MANUAL TIPO PALETA,12.12
ELE020,TORRE ILUMINACION C/PLANTA GENERACION EL,44.03
ELE021,HERRAMIENTA LIVIANA P/MEZCLAR TALADRO SK,0.48448
ELE022,ALICATE PELACABLES AUTOMATICO GREENLEE O,0.5729
ELE023,BOMBILLO Y PORTA BOMBILLO.,0.2643
ELE024,CABLE BIPOLAR NO. 12  ML,0.0462
ELE025,CABLE BIPOLAR NO.10 X ML (2X10) TSJ O SI,0.0661
ELE026,"ZORRA HIDRAULICA / ELEVACION MANUAL 2,5 ",13.51719
ELE027,PROBADOR DE CORRIENTE,0.6609
ELE028,PINZA PELACABLES /CORTADOR,0.4625
ELE029,VOLTIAMPERIMETRO ANALOGICO KYORITSU 2608,1.8056
ELE030,"DOBLADORA DE TUBO EMT 1/2"" A 1 1/2""",5.53
ELE031,"DOBLADORA DE TUBO CONDUIT 3/4""",6.61
ELE032,DOBLADORA DE TUBO EMT,5.53
ELE033,HALACABLES ELECTRICO 2000 LBS GREENLEE O,9.88
ELE034,"SACABOCADOS MANUAL DE 1/2"" A 2"" GREENLEE",2.774094
ELE035,MULTIMETRO SIMPSOM / MEDIDOR O SIMILAR,20.2592
ELE036,HALACABLE ELECTRICO 4000 LB GREENLEE O S,17.62
ELE037,EQUIPO SOLDADURA EXOTERMICA: PINZA+MOLDE,4.4
ELE038,DOBLADORA DE TUBO CONDUIT,11.01
ELE039,MOLDE PARA SOLDADURA EXOTERMICA CADWELD,0.4405
ELE040,EXTENSION ELECTRICA HASTA 25 MTS 2X16 AW,0.36006
ELE041,PERTIGA TELESCOPICA TRABAJOS ALTA TENSIO,9.84051
ELE042,PRENSA TERMINALES MANUAL PARA CABLE,3.744
ELE043,PRENSA TERMINALES HIDRAULICO CABLE HASTA,8.368
ELE044,HERRAMIENTAS P/SELLAR TUBERIAS CROUSE HI,3.0824000000000003
ELE045,EQUIPO TENSOR P/CONDUCTORES Y VIENTOS C/,11.01
ELE046,ALICATE PARA ELECTRICISTA,0.13875
ELE047,PONCHADORA DE IMPACTO P/CABLE ESTRUCTURA,0.14217
ELE048,CRIMPEADORA DE PLUG RJ45- RJ12- RJ11,0.19271
ELE049,TESTER PROBADOR ESTATUS RED/LAN,0.8940400000000001
ELE050,TESTER CCTV / CABLE UTP  / PANTALLA,4.50905
ELE051,PENTASCANNER MICROTEST REDES FLUKE O SIM,2.3115400000000004
ELE052,CAJA PARA COLOCAR HERRAMIENTAS,0.45486
ELE053,GUANTE DIELECTRICO C-3  AT 26.500 VOL /,1.6318800000000002
ELE054,GUANTE DIELECTRICO C-2  AT 17.000 VOLTIO,1.32152
ELE055,HALACABLE ELECTRICO 4000 LB GREENLEE,47.568
ELE056,PINZA TIPO ALICATE PELACABLE AUTOMATICA,0.57272
ELE057,DOBLADORA MANUAL DE 1/2 TUBO ELECTRICIDA,0.61648
ELE058,HERRAMIENTAS ELECTRICIDAD/ INSTRUMENTACI,23.11
ELI001,EQUIPOS PARA CUADRILLA EN OBRAS,0.6013000000000001
ELI002,EQUIPOS VARIOS PARA CUADRILLA,0.99435
ELI003,EQUIPO P/INST Y MANEJO DE GASES MEDICINA,38.55
ELI004,MAQUINA / PERFORADOR HIDRAULICO,660.67
EPPT01,EQUIPOS E IMPLEMENTOS DE SEGURIDAD EPP»,55.06
ESP001,ALQUILER INMUEBLE CONST. ESTRUCTURA META,110.11
ESP002,BANDERINES PLASTICOS PARA SEÑALIZACION,0.1538
ESP003,ALQUILER INMUEBLE P/HERRERIA-CARPINTERIA,165.19
ESP004,HERRAMIENTAS P/TRABAJOS DE ALUMINIO Y VI,11.0116
ESP005,"ALQUILER DE TRAILER 6 M  X 2.40 M H=2,42",82.58
ESP006,HERRAMIENTAS PARA TRABAJOS DE VIDRIO,6.606599999999999
ESP007,FINISHER PAVIMENTADORA BARBER GREENE 225,1651.67
ESP008,CORTADORA DE GRAMA,7.92792
ESP009,BOMBA DE INYECCION PERKINS O SIMILAR,9.6348
ESP010,TERMO PARA AGUA CAP=22 LT,0.6878336600000001
ESP011,EQUIPO DE SEÑALIZACION,2.18
ESP012,HERRAMIENTAS MENORES,4.4
ESP013,"MANOMETROS, TERMOMETROS, PRESOSTATOS, TE",11.011
ESP0131,BAÑO PORTATIL ECOLOGICO EXIGENCIA PETROQ,38.55
ESP014,MEZCLADOR PARA RESINAS EPOXICAS,0.66066
ESP015,RADIOS P/COMUNICACION MOTOROLA P/DIA,16.49
ESP016,MAQUINARIA PARA HINCA Y EXTRACCION,1376.39
ESP017,TABLESTACADO RECUPERABLE (M2),2.18
ESP018,TABLESTACADO METALICO POR M2 (100% RECUP,3.28
ESP019,"MANOMETRO 1000 PSI 1/2"" NPT, BOURDO, 4"" ",5.53
ESP020,ACCESORIOS PARA PRUEBA HIDROSTATICA,12.3326
ESP021,AVISO PARA SEÑALIZACION HASTA 80 X 50 CM,2.2150200000000004
ESP022,TROQUELADORA ELECTRICA DE LETRAS,88.1
ESP023,WAGON DRILL,55.05547
ESP024,IMPRESORA DESKJET O LASER C/PAPEL X DIA,4.4
ESP025,DETECTOR MANUAL PARA TUBERIAS DE ACERO,11.01
ESP026,TANQUE DE AGUA DE 3000 LTS,3.91446
ESP027,TANQUE DE AGUA DE 1500 LTS,1.88289
ESP028,MAQUINAS HINCA PILOTE ENSANCHADO TIPO FR,127.1782
ESP029,"CORTADORA DE GRAMA TORO DE 21 """,11.96511
ESP030,HERRAMIENTAS VARIAS P/TRANSP. TABLERO FR,22.0222
ESP031,EQUIPO MENOR ALCANTARILLA METALICA LLAVE,13.21
ESP032,VALLA DE SEÑALIZACION VIAL,0.6606000000000001
ESP033,BARREDORA MECANICA JOHNSTON MOD. 3000 SP,10.673063999999998
ESP034,CIZALLA/CORTADORA PARA LAMINAS HASTA 8 M,33.06
ESP035,EQUIPO DE ASPERCION-FUMIGAR P/LIQUIDO O ,6.61
ESP036,EQUIPO NEBULIZAR-ASPERSOR LIQUIDO/VENENO,5.53
ESP037,EQUIPO DE PULVERIZAR LIQUIDOS,4.4
ESP038,DESBROZADORA / DESMALEZADORA,8.449353
ESP039,MANOMETRO 0 A 100 BAR 100 ML,0.48552
ESP040,MANOMETRO DE 0 A 160 LBS,0.6167
ESP041,BALANZA CAPACIDAD= 500 KG,4.62469
ESP042,BASCULA CAMIONERA CAP=30 TON,53.95418
ESP043,ACEITERA A PRESION,1.9827
ESP044,GRASERA A PRESION,1.37772
ESP045,LANCHA-BOTE P/CARGA HASTA 2 M3 (MOTOR FU,44.03
ESP046,GABARRA MEDIANA PARA CARGA EN RIO (APURE,660.67
ESP047,BUCEO: CHALECO-TANQUE-REGULADOR P/ BUZO,110.11
ESP048,"DRAGA PARA RIOS, CANALES, LAGOS",1651.67
ESP049,BISELADOR DE LAMINAS FIBRA MINERAL,3.0396
ESP050,ASA VENTOSA PARA VIDRIO (MAX 550 KG),0.424
ESP051,TROXLER DENSIMETRO NUCLEAR (ASFALTO/ SUE,35.23548
ESP052,ESCLEROMETRO DE IMPACTO,13.21305
ESP053,ANEMOMETRO PORTATIL,7.33338
ESP054,ALQUILER DE TRAILER P/OFICINA CAMPO 10 X,110.11
ESP055,TRAILER P/OFICINA CAMPO 10 X 3 M SIN EQU,38.5387
ESP056,HERRAMIENTAS P/INSTALAR CORTAR TUBERIA P,5.53
ESP057,BAROMETRO PORTATIL,0.44048
ESP058,DETECTOR ELECTRONICO DE GASES Y FUGAS,5.9019200000000005
ESP059,EQUIPO DE EXTRUSION,34.354530000000004
ESP060,EQUIPO ELECTRONICO DE PRUEBAS,2.64304
ESP061,EQUIPO TERMOFUSION GEOMEMBRANAS,22.01
ESP062,FOTOMETRO DETECTOR PORTATIL,1.06804
ESP063,CONDUCTIMETRO MEDIDOR DE CONDUCTIVIDAD,2.81888
ESP064,LUXOMETRO MAVOLUX 5032C O SIM (ILUMINANC,6.606599999999999
ESP065,TERMOMETRO CON CONTACTO PCE-222 O SIM,1.8056
ESP066,MEDIDOR DE RADIOACTIVIDAD GS1 O SIMILAR,4.4044
ESP067,MEDIDOR RADIACION ELECTROMAGNETICA PCE-E,2.4664
ESP068,HIGROMETRO - MEDIDOR HUMEDAD C/MEMORIA S,2.7748000000000004
ESP069,MEDIDOR DE OXIGENO DISUELTO HANNA HI 914,7.267349999999999
ESP070,MEDIDOR DE PH SET PHT 810 O SIMILAR,6.0048
ESP071,RUGOSIMETRO POSITECTOR SPG O SIM,16.516799999999996
ESP072,MEDIDOR OZONO OZONOMETRO GASMAN-O3,7.487480000000001
ESP073,SONOMETRO SOUNDPRO DL C1 / MEDIDOR DE RU,6.6067
ESP074,MEDIDOR DE PARTICULAS / CONTAMINACION AI,6.095599999999999
ESP075,MEDIDOR RADIACION ULTRA VIOLETA PCE-UV34,3.94608
ESP076,MEDIDOR DE SALINIDAD DEL AGUA UPW HI 983,5.28512
ESP077,TRAJE Y MASCARA P/PROTECCION GASES PELIG,77.06
ESP078,MEDIDOR DE TEMPERATURA PCE-313 S,4.4046400000000006
ESP079,MEDIDOR VIBRACION VIBROMETRO PCE-VT 2700,8.26272
ESP080,ODOMETRO P/MEDICION DE DISTANCIAS T593 O,4.4046400000000006
ESP081,CORTADOR DE BLOQUES DE ANIME P/ CONSTRUC,0.88088
ESP082,TURBIDIMETRO HI 98713-02 O SIMILAR,31.71216
ESP083,BAÑO PORTATIL (SANITARIO) CON MATENIMIEN,49.5
ESP084,DISPENSADOR DE VASOS CONICOS,0.1871
ESP085,ENFRIADOR ELECTRICO PARA BOTELLONES DE A,1.32128
ESP086,SOLDADORA SENCILLA P/ELECTROFUSION TUBOS,8.25835
ESP087,EQUIPO SOLDAR TUBERIAS PEAD HASTA DIAMET,66.09
ESP088,ACEITERA MANUAL DE PICO,1.1565
ESP089,ACEITERA 700 GRS MANUAL DE PICO,0.8148000000000001
ESP090,BUCEO: TRAJE DE NEOPRENO P/ BUZO,451.45
ESP091,BALANCEADORA DE MAQUINAS ROTATIVAS,110.1109
ESP092,CALIBRADOR DE VIBRACIONES PCE-VC20,14.60075
ESP093,CALIBRADOR DE VIBRACIONES PCE-VC20,22.0222
ESP094,MEDIDOR DE ADHERENCIA PARA COJINETE,2.2022
ESP095,PORTA SONDA PARA MEDIDOR DE VIBRACIONES,2.483
ESP096,LASER DE ALINEACION BOSH GII3 330CG 3 PL,17.6178
ESP097,LASER DE ALINEACION BOSH GII3 300 3 PLAN,13.7639
ESP098,LASER ALINEACION GLL 2-20 C/LINEAS AUTON,10.90098
ESP099,BOMBA HIDRAULICA 12V P/CAMION CANASTA TE,5.4504
ESP100,MEDIDOR DE RESISTENCIA DEVANADOS ELECTRI,12.88287
ESP101,MEDIDOR DE RESISTENCIA DE ASILAMIENTO 5K,19.8198
ESP102,MEDIDOR RELACION TRANSFORMACION MEGGER T,29.72997
ESP103,MEDIDOR DE RELACION DE TRANSFORMACION TT,14.86503
ESP104,EQUIPO ESPECIAL PARA SOLDAR TUBERIA,66.09
ESP105,EQUIPO AGITADOR DE MEZCLAS,1.98201
ESP106,"BALANZA, CAPACIDAD 20 KG",1.32152
ESP107,MEDIDOR RESISTIVIDAD SUELO P/DISEÑO PUES,165.19
ESP108,SOLDADORA PEAD P/ELECTROFUSION FRIAMAT P,27.52775
ESP109,EQUIPO DE PRUEBA NEUMATICA (INC. COMPRES,132.12
ESP110,"EQUIPO RAYOS ""X"" CAMION CON GAMMAGRAFIA",308.32
ESP111,EXPANDERS,14.3
ESP112,FRAC TANK / TANQUE DE ALMACENAMIENTO,187.19
ESP113,MALETIN DE PRUEBA Y CALIBRACION,39.64
ESP114,MAQUINA DE COSER INDUSTRIAL,11.01
ESP115,TRAILER P/OFICINA EQUIPADO (M2/DIA),12.12
ESP116,VESTUARIO,5.53
ESP117,COMEDOR,6.61
ESP118,SOPLADOR DE AIRE CAMON EB800-E/ 1600 M3/,12.22236
ESP119,"SOPLADOR DE AIRE, DE MANO ECHO PB-2520",6.672960000000001
ESP120,TANQUE DE 500 GALONES,495.52
ESP121,CALIBRADOR DE FLUJO,23.11
ESP122,COMUNICADOR DE CAMPO HART,220.22
ESP123,GENERADOR DE 4 - 20MA,110.11
ESP124,CALIBRADOR DE TEMPERATURA,15.4158
ESP125,LAPTOP CON LICENCIA SCADA Y PLC,30.8316
ESP126,SIMULADOR DE TEMPERATURA,7.707899999999999
ESP127,LAVAMANOS PORTATIL,15.4158
ESP128,VESTIDOR PORTATIL,15.4158
ESP129,TRAILER PREPARACION DE AGUA Y/O ENTREGA ,440.44
HER008,CORTADORA DE ACRILICO,1.08
ESP130,TRANSPORTE DE PERSONAL 24 PUESTOS,440.44
ESP131,CASETA COMEDOR,44.03
ESP132,CASETA PARA LAVADO DE TERMOS,27.53
ESP133,CASETA VESTUARIO,44.03
ESP134,CONTENEDORES DEPOSITOS,44.03
ESP135,JUEGO DE HERRAMIENTAS MENORES TRAB. EN R,220.22
ESP136,LAVAMANOS PORTATIL PARA OBRA/CAMPO,33.06
ESP137,LONA PROTECTORA Y DE CONFINAMIENTO,330.32
ESP138,TRAILER PARA OFICINA,99.12
ESP139,"ALARMA DE GAS COMBUSTIBLE, DETECTOR DE F",1.23296
ESP140,TRANSPORTE TIPO TAXI CAP 3 PER EXTRAURBA,275.29
EZ0001,ABRAZADERA DE GRAPA TIPO COLLARIN,93.6
EZ0002,AIRE ACONDICIONADO TIPO SPLIT 12000 BTU,9.8825
EZ0003,AGITADOR DE PINTURA,5.53
EZ0004,ALMACEN TIPO TRAILER,8.81
EZ0005,ALMACEN DE HERRAMIENTAS Y MATERIALES,33.3856173
EZ0006,ANALISIS LABORATORIO S/DECRETO 2635-GO 5,616.62
EZ0007,ANDAMIOS EN SISTEMA IGNICION Y FLARE,495.52
EZ0008,ANDAMIO,121.12
EZ0009,ANDAMIOS TIPO CUP LOCK /CUERPOS DE 10 M3,9.88
EZ0010,ANDAMIOS TIPO CUP LOCK POR M3,1.34
EZ0011,ANTENA FOLDED BANDA VHF PARA REPETIDOR,109.0098
EZ0012,ARNES PUENTE DE GRUA,5.2872
EZ0013,ARNES Y CABO DE VIDA - ESLINGA,3.86
EZ0014,ARREGLO MECANICO P/PRUEBA HIDROSTATICA,82.58
EZ0015,ASPIRADORA INDUSTRIAL,6.06
EZ0016,AUTO BUS DE 36 PUESTOS,198.22
EZ0017,AUTOBUS TOYOTA COASTER 27 PUESTOS C/CHOF,165.19
EZ0018,BAJANTE PARA ESCOMBROS,11.01
EZ0019,BAKER /RELOJ COMPARADOR ONDAS 12K CERTIF,3.3034800000000004
EZ0020,BALANCEADORA,367.348492
EZ0021,BALANCEADORA DE MAQUINAS ROTATIVAS,165.19
EZ0022,BALANCEADORA DINAMICA,355.68
EZ0023,BALANZA ELECTRONICA YELLOW JACKET 688002,5.505800000000001
EZ0024,BANCO CALIB VALVULAS C/MANOMETRO CERTIFI,198.22
EZ0025,BANCO DE CALIBRACION NEUMATICO DE CAMPO,165.19
EZ0026,BANCO DE FUELLE MANUAL - NEUMATICA,165.19
EZ0027,BANCO DE PRUEBA MTTO Y CALIBRACION DE VA,275.29
EZ0028,BANCO DE PRUEBA DE INYECTORES,82.58325
EZ0029,BANDEJAS PARA PINTAR,5.53
EZ0030,BAÑO ECOLOGICO,11.01
EZ0031,BAÑO ECOLOGICO CON DOTACION Y SERVICIO,50.100414
EZ0032,BAÑO PORTATIL ECOLOG/DUPLEX EXIGENCIA PE,44.03
EZ0033,BARRA DE HOYAR/CAVADORA,11.01
EZ0034,BASE MAGNETICA P/RELOJ COMPARADOR,24.24
EZ0035,BATEA /PLATAFORMA PLANA,165.19
EZ0036,BAZOOCAS /EQUIPO A PRESION,38.55
EZ0037,BOMBA DE AGUA,165.19
EZ0038,BOMBA DE CALIBRACION CERTIFICADA,165.19
EZ0039,BOMBA DE DIAFRAGMA MAYOR O IGUAL 900PM,132.12
EZ0040,BOMBA DE VACIO,44.03
EZ0041,BORDEADORA METALICA,44.03
EZ0042,BORDILLADORA/CORTA Y DA FORMA A LAM. DE ,22.01
EZ0043,BRAZO ARTICULADO 18 TON,495.52
EZ0044,BRAZO HIDRAULICO 12 TON,550.58
EZ0045,BRAZO PICKMAN P/MOVILIZ Y DESMV TEMPORAL,214.71
EZ0046,BRAZO PICKMAN PARA MOVILIZ Y DESMOV ANDA,214.71
EZ0047,BURRO PARA CARRETES DE CABLE,16.49
EZ0048,CABLE DE PROGRAMACION P/RADIOS MOTOROLA,19.822000000000003
EZ0049,"CABLE HELIAX DE 1/2"" BOBINA DE 50 PIES",79.776
EZ0050,CAFETERA ELECTRICA,0.57272
EZ0051,CAJA DE CONEXIONADO ELECTRICO,16.49
EZ0052,CAJA DE HERRAMIENTA CON APAREJOS,55.06
EZ0053,CAJA HERRAMIENTAS /LLAVES/JGO DADOS/LLAV,31.97652
EZ0054,CAJA DE HERRAMIENTAS CON ACCESORIOS P/AN,66.09
EZ0055,CAJA DE HERRAMIENTAS DE AISLADORES,66.09
EZ0056,CAJA DE HERRAMIENTA FABRICADOR/ EMSAMB Y,66.09
EZ0057,CAJA DE HERRAMIENTAS DE FABRICADOR,66.09
EZ0058,CAJA DE HERRAMIENTAS ELECTRICO/ MECANICA,55.06
EZ0059,CAJA DE HERRAMIENTAS DE MECANICA,33.06
EZ0060,CAJA DE HERRAMIENTAS INSTRUMENTACION,220.22
EZ0061,CAJA DE HERRAMIENTAS INSTRUMENTISTA,33.06
EZ0062,CAJA DE HERRAMIENTAS MANUALES,66.09
EZ0063,CAJA CON HERRAMIENTAS MANUALES,33.06
EZ0064,CAJA DE HERRAMIENTAS MENORES P/EVAL. MET,5.53
EZ0065,CAJA DE HERRAMIENTAS MENORES,28.6
EZ0066,CAJA DE HERRAMIENTAS P/SOLDADOR,33.06
EZ0067,CAJA DE HERRAMIENTAS PARA TMC,135.97
EZ0068,CAJA DE HERRAMIENTAS REFRACTARISTA,33.06
EZ0069,CAJA DE HERRAMIENTAS SOLDADOR,66.09
EZ0070,CAJA HERRAMIENTAS DE REFRIGERACION,3.9644
EZ0071,CAJA HERRAMIENTAS MENORES ESPECIALES,159.65
EZ0072,CAMARA DE VACIO DE 190LTS,165.19
EZ0073,CAMARA FOTOGRAFICA,8.81
EZ0074,CAMION 5 TON,137.61
EZ0075,CAMION 750 CON BRAZO PICKMAN DE 10 TON,330.32
EZ0076,CAMION 750 CON PLATAFORMA,550.58
EZ0077,CAMION C/BRAZO HIDRAULICO 12 TON,770.79
EZ0078,CAMION CON BRAZO ARTICULADO,285.8594112
EZ0079,CAMION CON BRAZO ARTICULADO DE 10 TON,385.41
EZ0080,CAMION CON BRAZO ARTICULADO DE 12 TON,385.41
EZ0081,CAMION CON BRAZO RETRACTIL,440.44
EZ0082,CAMION DE VACIO / VACUUM / CON CHOFER,1101.12
EZ0083,CAMION FORD 350 O SIMILAR,165.19
EZ0084,CAMION CHEVROLET FVR,386.48946
EZ0086,CAMION CON LOW-BOY PARA TRANSPORTE PESAD,521.9702
EZ0087,CAMION PICKIMAN CON BRAZO ARTICULADO,385.41
EZ0088,CAMION PICKMAN C/OPERADOR P/TRASLADO TRA,517.51
EZ0089,CAMION PICKMAN CON OPERADOR,181.69
EZ0090,CAMION PICKMAN TRASLADO D/INSTALACIONES ,3083.11
EZ0091,CAMION PLATAFORMA,429.42
EZ0092,CAMION TIPO TORONTO CAP 18 M3 CON LONA,297.3
EZ0093,CAMION TORONTO 18 M3 CON LONA PROTECTORA,440.44
EZ0094,CAMION VOLTEO 7 M3 C/LONA PROTECTORA,275.29
EZ0095,CAMION VOLTEO CON LONA,550.58
EZ0098,CAMIONETA LOGISTICA Y ESCOLTA,110.11
EZ0099,CAMIONETA PICK UP DOBLE CABINA,1101.9908879999998
EZ0100,CAMIONETA PICK UP DOBLE CABINA,264.26
EZ0101,CAMIONETA PICK UP FORD 4X4,99.12
EZ0102,CAMIONETA PICK-UP CON CHOFER,165.19
EZ0103,CAMIONETA PICK-UP CHEVROLET O SIMILAR,24.224398
EZ0104,CARRALLA DE MECANICO,33.06
EZ0105,CARRITO HIDRAULICO,100.54
EZ0106,CARTELERA ACRILICA,4.051687
EZ0107,CASETA PARA SERVICIO DE AGUA,27.53
EZ0108,CAVA PARA HIELO,8.81
EZ0109,CEPILLADORA,78.51
EZ0110,CHUTO MACK R 688 SX HD (35 TON) CON BATE,737.76
EZ0111,CILINDRADORA PARA LAMINAS DE METAL,27.53
EZ0112,CILINDRO DE NITROGENO $,11.01
EZ0113,CILINDRO RECUPERADORA 30 LUSD YELLOW JAC,22.01
EZ0114,CINCEL,5.53
EZ0115,CIZALLA MANUAL,4.4
EZ0116,"COMEDOR PORTATIL 6 X 2,4 M /CAP 20 PERS",22.01
EZ0117,COMEDOR PORTATIL CAP 14 PER,33.3856173
EZ0118,COMPRESOR AIRE P/MANT MOTOR DE BAJA TENS,16.51675
EZ0119,COMPRESOR AIRE P/MANT MOTOR DE MEDIA TEN,82.58325
EZ0120,COMPRESOR CON KIT DE PINTURA,55.055
EZ0121,COMPRESOR DE 185 CFM CON MANGUERAS Y MAR,275.29
EZ0122,COMPRESOR DE AIRE 116-146PSI,99.12
EZ0123,COMPRESOR PARA PINTURA,104.59
EZ0124,COMPUTADORA / IMPRESORA Y SCANNER,6.06
EZ0125,COMPUTADORA PORTATIL (LAPTOP),13.21
EZ0126,CONECTOR N HEMBRA HELIAX,23.7834
EZ0127,CONJUNTO DE MARTILLOS DE BRONCE (P/ANDAM,6.33
EZ0128,CONTAINER DE HERRAMIENTAS,38.5391
EZ0129,CONTAINERS PARA MAT. Y HERRAMIENTA,8.81
EZ0130,CONTENEDOR DE HERRAMIENTAS,33.06
EZ0131,CONTENEDOR MATERIALES Y HERRAMIENTAS,18.35
EZ0132,TRAILER ALMACEN P/ HERRAMIENTAS L=6 M,330.32
EZ0133,CORE LOST TESTTER /MEDIR PERDIDAS ENERGI,13.2128
EZ0134,CORTADORA DE CONCRETO Y/O PAVIMENTO 2 TU,440.44
EZ0135,CORTADORA DE DIAMANTE HILTI,253.99
EZ0136,CORTADORA DE LADRILLO,82.58
EZ0137,CUARTO DE AGUA EN OBRA,22.01
EZ0138,CUARTO DE HERRAMIENTAS,15.39
EZ0139,DENSIMETRO NUCLEAR P/ENSAYO CONTENIDO DE,220.22
EZ0140,DEPOSITO PARA AGUA POTABLE,8.81
EZ0141,DESMOVILIZACION,550.58
EZ0142,DESMOVILIZACION COMEDOR,165.19
EZ0143,DESMOVILIZACION DE BAÑO /RETIRO DEL BAÑO,220.22
EZ0144,DESMOVILIZACION DE BAÑO,330.32
EZ0145,DESMOVILIZACION DE EQUIPOS DE ENSAYOS,550.58
EZ0146,DESMOVILIZACION LAVAMANO,165.19
EZ0147,DESMOVILIZACION TRAILER,440.44
EZ0148,DESMOVILIZACION /TRANSP Y CARGA DEL CAMP,440.44
EZ0149,DESTORNILLADORES ELECTRICOS Y MANUALES,60.58
EZ0150,DETECTOR DE METALES,16.49
EZ0151,DIFRACTOMETRO RAYO X ENSAYO NO DESTRUCTI,22.01
EZ0152,DOBLADORA DE LAMINAS PLACAS O PERFILES M,33.06
EZ0153,"DOBLADORA DE TUBERÍA DE 1/4"" - 5/8""",1.5419999999999998
EZ0154,DOS LOCALES P/COMEDOR,71.59
EZ0155,DOS TRAILER P/OFICINA (2),110.11
EZ0156,DOS TRAILER VESTIDORES (2),66.09
EZ0157,DUPLEXER BANDA VHF 155-162 MHZ,81.7542
EZ0158,EJE PARA CARRETES DE CABLE,11.15
EZ0159,ELECTRODOS DE TITANIO RECUBIERTO DE PLAT,1.08
EZ0160,ELEMENTOS Y ACCESORIOS D/ANDAMIOS (LONG.,4.93
EZ0161,EQUIPO DE ALINEACION,62.926227
EZ0162,EQUIPO DE BOMBEO DE DRENAJE,264.26
EZ0163,"EQUIPO DE CABILLAS / CIZALLA, DOBLADORA",110.11
EZ0164,EQUIPO P/CARGA Y CAMION,715.71
EZ0165,EQUIPO DE CARGA DENSA UNIDENSE (EN INVES,5505.55
EZ0166,EQUIPO DE INSPECCION CAMPOS REMOTOS,308.32
EZ0167,EQUIPO DE INSPECCION IRIS/ TUBOS,319.31
EZ0168,EQUIPO INSPECCION POR CORRIENTE INDUCIDA,275.29
EZ0169,EQUIPO DE INSPECCION POR VIDEOSCOPIA,55.06
EZ0170,EQUIPO DE JARDINERA P/PETROQUIMICA,28.6
EZ0171,EQUIPO DE LIMPIEZA ABRASIVA,33.06
EZ0172,EQUIPO DE LIMPIEZA PARA DUCTOS,33.06
EZ0173,EQUIPO DE MEDICION DE ESPESOR DMS2,49.5
EZ0174,EQUIPO DE MONITOREO EN LINEA DE ROTORES,132.12
EZ0175,EQUIPO DE OXICORTE P/PETROQUIMICA,55.06
EZ0176,EQUIPO DE OXICORTE,22.022
EZ0177,EQUIPO DE OXICORTE HARRIS MASTER II C/AC,13.0476
EZ0178,EQUIPO DE PARTICULAS MAGENTICAS,22.01
EZ0179,EQUIPO DE PINTURA / CALDERIN & PISTOLAS,195
EZ0180,EQUIPO DE PRUBAS DEL SISTEMA,220.22
EZ0181,EQUIPO DE PRUEBAS ELECTRICAS,495.52
EZ0182,EPP /LOGISTICA P/10 TRAB 52DIAS PARADA-P,16129.26
EZ0183,EQUIPO DE TORQUE NEUMATICO,4294.33
EZ0184,EQUIPO DE TRATAMIENTO TERMICO,6056.1
EZ0185,EQUIPO DE VIBRACION P/MANT MOTORES ELECT,55.056
EZ0186,EQUIPO MECANICO,220.22175000000004
EZ0187,EQUIPO MECANICO ROTATIVOS,82.31916
EZ0188,EQUIPO MEDICION ESPESORES PINTURA,53.21
EZ0189,EQUIPO MFL-MARK II INSP NO DEST TUBOS/PI,798.31
EZ0190,EQUIPO MODULAR 12 LINEAS,21471.65
EZ0191,EQUIPO OXICORTE ENVASE OXIGENO - ACETILE,154.17
EZ0192,"EQUIPO PARA AMARRE (FAJINA, CUERDAS, CAD",9.049404
EZ0193,EQUIPO PARA ELECTRICISTA (MULTIAMPERIMET,33.06
EZ0194,EQUIPO P/ELECTRICISTA,27.53
EZ0195,EQUIPO P/ ENSAYO DE PARTICULAS MAGENTICA,550.58
EZ0196,"EQUIPO PARA EXPANDIDO DE TUBOS 2""",220.22
EZ0197,EQUIPO PARA GAMMAGRAFIA,1799.76
EZ0198,EQUIPO PARA PROYECTAR MATERIAL REFRACTAR,198.22
EZ0199,EQUIPO PARA PROYECTAR MATERIAL REFRACTAR,264.26
EZ0200,EQUIPO PARA SPONGE JET (TOLVA-RECICLAD),1064.41
EZ0201,EQUIPO PARA TRABAJOS EN ALTURA,8.81
EZ0202,EQUIPO PRUEBA INTERRUPTOR SMC PME-500-TR,2134.04
EZ0203,EQUIPO TRATAMIENTO TERMICO,4074.11
EZ0204,EQUIPO ULTRASONIDO PHASED ARRAYS,963.44
EZ0205,EQUIPOS DE CONEXION Y OTROS MATERIALES ,6.93738
EZ0206,EQUIPOS DE PRUBAS PARA INSTRUMENTACION,220.22
EZ0207,EQUIPOS ELECTRICOS P/SISTEMA IGNICION FL,275.29
EZ0208,EQUIPOS PARA CALIBRACION DE INSTRUMENTOS,165.19
EZ0209,ESCALERA ,8.81
EZ0210,ESCALERA TIPO TIJERA DE 6 TRAMOS,4.2936
EZ0211,ESCALERA TIPO TIJERA DE 3 MTS,16.49
EZ0212,ESCANER DE PLANOS P/DIA-LARGA DURACION,5.53
EZ0213,ESLINGA ,3.622500000000001
EZ0214,"ESLINGAS 1/2"" A 3/4$ X 6M ",13.21
EZ0215,"ESPATULA 2"" ",2.84
EZ0216,ESPECTROSCOPIO / MICROSCOPIO HITACHI S25,11.01
EZ0217,TRAILER PARA EXAMEN MEDICO BASICO,275.29
EZ0218,EXTINTOR,5.53
EZ0219,EXTRACTOR DE HAZ TUBULAR,7157.22
EZ0220,EXTRACTOR DE TUBOS,248.84
EZ0221,EXTRACTOR MECANICO,20.546028300000003
EZ0222,FAJA PARA IZAMIENTO DE 2 TON ,13.21
EZ0223,FLEJADORA/TIRAS/ACERO POLIPROPILENO/POLI,49.5
EZ0224,FLEJADORA/ AMARRE,7.14
EZ0225,FLUJOMETRO TIPO ROTAMETRO DE 10 LPM,83.67
EZ0226,CALIBRADOR MULTIFUNCION FLUKE 744,198.22
EZ0227,CALIBRADOR/DOCUMENTADOR PROCESOS/ FLUKE ,99.12
EZ0228,FOTOCOPIAS E IMPRESORAS,5.53
EZ0229,FUENTE DE PODER,55.06
EZ0230,GANDOLA CON BATEA,715.71
EZ0231,GANDOLA CON PLATAFORMA PARA MOVILIZAR AN,682.68
EZ0232,GANDOLA PLATAFORMA P/MOVILIZ Y DESM DE T,682.68
EZ0233,GENERADOR DE 300KVA,697.14
EZ0234,GENERADOR ELECTRICO,385.41
EZ0235,GLOBE CORE CMM 4-7/PLANTA DE TRAT ACEITE,495.52
EZ0236,GRASERA MANUAL,37.42
EZ0237,GRUA 140 TON,4404.44
EZ0238,GRUA 20 TON,385.41
EZ0239,GRUA 55 TON,880.87
EZ0240,GRUA 55 TON,935.93
EZ0241,GRUA CELOSIA SOBRE ORUGAS CAPACIDAD 600 ,72801.68
EZ0242,GRUA DE 350 TON,7597.64
EZ0243,GRUA HIDRAUICA 40 TON,440.44
EZ0244,GRUA RIGGI 5 TON ,11.10264813
EZ0245,GRUA TELESCOPICA CAP 30 TON,341.34
EZ0246,GRUA TELESCOPICA CAP 75 TON,429.42
EZ0247,GRUA TELESCOPICA CAPACIDAD = 200 TON,3303.33
EZ0248,GRUA TELESCOPICA CAPACIDAD = 45 TON,649.61
EZ0249,GRUA TELESCOPICA CAPACIDAD 60 TON,1596.61
EZ0250,HERRAMIENTAS ANDAMIEROS,29.72
EZ0251,HERRAMIENTAS DE CORTE P/MAQUINADO,26.42
EZ0252,HERRAMIENTAS DE INSPECCION IBR,16.49
EZ0253,HERRAMIENTAS DE INSPECCION REFRACTARIO,11.01
EZ0254,HERRAMIENTAS DE INTRUMENTACION,220.22
EZ0255,HERRAMIENTAS DE LIMPIEZA,27.53
EZ0256,HERRAMIENTAS DE MEDICION,13.49
EZ0257,HERRAMIENTAS DE MONTAJES MECANICOS,126.63
EZ0258,HERRAMIENTAS DE PRECISION,37.1359835
EZ0259,HERRAMIENTAS ELECTRICAS,220.22
EZ0260,HERRAMIENTAS GENERALES OBRA,115.24
EZ0261,HERRAMIENTAS INSTRUMENTISTA,132.12
EZ0262,"HERRAMIENTAS MENORES P/PETROQUIMICA
",126.63
EZ0263,HERRAMIENTAS MENORES,55.06
EZ0282,"JUEGO DE BROCHAS PEQUEÑAS (1"" - 2"" -2 1/",9.88
EZ0283,"JUEGO DE DADOS CON RATCHET DE 1/2"" ALQ",11.01
EZ0284,JUEGO DE LLAVES AJUSTABLES,22.01
EZ0285,JUEGO DE LLAVES COMBINADAS 14 PZAS,33.06
EZ0286,JUEGO DE LLAVES DE PUA,33.06
EZ0287,"JUEGO DE LLAVES FIJAS COMBINADAS DE 1/4""",3.524
EZ0288,"JUEGO DE RATCHET CUADRANTE 3/8""",7.0472
EZ0289,JUEGO MANOMETRO PARA R-22 / R-407C,4.955699999999999
EZ0290,JUEGO MANOMETRO PARA R-410A,7.5984
EZ0291,KIT DE RODILLO/CAMISA Y BANDEJA PARA PIN,13.21
EZ0292,LAPTOP C/SOFTWARE PARA PRUEBAS ELECTRICA,220.22
EZ0293,LAPTOP CON SOFTWARE,110.11
EZ0294,LAPTOP SONY VAIO MODELO VG170 I5 O SIM,5.53
EZ0295,LAVADEROS,110.11
EZ0296,LAVAMANO CON TANQUE ,22.01
EZ0297,LAVAMANOS (CON 08 TOMAS CADA UNO),8.81
EZ0298,LAVAMANOS DOBLES CON SERVICIO DE LIMPIEZ,440.44
EZ0299,LAVAMANOS  ECOLOGICO CON TANQUE,22.01
EZ0300,LIMPIEZA DE BAÑO MANEJO DE EFLUENTES,16.49
EZ0301,LINTERNA LED INDUSTRIAL,27.53
EZ0302,LOCAL COMEDOR 10 PUESTO,192.7
EZ0303,LOCAL PARA SERVICIO DE AGUA/HIELO,660.67
EZ0304,LOCAL PREPARACION AGUA/ COMIDA,11.6
EZ0305,LUMINARIAS TIPO EXPLOSION PROOF 12 V ALQ,16.49
EZ0306,REMACHADORA,33.06
EZ0307,MANDARRIA,11.01
EZ0308,MANEJO DE DESECHOS,27.53
EZ0309,"MANGUERA ROBUSTA DE 1/2"" X 10 MTS",2.2015
EZ0310,MANGUERAS MULTIUSO 120 PSI,4.1276816
EZ0311,"MANGUERAS Y CONEXIONES CHICAGO 3/4""",44.03
EZ0312,MANOMETRO CERTIFICADOS,99.12
EZ0313,MANOMETRO PATRON,55.06
EZ0314,EQUIPOS PARA MANTENIMIENTO,165.19
EZ0315,MANTENIMIENTO DE BAÑOS,11.01
EZ0316,MAQUINA DE SOLDAR ,3.765819
EZ0317,MAQUINA DE SOLDAR CON ACCESORIOS ,220.22
EZ0318,MAQUINA RECUPERADORA YELLOW JACKET ,44.03
EZ0319,MARIOTA DE FIBRA DE VIDRIO ,33.06
EZ0320,MARQUILLADORA ,22.01
EZ0321,MARTILLO NEUMATICO ,27.53
EZ0322,MATERIAL DE VIDRIO LABORATORIO,1.08
EZ0323,MEDIDOR DE AISLAMIENTO EN EQUIPO ELECTRI,203.7
EZ0324,MEDIDOR DE PELICULA HUMEDA/ESPESOR DE PI,5.53
EZ0325,MEDIDOR DE PELICULA SECA ,5.53
EZ0326,MEDIDOR DE RESIS. DE CONTACTOS AVO MEGGE,281.75
EZ0327,MEDIDOR DE RESISTENCIA DE DERIVADO,132.12
EZ0328,MEDIDOR DE TENSION Y CORRIENTE ELECTRICA,19
SUB102,MONTACARGA 3 TON,385.41
EZ0329,MEGGER ABB P/MOTORES DE MEDIA TENSION,13.764500000000002
EZ0330,MEGGER 10 KV P/MEDIR AISLAMIENTO Y RESIS,8.753851000000001
EZ0331,MEGGER DE 10 KV (ALQUILER),44.03
EZ0332,MEGGER M2S/INYECTOR MONOF CORRIENTE Y VO,220.22
EZ0333,MEDIDOR DE LIQUIDO AISLANTE PORTATIL MEG,220.22
EZ0334,MESA METALICA DE TRABAJO,16.49
EZ0335,MESAS CUADRADRAS CON MANTEL ,1.61
EZ0336,MESAS RECTANGULARES CON MANTEL ,2.72
EZ0337,MESON CON MALLA ,27.53
EZ0338,METALOGRAFICO PORTABLE C/CAMARA DIGITAL ,13.21
EZ0339,MEZCLADOR DE BAJA REVOLUCIONES,33.06
EZ0340,MEZCLADORA P/ENCAPSULADO MATERIALES DE D,352.37
EZ0341,MEZCLADORA DE CONCRETO 50LTS ,49.5
EZ0342,MEZCLADORA PLANETARIA ,104.59
EZ0343,MEZCLADORA PLANETARIA 350 LTS ,231.23
EZ0344,MICROSCOPIO ELECTRONICO DE BARRIDO,13.21
EZ0345,MICROSCOPIO ESTEREOSCOPICO/DISECCION,5.53
EZ0346,MICROSCOPIO OPTICO METALOGRAFICO OLYMPUS,13.21
EZ0347,MINISHOVEL,236.72
EZ0348,MOBILIARIO,11.01
EZ0349,MOBILIARIO TRAILER,25.5679
EZ0350,MOLDE EN T Y PINZA PARA CONEXION EXOTERM,110.11
EZ0351,MONITOR DE SERVICIO FRECUENCIA HASTA 100,550.554
EZ0352,"MONITOR INTELIGENTE DE 32"" ALTA RESOLUCI",9.68976
EZ0353,MONTACARGA 4 TON,330.32
EZ0354,MONTACARGA 8 TON,440.44
EZ0355,MONTACARGA DE 6 TON,440.44
EZ0356,MOVILIZACION ,550.58
EZ0357,MOVILIZACION DE BAÑO,330.32
EZ0358,MOVILIZACION COMEDOR ,165.19
EZ0359,MOVILIZACION DE BAÑO AL LUGAR DE INSTALA,220.22
EZ0360,MOVILIZACION DE EQUIPOS DE ENSAYOS ,550.58
EZ0361,MOVILIZACION LAVAMANO ,165.19
EZ0362,MOVILIZACION TRAILER,440.44
EZ0363,MOVILIZACION /TRANSP Y CARGA DEL CAMPAME,440.44
EZ0364,MICRO-OHMIMETRO MULTI-AMP M400,192.7
EZ0365,MULTIMETRO DIGITAL,33.06
EZ0366,NEVERA EJECUTIVA ,2.37824
EZ0367,NIVEL TIPO TORPEDO,0.4404
EZ0368,OFICINA,29.37
EZ0369,OMICRON CMC356/SISTEMA DE PRUEBAS SECUND,220.22
EZ0370,OMICRON CP TD12/15 MED CAPACITANCIA/DISI,220.22
EZ0371,OMICRON CPCB2/AMPLIFICADOR CORRIENTE HAS,220.22
EZ0372,OMICRON INYECTOR CPC100,803.79
EZ0373,OMICRON PRUEBA SECUN. CMC-356,1005.3
EZ0374,OMICRON SISTEMA DE PRUEBAS PRIMARIO,220.22
EZ0375,OMICRON TESTRANO 660 P/PRUEBAS DE TRX AV,220.22
EZ0376,OTRAS LICENCIAS P/DIA,4.4
EZ0377,PALPADORES EQUIPO MEDICION UT  DMS2,16.49
EZ0378,PANEL DE TONOS PARA REPETIDORA MOTOROLA,49.5522
EZ0379,PANTOGRAFO,27.53
EZ0380,PATRON Y PALPADORES PARA EQUIPO DE UT,16.49
EZ0381,PINZA AMPERIMETRICA FLUKE - ALQ.,77.06
EZ0382,PINZA AMPERIMETRICA FLUKE,29.73006
EZ0383,PINZA FLUKE 1000 A-600V (ELECTRICIDAD),3.52358
EZ0384,PISTOLA DE PINTURA,1.9487422
EZ0385,PISTOLA HIDRAULICA,16.516000000000002
EZ0386,PISTOLA NEUMATICA ,44.03
EZ0387,PLANTA ELECTRICA,23.279698
EZ0388,PLANTA ELECTRICA 35 KVA TRIFASICA 220 VO,214.71
EZ0389,"PLANTA ELECTRICA DE 37,5 KVA",110.11
EZ0390,PLANTA ELECTRICA 8 KVA ,4.59162
EZ0391,PLC DE AUTOMATIZACION PARA ENFRIAMIENTO ,756.47
EZ0392,PLIZADORA / PLEGADORA DE METAL,33.06
EZ0393,POLEAS PARA TENDIDO DE CABLE,55.06
EZ0394,"PONCHADORA DE 1/2"" A 4""",55.06
EZ0395,PRENSA HIDRAULICA DE 50 TON,225.74
EZ0396,"PRENSA MANUAL 6""",55.06
EZ0397,PRENSA TERMINAL HIDRAULICO CON ACCESORIO,33.06
EZ0398,PRENSA TERMINAL HIDRAULICA,82.58
EZ0399,PROBADOR DE AUSENCIA DE TENSION ,30.14
EZ0400,PUESTOS DE TRABAJO CON SILLA ,21.07446
EZ0401,PULIDORA DE BANCO MOTORIZADA P/EVAL. MET,5.53
EZ0402,RADIO DE REPOSICION PRO 5150 MOTOROLA,9.88
EZ0403,RADIO PUNTO A PUNTO P/SISTEMA IGNICION F,7.5537
EZ0404,RANA/ PLANCHA COMPACTADORA,220.22
EZ0405,RASTRILLOS P/REGAR MATERIAL EN TALUDES ,3.28
EZ0406,REBORDEADORA DE LAMINA ,38.55
EZ0407,RECINTO P/PREPARACION AGUA,24.24
EZ0408,RECINTO PARA ENTREGA DE COMIDAS EMPACADA,15.2
EZ0409,RECINTO PARA PREPARACION DE AGUA,8.81
EZ0410,RECINTO PARA REPARACION DE AGUA ,15.2
EZ0411,RELOJ COMPARADOR DE PRECISION,14.9748
EZ0412,REPETIDOR ANALOGICO MOTOROLA BANDA VHF,341.5968
EZ0413,RESISTIVIMETRO PARA PRUEBA PUESTA A TIER,82.58
EZ0414,RETROEXCAVADORA CAT,440.44
EZ0415,RODILLOS PARA CABLE,4.86
EZ0416,ROLADORA / DOBLADORA DE METALES,38.55
EZ0417,ROSCADORA Y CORTA TUBO MARCA RIGID,110.11
EZ0418,SALA TECNICA/ OFICINA,44.03
EZ0419,SEÑORITA DE 10 TONELADAS ,35.78575
EZ0420,SERVICIO BAÑO SAB-DOM-FER,5.53
EZ0421,SERVICIO DE AGUA LAVAMANO,16.49
EZ0422,SERVICIO DE CONEXION DE TRAILER,550.58
EZ0423,SERVICIO DE MANTENIMIENTO EN CAMPO,77.06
EZ0424,SERVICIO DE SUMINISTRO DE GASOIL,33.06
EZ0426,SET HERRAMIENTAS AISLADORES,27.53
EZ0427,SET UP DESCARGA (TOLVAS CICLON-DESCARGA),1717.73
EZ0428,SET UP SUMINISTRO DE NITROGENO LIQUIDO N,5367.93
EZ0429,SIERRA ZIG-ZAG / VAIVEN,53.98
EZ0430,SIERRACOPA DE DIAMANTE HILTI,441.02
EZ0431,SILLAS P/OFICINA TRAILER,1.08
EZ0432,SIMULADOR DE SEÑAL ANALOGICA 4-20MA,99.12
EZ0433,SIMULADOR DE TEMPERATURA ,102.94
EZ0434,SISTEMA COMPUTADORAS P/PROVISIONALES,11.01
EZ0435,SISTEMA DE VIDEO E INSPECCION (GRABACION,121.69
EZ0436,SISTEMA DE VIDEO E INSPECCION (GRABACION,171.8
EZ0438,SOFTWARE MICROSOFT PROJECT P/DIA,5.53
EZ0439,SOFTWARE WINDOWS P/DIA/LICENCIA,2.18
EZ0440,SOLDADOR LINCONL SA 250 O SIM ,308.32
EZ0441,SONDA DE INSPECCION ,176.18
EZ0442,SONDA DE INSPECCION ECT,99.12
EZ0443,SONDA DE INSPECCION RFECT,121.12
EZ0444,SOPLADORA DE AIRE,5.53
EZ0445,SOPORTE BASE REFORZADO P/ILUMINACION ,0.545127
EZ0446,SUMINISTRO DE COMBUSTIBLE,88.1
EZ0447,SURTIDOR /DISPENSADOR DE AGUA ELCTRICO,1.58576
EZ0448,TABLERO DE CONEXION Y PROTECCIONES ,11.56176
EZ0449,TALADRO HOT TAPPING MACHINE ,27.53
EZ0450,TALADRO ELECTRICO DE BANCO,187.19
EZ0451,TALADRO FRESADOR,36.53
EZ0452,TALADRO INALAMBRICO,16.49
EZ0453,TALADRO INDUSTRIAL,19.82
EZ0454,TALADRO PORTATIL ,6.88
EZ0455,TANQUE ALMACENAR COMB. P/PLANTA ELECT 8K,9.60176
EZ0456,TENAZAS USO PETROQUIMICA,30.82
EZ0457,TENAZAS CABILLERO,8.265
EZ0458,TERMO PORTA ELECTRODO,38.55
EZ0459,TERMOMETRO INFRAROJO DIGITAL,5.53
EZ0460,TESTER/PINZA AMPERIMETRICA,11.01
EZ0461,TESTER P/SISTEMA IGNICION FLARE,60.58
EZ0462,TIJERA DE CORTE DERECHA E IZQUIERDA,19.82
EZ0463,TOLDO CARPA PLEGABLE PROTECC. UV 5X5,17.62
EZ0464,TORNO CONVENCIONAL/MANUAL,82.58
EZ0465,"TORNO PORTAIL 1 1/2"" - 2""",132.12
EZ0466,TORQUE MANUAL DE 120 LB,185
EZ0467,TORQUIMETRO 150-300 LBS GAMA ALTA,6.2598293
EZ0468,TORQUIMETRO 150-300 LBS - GAMA MEDIA,4.67975
EZ0469,TORRE METALICA C/PORTA FOCOS - ILUMINACI,118.094075
EZ0470,TRAILER ALMACEN MATERIALES,20.35
EZ0471,TRAILER COMEDOR 20 PUESTO,269.77
EZ0472,TRAILER DE ALMACEN,16.49
EZ0473,TRAILER DE HERRAMIENTAS DEPOSITO,17.91
EZ0474,TRAILER DE OFICINA STAFF,22.01
EZ0475,TRAILER DE OFICINA SUPERVISORES Y LABORA,19.82
EZ0476,TRAILER DE OFICINAS,50.0784828
EZ0477,TRAILER OFICICINA DE 10M,60.58
EZ0478,TRAILER PARA OFICINA,99.12
EZ0479,TRAILER OFICINA CON ESCALERA DE ACCESO ,112.863816
EZ0480,TRAILER PARA AGUA Y HIELO,27.53
EZ0481,TRAILER PARA AGUA Y HIELO DE 3 MTS,88.1
EZ0482,TRAILER PARA COMEDOR ,27.53
EZ0483,TRAILER P/COMIDA EMPACADAS,27.53
EZ0484,TRAILER PARA DEPOSITO DE HERRAMIENTAS ,27.53
EZ0485,TRAILER PARA OFICINA DE 6 MTS CON AIRE A,88.1
EZ0486,TRAILER TIPO ALMACEN,33.06
EZ0487,TRAILER TIPO COMEDOR,33.06
EZ0488,TRAILER TIPO OFICINA,44.03
EZ0489,TRAILER UNIDAD DE SOPORTE VITAL,3303.3284000000003
EZ0490,TRAILER VESTIDOR,22.01
EZ0491,TRAILER OFICINA 12M ,132.12
EZ0492,TRANSPORTE CONTRACTUAL CON CHOFER,165.19
EZ0493,TRANSPORTE DE CARGA PESADA,59.47
EZ0494,TRANSPORTE DE DESECHOS CAPACIDAD 18 M3,704.69
EZ0495,TRANSPORTE DE PERSONA EN FASE PARADA ,154.17
EZ0496,TRANSPORTE DE PERSONA EN FASE POST-PARAD,154.17
EZ0497,VEHICULO P /TRANSPORTE DE PERSONAL ,159.65
EZ0498,TRANSPORTE DE PERSONAL (NO PARADA),247.74965
EZ0499,TRANSPORTE DE PERSONAL EN FASE PRE-PARAD,154.17
EZ0500,TRANSPORTE  PERSONAL VAN CAP 20 PER C/CH,275.29
EZ0501,TRANSPORTE PERSONAL TAXI CAP 3 PER,110.11
EZ0502,TRANSPORTE NO CONTRACTUAL CON CHOFER,165.19
EZ0503,TROQUELADORA,27.53
EZ0504,UNIDAD DE ALTO VACIO 28 X MMGH,3435.44
EZ0505,UNIDAD P/CILINDROS AIRE RESPIRABLE CERTI,4294.33
EZ0506,UNIDAD DE ATAQUE ELECTROLITICO,1.08
EZ0507,COMPUTADOR PC / LAPTOP  P/DIA,3.28
EZ0508,USO DE BANCO DE PRUEBA DE 4160 VOLT ,1101.12
EZ0509,VAISALA/MEDIDOR DE HUMEDAD EN EL ACEITE,220.22
EZ0510,CAMIONETA/VEHICULO,66.09
EZ0511,VEHICULO - CAMIONETA 4X4,110.11
EZ0512,VEHICULO PARA TRANSPORTE DE PERSONAL,198.22
EZ0513,VEHICULOS PARA AGUA / HIELO,5.53
EZ0514,VEHICULOS PARA AGUA/HIELO,5.53
EZ0515,VENTURI / MEZCLADOR DE FLUIDOS GAS,16.49
EZ0516,"VESTUARIO 6 M X 2,4 M / CAPACIDAD 20 PER",17.62
EZ0517,VIBROCOMPACTADORA DE RODILLO ,330.32
EZ0518,WATTIMETRO/VATIMETRO P/FRECUENCIAS 0-100,82.58350000000002
EZ0519,BOMBA DE TRASEGADO DE ACEITE,4.45968
EZ0520,CAMARA FOTOGRAFICA DIGITAL SONY DCS-W 57,13.2134
EZ0521,CAMARA TERMOGRAFICA,8.8088
EZ0522,CAVA PARA HIELO,2.47761
EZ0523,CEPILLOS DE CERDAS GRUESAS CARRETERO C/C,0.0644
EZ0524,CINCHAS DE TRINQUETE /AMARRE 2 TON,1.3224
EZ0525,CONTENEDOR DEPOSITO 3MT,38.5387
EZ0526,DETECTOR ALTA TENSION AMPROBE C/PERTIGA ,3.39136
EZ0527,DETECTOR ELECTRONICO DE METALES,3.23736
EZ0528,DOBLADOR DE TUBING,6.05638
EZ0529,DREMEL INALAMBRICO MODELO 1100,1.45332
EZ0530,DREMEL INALAMBRICO MODELO 800,1.57432
EZ0531,DUROMETRO /MEDIDOR DUREZA,7.69131
VEH086,CAMION VOLTEO,440.44
EZ0532,DUROMETRO DE BANCO FIJO/PRUEBAS EN MAT.S,6.166271999999999
EZ0533,DUROMETRO DE CAMPO (ESCLEROSCOPIA DE IMP,7.69131
EZ0534,EQUIPO DE INYECCION DE QUIMICOS SELLANTE,18.16837
EZ0535,EQUIPO DE PINTURA GRACO,13.08142
EZ0536,EQUIPO DE TORQUE HIDRAULICO/NEUMATICO,44.04435
EZ0537,EQUIPO MEDIDOR DE ESPESORES,13.32342
EZ0538,EQUIPO P/PINTAR AIRLESS,5.23259
EZ0539,"ESMERIL DE 7 1/2""",19.8201
EZ0540,ESMERIL SKIL 700 WATT MODELO 9003,3.3033
EZ0541,ESPECTROFOTOMETRO/ANALISIS QUIMICO DE SU,99.0999
EZ0542,ESTIBA/PALETA DE MADERA (1.2 X 1.2) MTS,0.3298
EZ0543,ESTROBOS Y GRILLETES P/LEVANTAR,0.6612
EZ0544,EXTRACTOR DE AIRE EXPLOSSION PROOF,13.2132
EZ0545,EXTRACTOR/DESMONTAR PIEZAS ACOPLADAS/ROD,4.955699999999999
EZ0546,FLUKE 80PK-22/SONDA DE TEMPERATURA LÍQUI,26.4261
EZ0547,FLUKE CALIBRADOR MULTIFUNCION PRECISION ,63.21573
EZ0548,FURGONETA KIA PREGIO 12 PUESTOS C/CHOFER,308.31059000000005
EZ0549,GENERADOR ELECTRICO/ PLANTA 50 KVA,322.074545
EZ0550,GONIOMETRO/MEDICION DE ANGULOS HORZ. Y V,3.3033
EZ0551,HERRAMIENTAS DE IMPACTO NEUMATICA,16.517400000000002
EZ0552,HIDROJET 5000 PSI ,99.10025000000002
EZ0553,IMPRESORA / FOTOCOPIADORA MULTIFUNCIONAL,4.9552
EZ0554,JAULA PARA CILINDROS DE GASES,2.9728799999999995
EZ0555,JUEGO DE PONCHADOR HIDRAULICA P/METALES,5.28522
EZ0556,KIT INSPECCION VISUAL P/ SOLDADURA,14.5347
EZ0557,KIT PARA PINTURA,0.4403
EZ0558,LAMPARA EXPLOSSION PROOF,7.4878
EZ0559,LAMPARA ANTIEXPLOSIVA,9.9104
EZ0560,LINTERNA LED INDUSTRIAL RECARGABLE,6.9369
EZ0561,LONA ENCERADA 3X4 M ,0.87204
EZ0562,LUMINARIAS TIPO EXPLOSION PROOF 12 V,5.505800000000001
EZ0563,MANDARRIA DE 3KG,1.1012000000000002
EZ0564,MEDIDOR DE ESPESORES HAZ RECTO - OLYMPUS,99.09975
EZ0565,MEDIDOR DE RPM /TACOMETRO,11.0116
EZ0566,MEDIDOR DE VOLTAJE,4.4044
EZ0567,MEDIDOR DIFERENCIAL DE PRESION EXPLOSION,21.27315
EZ0568,MEGGER DE 10 KV/MEDIDOR RESITENCIA ASILA,34.68519
EZ0569,MEGGER MIT400/2 P/SISTEMA IGNICION DEL F,14.98392
EZ0570,MICROMETROS EXTERIOR,8.8088
EZ0571,MICROMETROS INTERIOR,35.67609
EZ0572,MONTACARGA 3.5 TON ,198.19962
EZ0573,MEDIDOR MULTIGASES ATMOSFERAS PELIGROSAS,59.4598
EZ0574,MULTIMETRO DIGITAL,1.3212000000000002
EZ0575,MULTIMETRO DIGITAL,0.9912
EZ0576,PALA CUADRADA CON CABO DE MADERA ,0.552102
EZ0577,PATECLA (POLEA) CON MECATE HASTA 2 TON,1.47127
EZ0578,PIROMETRO /MEDIDOR TEMPERATURA SIN CONTA,2.942206
EZ0579,"PLANTA ELECTRICA 13,7 KVA ",93.6
EZ0580,PLANTA ELECTRICA DE 85 KVA,82.58325
EZ0581,PLOTTER DE IMPRESION ECOSOLVENTE DE 3.20,167.36856
EZ0582,"PONCHADORA HIDRAULICA DE 1/2"" A 4""",6.606672
EZ0583,PRENSA TERMINAL HP3 / MANUAL,1.5412
EZ0584,PULMON AIRE COMPRIMIDO/TANQUE ,7.2672
EZ0585,PYLE/ TERMOHIGOMETRO DIGITAL,2.2022
EZ0586,RADIO WALKIE TALKIE COBRA MICRO TALK,11.011
EZ0587,RELOJ COMPARADOR /MEDIDOR,12.664
EZ0588,"RODILLO DE 4"" PARA PINTAR",1.976
EZ0589,ROTAMIL/HERRAMIENTA ROTATIVA,6.6064
EZ0590,SECUENCIMETRO DETECTOR FASE SIN CONTACTO,1.98198
EZ0591,SENORITAS ENTRE 3 Y 5 TON/CADENA,5.725720000000001
EZ0592,SEÑORITA DE 5 TON,6.606680000000001
EZ0593,SET DE RADIOS DE COMUNICACION EXPLOSION ,3.96402
EZ0594,SET DE RESCATE-ESTRACCION VERTICAL YOYOS,4.62469
EZ0595,SIMULADOR DE CORRIENTE P/PRUEBAS-SIMULAC,9.414269999999998
EZ0596,TAMBORES METALICOS 200 LTS,1.3218
EZ0597,TAMIZADORA/CRIBA INDUSTRIAL AUTOMATICA 4,26.426610000000004
EZ0598,TERMOHIGROMETRO FLUKE 971/MEDIDOR TEMP-H,5.94603
EZ0599,TOLDO CARPA PLEGABLE PROTECC. UV 2X2,4.6246
EZ0600,TOLDO CARPA PLEGABLE PROTECC. UV 3X3,5.505800000000001
EZ0601,TORRE DE ILUMINACION 4 X 1000W ,59.45984999999999
EZ0602,TROMPO MEZCLADOR DIESEL SIVETI 360 LT/1 ,24.22435
EZ0603,VENTILADOR C/MANGAS CERT. ATEX,32.48275
EZ0604,VERNIER METALICO SS MARCA SOMET,3.0834
EZ0605,BOMBA DE TRASEGADO DE ACEITE,88.1
EZ0606,CAMARA FOTOGRAFICA DIGITAL SONY DCS-W 57,7.14
EZ0607,CAMARA TERMOGRAFICA,110.11
EZ0608,CAVA PARA HIELO,5.53
EZ0609,CEPILLOS CERDAS GRUESAS T/CARRETERO+CABO,16.49
EZ0610,CINCHAS DE TRINQUETE /AMARRE,3.28
EZ0611,CONTENEDOR DEPOSITO 3MT,11.01
EZ0612,DETECTOR ALTA TENSION AMPROBE C/PERTIGA ,55.06
EZ0613,DETECTOR ELECTRONICO DE METALES,110.11
EZ0614,DOBLADOR DE TUBING,16.49
EZ0615,DREMEL INALAMBRICO MODELO 1100,1.61
EZ0616,DREMEL INALAMBRICO MODELO 800,1.61
EZ0617,DUROMETRO /MEDIDOR DUREZA,159.65
EZ0618,DUROMETRO DE BANCO FIJO/PRUEBAS EN MAT.S,6.17
EZ0619,DUROMETRO DE CAMPO (ESCLEROSCOPIA DE IMP,7.68
EZ0620,EQUIPO DE INYECCION DE QUIMICOS SELLANTE,468
EZ0621,EQUIPO DE PINTURA GRACO,13.08
EZ0622,EQUIPO DE TORQUE HIDRAULICO/NEUMATICO,671.69
EZ0623,EQUIPO MEDIDOR DE ESPESORES,253.28
EZ0624,EQUIPO P/PINTAR AIRLESS,44.03
EZ0625,"ESMERIL DE 7 1/2""",38.55
EZ0626,ESMERIL SKIL 700 WATT MODELO 9003,11.01
EZ0627,ESPECTROFOTOMETRO/ANALISIS QUIMICO DE SU,231.23
EZ0628,ESTIBA/PALETA DE MADERA (1.2 X 1.2) MTS,3.68
EZ0629,ESTROBOS Y GRILLETES P/LEVANTAR,4.9
EZ0630,EXTRACTOR DE AIRE EXPLOSSION PROOF,44.03
EZ0631,EXTRACTOR/DESMONTAR PIEZAS ACOPLADAS/ROD,159.12
EZ0632,FLUKE 80PK-22/SONDA DE TEMPERATURA LÍQUI,247.73
EZ0633,FLUKE CALIBRADOR MULTIFUNCION PRECISION ,88.1
EZ0634,FURGONETA KIA PREGIO 12 PUESTOS C/CHOFER,308.32
EZ0635,GENERADOR ELECTRICO/ PLANTA 50 KVA,322.07
EZ0636,GONIOMETRO/MEDICION DE ANGULOS HORZ. Y V,22.01
EZ0637,HERRAMIENTAS DE IMPACTO NEUMATICA,55.06
EZ0638,HIDROJET DE 5000 PSI,440.44
EZ0639,IMPRESORA/FOTOCOPIADORA,6.88
EZ0640,JAULA PARA CILINDROS DE GASES,8.22
EZ0641,JUEGO DE PONCHADOR PARA METALES ,38.55
EZ0642,KIT INSPECCION VISUAL P/ SOLDADURA,68.27
EZ0643,KIT PARA PINTURA,33.06
EZ0644,LAMPARA EXPLOSSION PROOF,16.49
EZ0645,LAMPARA ANTIEXPLOSIVA,22.01
EZ0646,LINTERNA LED INDUSTRIAL,6.61
EZ0647,LONA ENCERADA 3X4 M ,16.49
EZ0648,LUMINARIAS TIPO EXPLOSION PROOF 12 V,11.01
EZ0649,MANDARRIA DE 3KG,8.81
EZ0650,MEDIDOR DE ESPESORES HAZ RECTO - OLYMPUS,132.12
EZ0651,MEDIDOR DE RPM /TACOMETRO ALQ.,55.06
EZ0652,MEDIDOR DE VOLTAJE - ALQ.,22.01
EZ0653,MEDIDOR DIFERENCIAL DE PRESION EXPLOSION,2361.9
EZ0654,MEGGER DE 10 KV/MEDIDOR RESITENCIA ASILA,165.19
EZ0655,MEGGER MIT400/2 P/SISTEMA IGNICION DEL F,132.12
EZ0656,MICROMETROS EXTERIOR,51.8
EZ0657,MICROMETROS INTERIOR,51.8
EZ0658,MONTACARGA 3.5 TON ,385.41
EZ0659,MEDIDOR MULTIGASES ATMOSFERAS PELIGROSAS,85.9
EZ0660,MULTIMETRO DIGITAL,82.58
EZ0661,MULTIMETRO DIGITAL,88.1
EZ0662,PALA CUADRADA CON CABO DE MADERA ,7.69
EZ0663,PATECLA (POLEA) CON MECATE HASTA 2 TON,11.01
EZ0664,PIROMETRO /MEDIDOR TEMPERATURA SIN CONTA,16.49
EZ0665,"SERVICIO ADIESTRAMIENTO PROG, CONTROL Y ",2510.16
EZ0666,PLANTA ELECTRICA DE 85 KVA,330.32
EZ0667,PLOTTER DE IMPRESION ECOSOLVENTE DE 3.20,330.32
EZ0668,"PONCHADORA DE 1/2"" A 4""",82.58
EZ0669,PRENSA TERMINAL MANUAL HP3 -ALQ,8.81
EZ0670,PULMON AIRE COMPRIMIDO/TANQUE ,49.5
EZ0671,PYLE/ TERMOHIGOMETRO DIGITAL,93.6
EZ0672,RADIO WALKIE TALKIE COBRA MICRO TALK,11.01
EZ0673,RELOJ COMPARADOR /MEDIDOR - ALQUILER,24.24
EZ0674,"RODILLO DE 4"" PARA PINTAR",3.28
EZ0675,ROTAMIL/HERRAMIENTA ROTATIVA,33.06
EZ0676,SECUENCIMETRO DETECTOR DE FASE SIN CONTA,132.12
EZ0677,SENORITAS ENTRE 3 Y 5 TON/CADENA,49.5
EZ0678,SEÑORITA DE 5 TON,54.52
EZ0679,SET DE RADIOS DE COMUNICACION EXPLOSION ,171.8
EZ0680,SET DE RESCATE-ESTRACCION VERTICAL YOYOS,135.97
EZ0681,SIMULADOR DE CORRIENTE P/SIMULACION,55.06
EZ0682,TAMBORES METALICOS 200 LTS,2.18
EZ0683,TAMIZADORA/CRIBA INDUSTRIAL AUTOMATICA 4,2147.14
EZ0684,TERMOHIGROMETRO FLUKE 971/MEDIDOR TEMP-H,220.22
EZ0685,TOLDO CARPA PLEGABLE PROTECC. UV 2X2,9.88
EZ0686,TOLDO CARPA PLEGABLE PROTECC. UV 3X3,11.01
EZ0687,TORRE DE ILUMINACION 4 X 1000W ,59.47
EZ0688,TROMPO MEZCLADOR DIESEL SIVETI 360 LT/1 ,33.06
EZ0689,VENTILADOR C/MANGAS CERT. ATEX,55.06
EZ0690,VERNIER METALICO SS MARCA SOMET,3.07
EZ0691,PLANTA ELECTRICA 3  KVA,16.516650000000002
EZ0692,HERRAMIENTAS VARIAS PARA MECANICO,165.19
EZ0693,CAJA HERRAMIENTAS MANUALES/NEUMATICA,6.61
EZ0694,RADIO PORTATIL MOTOROLA BAND MODELO DGP4,8.522514
EZ0695,RADIO PORTATIL MOTOROLA BAND MODELO PRO5,8.522514
EZ0696,RADIO COMUNICACION PORTATIL PUNTO A PUNT,9.88
EZ0697,EXTENSION ELECTRICA USO INDUSTRIAL EXTER,33.06
EZ0698,EXTENSION ELECTRICA EN AREAS DE SEGURIDA,11.01
EZ0699,EXTENSION ELECTRICA USO INDUSTRIAL EXTER,15.4158
EZ0700,CAJA DE HERRAMIENTAS PARA MECANICA,34.134
EZ0701,GENERADOR DE 24 CVD,165.19
EZ0702,SERVICIO ESPECIALIZADO EN AUTOMATIZACION,627.62
EZ0703,LAVADEROS PORTATILES (VARIOS),22.01
EZ0704,TORNO ESPECIAL / SECT PETROQUIMICO,1431.43
EZ0705,EQUIPO ESTACION TOTAL TOPOGRAFICA,429.42
EZ0706,CAMION CHUTO,330.32
EZ0707,CINTA HALACABLE / PASACABLE,8.81
EZ0708,PISTOLA DE PINTURA,16.49
EZ0709,COMPUTADOR CON LICENCIA PLC ALLEN BRADLE,220.22
EZ0710,MALETA DE CALIBRACION INFRA/ CERTIFICADA,165.19
EZ0711,GRUA DE 60 TON,1321.31
EZ0712,GRUA DE 60 TON/ ALQUILER LARGA DURACION,715.71
EZ0713,MONTACARGA 4 TON/LARGA DURACION,176.18
EZ0714,MONTACARGA 8 TON /LARGA DURACION,176.18
EZ0715,CAMION CHUTO CON LOW BOY,495.52
EZ0716,FRESADORA INDUSTRIAL P/FABRICACION PIEZA,1651.67
EZ0717,HERRAMIENTAS DE INSPECCION P/LINEAS IBR,16.49
EZ0718,TALADRO RADIAL PARA TRABAJO PESADO,66.09
EZ0719,HERRAMIENTAS PARA ANDAMIOS ESPECIALES,197.11
EZ0720,SERVICIO ESPECIALIZADO EN MASONEILAN,1431.43
EZ0721,RADIO PTO A PTO P/SIST IGNICION FLARE-AN,55.06
EZ0722,SERVICIO ESPECIALIZADO INSTRUMENTACION-P,627.62
EZ0723,CAMION CHEVROLET TIPO NPR O SIMILAR,264.26
EZ0724,ESTACION TOTAL TOPOGRAFICA CON MIRA,770.79
EZ0725,EQUIPO PARA CARGA EN CAMIONES,275.29
GAS001,QUEMADOR A GAS,4.68
GMV001,"MEZCLADORA P/CONCRETO CAP=0,75 M3 30 HP ",82.58325
GMV002,VIBRADOR A GASOLINA 5 HP L=5 M MANGUERA/,7.553629999999999
GMV003,CARRETON TIPO BUGGY PARA ACARREO,6.906224639999999
GMV004,"CEPILLO ALBAÑILERIA TIPO PALUSTRA, MANGO",0.7484000000000001
GMV005,PALA PUNTA RECTANGULAR CON CABO,1.1240400000000002
GMV006,MINISHOVEL CARGADOR / SKID-STEER LOADERS,63.51637907999999
GMV007,"CORTADORA DE CABILLA MANUAL DESDE D=7/8""",9.24917
GMV008,DOBLADORA AUTOMATICA DE CABILLA HASTA 1 ,13.81122273
GMV009,EQUIPO MENOR PARA CABILLA Y MALLA SOLDAD,1.38121984
GMV010,CAMION FORD F- 350 ESTACAS,297.299475
GMV011,EQUIPOS VARIOS DE ALBAÑILERIA,1.47097216
GMV012,HERRAMIENTAS MENORES,0.3593228799999999
GMV013,ANDAMIO TUBULAR DE UN CUERPO,1.515168
GMV014,WINCHE CABRESTANTE CON MOTOR ELECTRICO,21.00212463
GMV015,EQUIPO PARA IMPERMEABILIZACION,0.26229504
GMV016,EQUIPOS PARA CARPINTERIA,0.75966464
GMV017,LIJADORA DE BANDA,2.30197498
GMV018,EQUIPO PARA ELECTRICIDAD,0.41451648
HER001,"ALICATE CRESCENT 8"" O SIMILAR /",0.9026
HER002,BROCA ESPECIAL,3.4695
HER003,CAJA CON HERRAMIENTAS,3.4794
HER004,CAJA CON HERRAMIENTAS PARA TUBEROS,9.6892
HER005,CARETA PARA TRABAJO EN ACETILENO,7.4322
HER006,CIZALLA P/CABILLA,4.4
HER007,MAQUINA CORTADORA MANUAL HERRERIA,16.49
HER009,"CORTADORA DE CABILLA MANUAL DESDE D=7/8""",13.213360000000002
HER010,CORTADORA MANUAL - ESPECIAL LAMINAS META,6.61
HER011,"DOBLADORA DE TUBOS AUTOMATICA HASTA 4""",8.8088
HER012,"CINTA HALACABLE / PASACABLE 1/4"" X 30 M ",1.5412
HER013,EQUIPO OXICORTE C/CILINDROS OXIGENO Y AC,44.03
HER014,EQUIPO AUTOGENO SOLDADURA,33.06
HER015,EQUIPO MENOR PARA CABILLA Y MALLA SOLDAD,3.28
HER016,EQUIPO MENOR PARA FIJACION,3.28
HER017,EQUIPO PARA CERCAS,3.28
HER018,EQUIPO P/HABILITACION Y PUESTA EN OBRA D,7.69
HER019,EQUIPO PARA INSTALACION,2.18
HER020,EQUIPOS VARIOS DE TALLER GALVANIZADO,18.49862
HER021,EQUIPOS PARA TALLER,4.4513
HER022,EQUIPOS VARIOS DE HERRERIA/METAL,12.12
HER023,ESMERIL,8.81
HER024,"ESMERIL DE BANCO 8"" POTENCIA 3/4 HP",1.2882600000000002
HER025,"ESMERIL PORTATIL POTENCIA 2,2 HP",17.6185
HER026,HERRAM. VARIAS P/DESARMADO Y REMOCION ES,27.53
HER027,HERRAMIENTAS P/HABILITACION PUESTA OBRA ,1.51844
HER028,HERRAMIENTAS P/CORTAR Y DOBLAR ACERO/CAB,8.81
HER029,CORTADORA Y DOBLADORA DE ACERO/CABILLA,32.15236
HER030,HERRAMIENTAS PARA INSTALACION/DESINSTALA,14.865000000000002
HER031,"TIRFOR 1,60 TON MODELO ALBA O SIMILAR",5.28524
HER032,ALICATE P/SOLDADURA EXOTERMICA THERMOWEL,0.68805
HER033,"MESON, JUEGO PARA ESPIRALES Y DOBLAR EST",0.0969599999999999
HER034,PLANTA P/ SOLDAR LINCOLN SA-200 GASOIL,209.2
HER035,SOLDADORA ELECTRICA LINCOLN Y CORTADORA,55.06
HER036,SOPLETE Y ACCESORIOS DE CONEXION,2.2022
HER037,SOPLETE- CRISOL Y CUCHARA P/PLOMO EN HF,8.259500000000001
HER038,EQUIPO DE OXIACETILENO /ACCESORIOS /BOMB,22.01
HER039,EQUIPO OXIACETILENO C/ACCESORIOS,16.49
HER040,EQUIPO PARA ALUMINIO Y VIDRIO,2.18
HER041,"TIRFOR 3,20 TON MODELO ALBA O SIMILAR",7.487520000000001
HER042,EQUIPOS DE HERRERIA PARA INSTALACION,8.81
HER043,EQUIPO INTERCOMUNICADOR,8.621699999999999
HER044,SET DE OXICORTE,51.66215
HER045,SET DE OXICORTE HARRIS ACCESORIOS MASTER,6.689159999999999
HER046,SOLDADORA LINCOLN TRIFASICA DC600 220V 5,286.288
HER047,LENTES-GAFAS DE OXICORTE/ SOLDAR,0.10572
HER048,SOLDADORA LINCOLN ELECTRICA 220 V - 225 ,55.056
HER049,MORROCOY PARA OXICORTE,5.505599999999999
HER050,SOPLETE DOS PICOS CON MANGUERA,6.3300600000000005
HER051,KIT DE RODILLO/CAMISA Y BANDEJA PARA PIN,0.762
HER052,SALPICADORA RIGO,6.166799999999999
HER053,MANGUERA DE SUCCION,8.8088
HER054,"MANGUERA DE DESCARGA 2"" X 5 ML",6.606599999999999
HER055,MECHERO PARA OXICORTE,1.4840999999999998
HER056,LENTES DE SEGURIDAD,0.1101
HER057,ENVASE/BOMBONA DE ACETILENO CAPACIDAD 6 ,0.44044
HER058,ENVASE/BOMBONA DE OXIGENO CAPACIDAD 6 M3,0.7708200000000001
HER059,SOLDADORA ELECTRICA 400 AMP MOTOR DIESEL,220.22
HER060,EQUIPO PARA EMPERNAR-APRETAR PERNOS,7.91
HER061,EQUIPO DE OXICORTE HARRIS O SIMILAR,33.06
HER062,CORTADOR DE VIDRIOS MANUAL,0.991
HER063,CORTADORA AUTOMATICA DE CABILLA HASTA D=,11.01
HER064,CORTADORA AUTOMATICA DE CABILLA HASTA D=,9.8109
HER065,CARRETILLA P/BOMBONAS OXICORTE,1.41505
HER066,"CORTADORA DE CABILLA HASTA D=7/8"" MANUAL",11.01
HER067,EQUIPO SOPLETE C/BOMBONA (EXCLUYE GAS),2.18
HER068,TENAZA,0.3854999999999999
HER069,ESMERIL DE BANCO,1.8225
HER070,CARETA PARA SOLDADOR,0.7818
HER071,DELANTAL PARA SOLDADOR,0.4617
HER072,CHALECO PARA SOLDADOR,0.991
HER073,EQUIPO CORTE AIRE-PLASMA E=20 MM,6.2874
HER074,MANGAS DE CARNAZA PARA SOLDADOR,0.3524
HER075,"CINTA HALACABLE / PASACABLE 1/8"" X 15 M ",1.1012000000000002
HER076,"VOLTI-AMPERIMETRO TIPO GANCHO, 700 A SK-",3.524
HER077,JUEGO DE ALICATES 8 PIEZAS,0.30835
HER078,TALADRO DE PEDESTAL / BANCO 2 HP,15.19512
HER079,TIRFOR 0.80 TON MODELO ALBA O SIMILAR,1.76176
HER080,"ESMERIL PORTATIL 600 RPM, DEWALT 7"" O SI",7.09136
HER081,CORTADORA PARA TUBOS DE H.F DUCTIL,55.06
HER082,DOBLADORA MANUAL HASTA 24 MM,2.74393
HER083,CORTADORA AUTOMATICA DE CABILLA HASTA D=,5.28524
HER084,ROSCADORA AUTOMATICA P/TUBOS RIDGID O SI,84.8
HER085,DOBLADORA AUT. CABILLA DIAM. SUPERIOR A ,3.6997
HER086,MARTILLO TIPO PIQUETA PARA SOLDADOR,1.3224
HER087,EQUIPO PESADO TALLER,29.72
HER088,EQUIPO LIVIANO DE TALLER HERRERIA,8.368400000000001
HER089,TALADRO RADIAL 32 X 10 MM,1.32128
HER090,SOLDADORA 500 AMPERIOS GASOIL,52.027434
HER091,SOLDADORA 150 AMP - 110/220 VOLT,14.3
HER092,SOLDADORA LINCOLN AC-225 AMP O SIMILAR,44.03
HER093,SOPLETE A GASOLINA 2 LT P/SOLDAR ESTAÑO/,4.8446
HER094,PLANTA P/SOLDAR LINCOLN MOD SAE-400 GASO,32.592819000000006
HER095,"SOLDADORA, MORROCOY, TRONZADORA",13.32342
HER096,"TALADRO, SOLDADORA Y ESMERIL",39.18679
HER097,"DELANTAL, CARETA, CHALECO Y GUANTES P/SO",3.3038
HER098,CORTADORA PARA TUBOS DE HIERRO DUCTIL,11.01
HER099,BOMBONA VACIA PARA SOLDADURA/CORTE,1.1229
HER100,"KIT SOLDADURA: REGULADORES, PICOS",4.1402
HER101,GUANTES LARGO PARA SOLDADOR,0.7150000000000001
HER102,"TRONZADORA ELECTRICA 14""",5.53
HER103,EQUIPO CORTE OXIGENO-ACETILENO CAJA META,2.64268
HER104,"SOLDADORA, ESMERIL, TRONZADORA, EQ. AUTO",22.01
HER105,TALADRO ELECTRICO CON CEPILLO DE ALAMBRE,9.9096
HER106,"COMPRESOR, OXICORTE Y ESMERIL DE BANCO",19.74087
HER107,REMACHADORA MANUAL,1.1565
HER108,PRENSA HIDRAULICA ELECTRICA 100 TON,211.41
HER109,PUENTE GRUA 5 TON,55.0554
HER110,EQUIPO LIMPIEZA P/ELECTRODO CARBON K4000,0.4956
HER111,CIZALLA GUILLOTINA HIDRAULICA SIMAT 3100,5.28524
HER112,DOBLADORA HIDARULICA 125 TON SIMAT 3100 ,104.60535
HER113,SOLDADORA A GASOLINA MILLER,26.4266
HER114,MANDARRIA DE BRONCE ANTICHISPA 6 LBS,3.964
HER115,ALICATE DE PRESION VISE-GRIP O SIMILAR /,1.1056
HER116,ALICATE DE PRESION VISE-GRIP CON PRENSA,0.3635
HER117,CAJA DE DADOS CON MANGO DE 16 PZAS,0.8653799999999999
HER118,CARRUCHA ESPECIAL PARA BOMBONAS,1.24206
HER119,CARRUCHA-CARRETILLA P/MOVILIZACION,1.18932
HER120,REBORDEADORA PARA TUBERIA DE COBRE,0.4403
HER121,CHUPON / VENTOSA PARA LAMINAS DE PISO FA,0.4403
HER122,EQUIPO INDUSTRIAL DE GALVANIZADO,19.82
HER123,SOLDADORA ELECTROPUNTO,0.99099
HER124,PRENSA / PERFORADORA ELECTRICA,0.6166200000000001
HER125,SOLDADORA ELECTRICA 180 AC 110/220 V,9.88
HER126,GUILLOTINA PARA METALES,2.97297
HER127,GUANTES FORRADOS,0.0881
HER128,GUANTES DE CUERO / CARNAZA,0.1101
HER129,GUANTES ESPECIAL ALTA TENSION 4000V,1.14496
HER130,SOLDADORA INDUSTRIAL MILLER O SIMILAR,79.28
HER131,ALQUILER DE BOMBONA VACIA PARA SOLDADURA,4.4
HER132,PISTOLA AUTOMATICA FIJACION PARA CLAVOS,16.49
HER133,TIJERA PARA CORTAR PERFILES LIVIANOS,0.9912
HER134,JUEGO PARA TROQUELADO MANUAL,1.58592
HER135,BOMBONAS OXICORTE CON CARRETILLA Y ACCES,3.68291747
HER136,ESMERIL PORTATIL / MANUAL,1.47325897
HER137,SIERRA CALADORA ELECTRICA,2.1471
HER138,PRENSA TIPO SARGENTO 6 PULGADAS,0.2221632
HER139,"TRONZADORA ELECTRICA DE  14"" PARA HIERRO",2.4224
HER140,"ESMERIL PORTATIL / MANUAL 4 1/2""",0.92073982
HER141,PINZA PORTA ELECTRODOS PARA SOLDAR,0.28404
HER142,MANDARRIA DE GOMA,0.2753
HER143,LENTE DE SEGURIDAD TRANSPARENTE,0.43626
HER144,SOLDADORA POWER MIG 350 ARCO-GAS LINCOLN,29.72997
HER145,TALADRO FIJO PARA ESPESORES ESPECIALES,77.06
HER146,PUENTE GRUA 12 TON,101.8527
HER147,ROSCADORA AUTOMATICA CABILLA DIAM. MENOR,11.87
HER148,"TALADRO INALAMBRICO 3/8""",1.05704
HER149,BOMBONA VACIA PARA NITROGENO 6 M3,3.17133
HER150,PICO SOPLETE ANTORCHA P/PROPANO,3.853
HER151,MANDARRIA DE BRONCE ANTICHISPA 15 LBS,1.40938
HER152,PRENSA TIPO SARGENTO 24 PULGADAS,0.5178432000000001
HER153,"DOBLADORA TUBOS AUTOMATICA HASTA D= 4""",16.49
HER154,EQUIPO DE ARGON,33.06
HER155,EQUIPO DE CORTE,17.62
HER156,"EQUIPO DE OXICORTE C/SOPLETE, MANOMETROS",15.39
HER157,MAQUINA SOLDAR 200-225-250 AMP DIESEL,209.2
HER158,MAQUINA DE SOLDAR 400-500 AMP DIESEL,286.31
HER159,PRENSA HIDRAULICA ELECTRICA 8 TON,22.01
HER160,PRENSA HIDRAULICA ELECTRICA 30 TON,27.53
HER161,PRENSA HIDRAULICA ELECTRICA 20 TON,22.01
HER162,PRENSA HIDRAULICA ELECTRICA 50 TON,55.06
HER163,TORNO ELECTROMECANICO,165.19
HER164,MAQUINA SOLDADURA LASER 4 FUNC. 3KW 380V,101.08182
HER165,HERRAMIENTAS FABRICADOR,132.12
HER166,HERRAMIENTAS DE SOLDADOR,121.12
HER167,MAQUINA DE SOLDAR,121.12
HER168,TALADRO MAGNETICO,66.09
HER169,MANIFOLD CON CONEXIONES,126.63
HER170,"ESMERIL NEUMATICO 4 1/2""",66.09
HER171,"ESMERIL NEUMATICO 7""",77.06
HER172,ESMERILES NEUMATICOS,71.59
HER173,MAQUINA SOLDADORA P/REFINERIAS,275.29
HER174,PLOGA PARA NEUMATICOS 10KG,27.53
IMP001,EQUIPO LIVIANO DE IMPERMEABILIZACION,2.18
IMP003,EQUIPO TIPO 1 PARA IMPERMEABILIZACION,2.18
IMP004,"HARAGAN GRANDE 18"" P/IMPERMEABILIZAR",0.7928999999999999
IMP005,SOPLETE DOS PICOS C/BOMBONA (SIN GAS),14.18272
IMP006,MANTO POLIPROPILENO P/COBERTURA-PROTECCI,5.9472000000000005
IMP007,QUEMADOR A ANTORCHA GAS C/SOPLETE MANGUE,6.056000000000001
LAB001,EQUIPOS DE LABORATORIO P/PETROQUIMICA,1101.12
LIM001,EQUIPOS VARIOS DE LIMPIEZA,2.18
LIM002,ESCOBA DE NYLON,0.7929
LIM003,JUEGO DE COLETO Y HARAGAN,1.0445
LIM004,LAVAMOPAS PVC C/RUEDAS EXPRIMIDOR Y TOBO,16.516000000000002
LIM005,"JUEGO DE PALA, PICO Y MACHETE",1.0659
LIM006,"JUEGO: RASTRILLO, CEPILLO Y ESCOBA",1.3765
LIM007,CEPILLO DE ALAMBRE STANLEY O SIMILAR,0.0881
LIM008,EQUIPO PARA JARDINERIA,3.28
LIM009,RASTRILLO P/BARRER TIPO JARDINERO METALI,0.8356
LIM010,HIDROJET DE ALTA DEMANDA- HIDROLIMPIEZA,88.1
LIM011,EQUIPO DE LIMPIEZA WATERBLAST HIDROJET,77.06
LIM012,HIDROLIMPIADORA 3000 PSI - HIDROJET,55.06
LIM013,DESMALEZADORA DE MOTOR A GASOLINA,66.09
LIM014,HIDROLIMPIADOR / HIDROJET,49.5
LIM015,EQUIPO LIVIANO DE LIMPIEZA,3.28
LIM016,EQUIPO HIDROLIMPIADOR (HIDROJET),22.507
LIM017,CEPILLO MANUAL P/LIMPIEZA BARRER,0.8484
LIM018,CEPILLO CARRETERO PARA BARRER MEDIANO,0.4617
LIM019,TOBO CON EXPRIMIDOR Y RUEDAS LAVAMOPAS H,11.0116
LIM020,CAMION VACTOR 8 M3 /VACUUM/HIDROJET ACER,880.87
LIM021,PALA PARA RECOLECCION DE DESECHOS,0.06664
LIM022,PULIDORA PARA PISOS CON ACCESORIOS,12.12
LIM023,ASPIRADORA INDUSTRIAL 16 GALONES RIGID O,16.49
LIM024,JUEGO DE CEPILLO Y ESCOBA DE BARRER,0.76263
LIM025,TOBO PLASTICO PARA LIMPIEZA,0.25377
LIM026,CHUPON PARA DESTAPAR WC,0.30525
LIM027,PALA PLASTICA CON CABO P/RECOGER DESECHO,0.07904
LIM028,GUANTE PLASTICO PARA LIMPIEZA (JUEGO),0.7707
LIM029,HARAGAN PARA LIMPIEZA (JUEGO),0.7928000000000001
LIM030,CAMION VACTOR/VACUUM 8 M3 ACERO INOXIDAB,1101.12
LIM031,EQUIPO PARA WATERBLASTING,77.06
LIM032,HIDROJET DE 10.000 LBS C/ACCESORIOS,194.88
LIM033,HIDROJET DE 15.000 LBS C/ACCESORIOS,236.72
LIM034,HIDROJET DE 20.000 LBS C/ACCESORIOS,264.26
LIM035,CAMION DE VACIO TIPO CHUTO C/VACUUM,1321.31
MAQ001,BARREDORA-TRACTOR AGRICOLA,594.6
MAQ002,TIENDE TUBOS (SIDE BOOM) CAT. 572-G 40 T,2202.2
MAQ003,PLANTA GENERADORA ELECTRICA 10HP 5000W,23.78394
MAQ004,TANQUE ALMACENAMIENTO FIJO CAP 45.000 LT,7.707756
MAQ005,TIENDE TUBOS (SIDE BOOM) CAT O SIMILAR,2202.2
MAQ006,PLANTA ELECTRICA 60 KVA,88.1
MAQ007,GENERADOR PARA ILUMINACION,49.5
MAQ008,CAMION / LOW-BOY P/TRANSPORTE MAQUINARIA,770.79
MAQ009,CERNIDORA AUTOMATICA 4 HP,3.083136
MAQ010,PLANTA ELECTRICA 40 -45 KVA/ EN REFINERI,110.11
MAQ011,PLANTA ELECTRICA 70 KVA,102.39
MAQ012,TRANSFORMADOR PARA ALQUILER DE 55 KVA,44.03
MAQ013,TIRALINEAS DE 30 MTS,0.1816
MAQ014,TRANSFORMADOR PARA ALQUILER DE 25 KVA,27.53
MAQ015,TRANSFORMADOR PARA ALQUILER DE 15 KVA,22.01
MAQ016,TRANSFORMADOR PARA ALQUILER DE 10.5 KVA,19.82
MAQ017,CAMION P/TRANSPORTE DE MAQUINAS HASTA 50,385.41
MAQ018,PLANTA ELECTRICA DE 13.5 KVA,33.69388
MAQ019,PLANTA ELECTRICA 350 KVA,537.34
MAQ020,PLANTA ELECTRICA 240 KVA,339.11
MAQ021,PLANTA ELECTRICA 200 KVA,281.9
MAQ022,PLANTA ELECTRICA 175/180 KVA- INST. ESPE,418.42
MAQ023,PLANTA ELECTRICA 150 KVA,211.41
MAQ024,TRANSPORTE RETROEXCAV. O SIM. 1 VIAJE MA,220.22
MAQ025,TRANSPORTE DE POCLAIN 90. O SIM. MAXIMO ,242.23
MAQ026,TRANSPORTE DE POCLAIN 160 O SIM. MAXIMO ,440.44
MAQ027,PLANTA ELECTRICA 120 KVA,123.32
MAQ028,PLANTA ELECTRICA DE 30 KVA,63.87
MAQ029,PLANTA ELECTRICA GENERADOR / 7.5 KVA,27.53
MAQ030,PLANTA ELECTRICA MEDIANA,61.67
MAQ031,TRANSFORMADOR PARA ALQUILER DE 7.5 KVA,16.49
MAQ032,TRANSPORTE COMPRESOR O SIM. 1 VIAJE MAXI,99.12
MAQ033,TRANSPORTE RETROEXCAV. O SIM. 1 VIAJE MA,165.19
MAQ034,TRANSPORTE MINISHOVEL O SIM. 1 VIAJE MAX,110.11
MAQ035,PLANTA TRATAM. AGUAS NEGRAS L/D=24000 C=,88.08872000000001
MAQ036,PLANTA TRATAM. AGUAS NEGRAS L/D=4400 C= ,22.0222
MAQ037,TORRE DE ILUMINACION (LUZ),53.98
MAQ038,PLANTA ELECTRICA / GENERADOR DUAL 100 KV,140.93
MAQ039,TRANSPORTE RETROEXCAV. O SIM. AREA METRO,132.12
MAQ040,TRANSPORTE RETROEXCAV. AREA METROP IDA-V,132.12
MAQ041,TELEHANDLER CAT TH 330B O SIMILAR/MANIPU,660.67
MAQ042,TRANSPORTE RETROEXCAV. O SIM. 1 VIAJE MA,264.26
MAQ043,CAMION /LOW-BOY TRANSPORTE MAQUINARIA PE,330.32
MAQ044,EQUIPO ILUMINACION GEN 3KW POSTE+LAMP 40,55.06
MAQ045,GENERADOR PARA ILUMINACION,49.5
MEC001,TORQUIMETRO Y ACCESORIOS (LLAVE DINAMOME,5.505800000000001
MEC002,EQUIPO P/MONTAJE AIRE ACONDICIONADO,7.69
MEC003,EQUIPO MENOR DESMONTAR-MONTAR A/C CAJA H,9.88
MEC004,RATCHET PARA TUERCAS Y JUEGO DE DADOS,2.092
MEC005,BOMBA DE VACIO,3.39155
MEC006,DOBLADORA PARA TUBOS DE COBRE A/C,0.7159000000000001
MEC007,CAJA CON HERRAMIENTAS ELECTROMECANICAS,15.4158
MEC008,EQUIPO MANOMETRO Y MANGUERAS PRESION ALT,3.9636
MEC009,DETECTOR FUGAS DE GAS EN EQUIPOS Y TUBER,8.8088
MEC010,"MEDIDOR ELECTRICO CAPACITANCIA  A/C, CAP",1.1011
MEC011,VALVULA EN SISTEMA DE RECIRCULACION,242.23
MEC012,CONEXIONES VARIAS EN SISTEMA RECIRCULACI,110.11
MEC013,CAJA  HERRAMIENTAS P/MECANICO ESTATICO,110.11
MED001,CINTA METRICA 3 MTS METALICA O SIMILAR,0.1649
MED002,EQUIPO TOPOGRAFICO,55.06
MED003,CAUDALIMETRO MEDICION CAUDAL - VELOCIDAD,5.53
MED004,TEODOLITO CON DISTANCIOMETRO WILD O SIM,154.17
MED005,TRIPODE PARA TEODOLITO,5.53
MED006,CINTA METRICA 5 MTS METALICA O SIMILAR,0.6603
MED007,CINTA METRICA 30 MTS METALICA O SIMILAR,1.2546
MED008,CINTA METRICA 50 MTS DE FIBRA,0.38322
MED009,JALON PARA MEDICIONES DE TOPOGRAFIA,1.7612
MED010,MIRA ESTADIMETRICA TELESCOPICA P/TOPOGRA,5.5055000000000005
MED011,EQUIPO COMPROBACION PRESION / MANOMETRO ,5.53
MED012,AGUJAS METALICAS PARA CINTEO TOPOGRAFICO,0.3305
MED013,"MESA, ACCESORIOS Y EQUIPO DE DIBUJO",5.505800000000001
MED014,TEODOLITO WILD O SIMILAR CON COMPUTADORA,275.29
MED015,CINTA METRICA 25 MTS MARCA ESPN P/TOPOGR,0.99
MED016,TEODOLITO ELECTRONICO WILD PRECISION O S,77.06
MED017,TEODOLITO ESTACION TOTAL LEICA O SIMILAR,38.53885
MED018,CINTA METRICA 20 MTS METALICA O SIMILAR,0.858
MED019,NIVEL PARA TOPOGRAFIA,55.06
MED020,GPS TOPOGRAFICO,121.12
MED021,CINTA METRICA DE 8 MTS METALICA O SIMILA,0.9246
MED022,CERTIFICADOR DE CABLE UTP 6 /5E VOZ O DA,0.2753
MED023,PROBADOR DE TONO TIPO LAPIZ FLUKE O SIMI,0.94794
MED024,CABLE TESTER FLUKE NETWORKS CIQ-100 O SI,2.9069
MED025,PROBADOR DE PARES C/SEÑAL FLUKE O SIMILA,6.1660900000000005
MED026,GENERADOR DE TONO C/LAPIZ,0.92484
MED027,"EQUIPO TOPOGRAFICO: GPS, TRIPODE, PRISMA",55.06
MOV001,TRACTOR CAT D-9H O SIMILAR CON ESCARIFIC,3413.42
MOV002,CHICORA CON CABO DE MADERA,0.6612
MOV003,EQUIPO MENOR MOVIMIENTO DE TIERRAS,4.4
MOV004,MOTONIVELADORA CAT 12-G (PATROL) O SIMIL,1431.43
MOV005,MOTONIVELADORA CAT 120 H (PATROL) O SIMI,990.99
MOV006,MOTONIVELADORA CAT 14 H (PATROL) O SIMIL,1541.54
MOV007,MOTONIVELADORA CAT 140 B (PATROL) O SIMI,1238.74
MOV008,MOTOTRAILLA CAT 631 O SIM CAP = 23 M3,4294.33
MOV009,EXCAVADORA / JUMBO,660.67
MOV010,EXCAVADORA POCLAIN 125/160 O SIMILAR,440.44
MOV011,EXCAVADORA POCLAIN 160 C/MARTILLO 960,594.6
MOV012,EXCAVADORA POCLAIN 300 O SIMILAR,605.6
MOV013,EXCAVADORA POCLAIN 75 O SIMILAR,429.42
MOV014,EXCAVADORA POCLAIN 90 C/MARTILLO 600 O S,570.39
MOV015,EXCAVADORA POCLAIN 90 C/MARTILLO 720 O S,599.02
MOV016,EXTRACTOR DE TABLESTACAS,1321.31
MOV017,EXCAVADORA CAT 345 BL II RE,418.421625
MOV018,EQUIPO MENOR P/EXCAVACION MANUAL,4.4
MOV019,MAQUINA CERNIDORA AUTOMATICA PARA AGREGA,356.75947800000006
MOV020,EXCAVADORA CAT 322 CL RE,707.46295
MOV021,RETROEXCAVADORA CASE 580 O SIMILAR,385.41
MOV022,RETROEXCAVADORA CASE 580 CON MARTILLO 18,550.58
MOV023,RETROEXCAVADORA CASE 580 CON MARTILLO 30,660.67
MOV024,RETROEXCAVADORA 1 YD3 O SIMILAR,440.44
MOV025,EXCAVADORA CASE 9050,1321.31
MOV026,MINISHOVEL CARGADOR/ RETROEXCAVADORA,275.29
MOV027,RETROEXCAVADORA CASE O SIM,355.713435
MOV028,EXCAVADORA POCLAIN 90,517.51
MOV029,EXCAVADORA POCLAIN 160,495.52
MOV030,ENTIBADO METALICO,6.61
MOV031,MINISHOVEL/MINICARGADOR BOBCAT 40HP CAP=,176.17748
MOV032,TRACTOR CAT D-7R TIPO DS,2505.024235
MOV033,CARGADOR MINI SHOVEL 25 HP,275.29
MOV034,CARGADOR CAUCHO/RUEDAS CAT 950-G PAYLOAD,858.88
MOV035,TRACTOR CAT D-7G O SIMILAR,1541.54
MOV036,TRACTOR CAT D-6H CON RIPPER O SIM.,880.87
MOV037,MINISHOVEL CARGADOR BOBCAT 763 O SIM,242.23
MOV038,BALLENA CAT 49200 LTS CAT-773 CISTERNA,2092.13
MOV039,MINISHOVEL - MINICARGADOR / SKID-STEER L,269.77
MOV040,PAYLOADER GRANDE - CARGADOR DE CAUCHOS,1321.31
MOV041,TRACTOR CAT D-9 SIN RIPPER,3193.22
MOV042,CARGADOR DE CAUCHOS CAT 966 G-II (PAYLOA,924.93
MOV043,PAYLOADER - CARGADOR DE CAUCHOS/RUEDAS,1101.12
MOV044,RETROEXCAVADORA CAT 416,583.6
MOV045,CAMION ARTICULADO CAT,2126.6829259999995
MOV046,BESTIA DE CARGA / TRACCION A SANGRE (EQU,11.01
MOV047,MINISHOVEL CON MARTILLO HIDRAULICO,330.32
MOV048,EXCAVADORA CASE 9050 C/MARTILLO HIDRAULI,1541.54
MOV049,EXCAVADORA JUMBO CASE/POCLAIN 9030,1321.31
MOV050,EXCAVADORA CASE/POCLAIN 9030 CON MARTILL,1101.12
MOV051,EXCAVADORA POCLAIN 75 C/MARTILLO,429.42
MOV052,RETROEXCAVADORA CAT 416 4X4,440.44
MOV053,"CARGADOR DE ORUGA/CADENA CAT 953-C 2,25 ",1211.22
MOV054,CARGADOR DE ORUGA/CADENA,1101.12
MOV055,EXCAVADORA CAT 325,1068.09
MOV056,EXCAVADORA CAT 320C CON MARTILLO,1101.12
MOV057,VIBROCOMPACTADOR C/PATA DE CABRA CS-433E,660.67
MOV074,RETROEXCAVADORA CATERPILLAR BL60,385.41
MOV075,CARGADOR 1 YD3,563.8
MOV076,"CARGADOR 2,40 YD3 (1,83 M3)",1211.22
MOV077,"CARGADOR 4,25 YD3 (3,25 M3)",1603.22
MOV078,CAMION CHUTO CON BATEA,883.1
MOV079,"EXCAVADORA SOBRE ORUGA 1,12 YD3/ 0,86 M3",1046.03
MOV080,"EXCAVADORA SOBRE ORUGA 1,75 YD3/ 1,34 M3",1651.67
MOV081,"EXCAVADORA SOBRE ORUGA 1,83 YD3/ 1,4 M3",1761.79
MOV082,"MINISHOVEL 1,5 YD3",269.77
MOV083,"TRACTOR CAT D-8 R (4,7 M3)",2642.66
MOV084,TRACTOR CAT D-9 R (15 M3),4294.33
MSPT01,GASTOS MEDICOS-SALUD-MEDICINA CUADRILLA ,1.762
OFI001,EQUIPO E INSTRUMENTOS DE DIBUJO,1.6519
OFI002,EQUIPOS VARIOS TOPOGRAFICOS,2.345375
OFI003,DISTANCIOMETRO PARA LEVANTAMIENTOS,165.19
OFI004,"COMPUTADORA PC ESCRITORIO, CORE I5 O SIM",38.5385
OFI005,"COMPUTADORA PC I5, IMPRESORA, SOFTWARE O",36.99732
OFI006,IMPRESORA DE PLANOS,132.13296
OFI007,GUILLOTINA MANUAL DE OFICINA,4.4
OFI008,COMPUTADORA I9,110.11
OFI009,COMPUTADOR PC TIPO I5 O SIMILAR,44.04475
OFI010,COMPUTADOR TIPO I5 LAPTOP O SIMILAR,39.6402
OFI011,COMPUTADOR TIPO PC I5 CON IMPRESORA,46.2466
OFI012,LICENCIA SOFTWARE AUTOCAD /DIA,11.01
OFI013,PLOTTER PARA PLANOS,46.24655
OFI014,COMPUTADORA LAPTOP/NOTEBOOK I3 (PORTATIL,33.03275
OFI015,CALCULADORA CIENTIFICA HP50G O SIMILAR,0.99099
OFI016,GRAPADORA PAPEL CLIPPER OFICINA O SIM C/,0.17612
OFI017,MUFLA-HORNO DIGITAL 1800W 1200°C P/ENSAY,30.83108
OFI018,AGITADOR DE VIDRIO P/ENSAYOS DE LABORATO,0.02642
OFI019,AGITADOR MECANICO 400 RPM P/ENSAYOS DE L,10.02001
OFI020,CUCHARA DE CASAGRANDE ENSAYO MANUAL LIMI,0.713528
OFI021,"BALANZA, CAPACIDAD 20 KG P/ENSAYOS DE LA",6.27639
OFI022,"BALANZA, CAPACIDAD 4 KG P/ENSAYOS DE LAB",3.63366
OFI023,BANDEJA DE ALUMINIO P/ENSAYOS DE LABORAT,2.7748
OFI024,BARRA COMPACTADORA P/ENSAYOS DE LABORATO,0.55055
OFI025,BARRA ESTANDAR P/ENSAYOS DE LABORATORIO,0.07048
OFI026,BOMBA DE VACIO P/ENSAYOS DE LABORATORIO,3.63366
OFI027,CALIBRADOR P/ENSAYOS DE LABORATORIO,0.052872
OFI028,CAPSULA DE PORCELANA P/ENSAYOS DE LABORA,0.016368
OFI029,CAPSULA EVAPORADORA P/ENSAYOS DE LABORAT,0.19271
OFI030,CAPSULAS P/ENSAYOS DE LABORATORIO 50 ML,0.13874
OFI031,CUCHARA D/CASAGRANDE MOTORIZADA ENSAYO L,7.04696
OFI032,TAMIZ P/ENSAYO SUELO E11 ASTM BRONCE,0.7707700000000001
OFI033,TAMIZ P/ENSAYO SUELO E11 ASTM LANON INOX,0.46263
OFI034,CILINDRO GRADUADO P/ENSAYO LABORATORIO-J,0.46263
OFI035,COMPUTADOR TIPO LAPTOP I9,66.0666
OFI036,CONO/BOTELLA P/ENSAYO DE DENSIDAD EN CAM,0.33033
OFI037,CRISOL DE CERAMICA P/ENSAYOS LABORATORIO,0.23142
OFI038,CRONOMETRO DIGITAL P/ENSAYOS DE LABORATO,1.10331
OFI039,CUARTEADOR P/ENSAYOS DE LABORATORIO,1.54154
OFI040,CUARTEADOR MECANICO P/ENSAYOS DE LABORAT,18.53719
OFI041,CUCHARA P/ENSAYOS DE LABORATORIO,0.10773
OFI042,CUCHARON GRANDE P/ENSAYOS DE LABORATORIO,0.1154299999999999
OFI043,DESECADOR P/ENSAYOS DE LABORATORIO,1.92703
OFI044,EMBUDO P/ENSAYOS DE LABORATORIO,0.15407
OFI045,EMBUDO DE VIDRIO P/ENSAYOS DE LABORATORI,0.1154299999999999
OFI046,ENRASADOR METALICO P/ENSAYOS DE LABORATO,0.23142
OFI047,ENVASE P/ENSAYOS DE LABORATORIO,0.15407
OFI048,ENVASE DE VIDRIO GRADUADO CON TAPA P/LAB,0.11005
OFI049,CILINDRO P/ENSAYO DE PESO UNITARIO COMPA,0.105696
OFI050,ENVASE P/ PESO UNITARIO SUELTO 1000G P/L,0.7707700000000001
OFI051,AGITADOR VIBRADOR P/ENSAYO LABORATORIO T,6.60655
OFI052,ESPATULA P/ENSAYOS DE LABORATORIO,0.5613
OFI053,GUANTES TERMICOS DE AMIANTO P/ LABORATOR,0.99435
OFI054,"HIDROMETRO ""A"" PARA SUELOS 152H P/LABORA",0.23142
OFI055,"HORNO 225°C, CAPACIDAD 220 L P/LABORATOR",13.21332
OFI056,"HORNO 225°C, CAPACIDAD 98 L P/LABORATORI",23.12331
OFI057,MAQUINA DESGASTE DE LOS ANGELES P/LABORA,17.177265000000002
OFI058,COMPUTADOR TIPO LAPTOP I7 O SIM,44.044
OFI059,ESCANER DIGITAL 3D LEVANTAMIENTO NUBE PU,462.4658
OFI060,PICNOMETRO P/ENSAYOS DE LABORATORIO,3.0830800000000003
OFI061,TABLET/TELEFONO GAMA ALTA P/FOTOGRAFIA A,26.4268
OFI062,PINZA P/ENSAYOS DE LABORATORIO,0.09234
OFI063,PIPETA P/ENSAYOS DE LABORATORIO,0.13874
OFI064,PLACA DE VIDRIO P/ENSAYOS DE LABORATORIO,0.30821
OFI065,PROBETA GRADUADA P/ENSAYOS DE LABORATORI,0.5472600000000001
OFI066,RANURADOR P/ENSAYOS DE SUELOS LIMITE LIQ,0.62433
OFI067,REGLA METALICA P/ENSAYOS DE LABORATORIO,0.1001
OFI068,TELEFONO GAMA ALTA P/FOTOGRAFIA ALTA RES,48.448800000000006
OFI069,ROCIADOR P/ENSAYOS DE SUELOS,0.06916
OFI070,HORNO SECADOR P/ENSAYOS DE SUELOS,18.1683
OFI071,DETERMINADOR DE HUMEDAD SPEEDY 2000 P/LA,16.847
OFI072,TABLA GADNER P/ENSAYOS DE SUELOS,1.1011
OFI073,"TAMIZ 1 1/2"" P/ENSAYOS DE SUELOS",0.6609
OFI074,"TAMIZ 1"" P/ENSAYOS DE SUELOS",0.6609
OFI075,"TAMIZ 1/2"" P/ENSAYOS DE SUELOS",0.6609
OFI076,"TAMIZ 1/4"" P/ENSAYOS DE SUELOS",0.6609
OFI077,TAMIZ 2 P/ENSAYOS DE SUELOS,0.6609
OFI078,"TAMIZ 2 1/2"" P/ENSAYOS DE SUELOS",0.6609
OFI079,"TAMIZ 3"" P/ENSAYOS DE SUELOS",0.6609
OFI080,"TAMIZ 3/4"" P/ENSAYOS DE SUELOS",0.6609
OFI081,"TAMIZ 3/8"" P/ENSAYOS DE SUELOS",0.6609
OFI082,"TAMIZ 4"" P/ENSAYOS DE SUELOS",0.6609
OFI083,TAMIZ Nº 10 P/ENSAYOS DE SUELOS,0.6609
OFI084,TAMIZ Nº 100 P/ENSAYOS DE SUELOS,0.881
OFI085,TAMIZ Nº 16 P/ENSAYOS DE SUELOS,1.0459
OFI086,TAMIZ Nº 20 P/ENSAYOS DE SUELOS,0.6609
OFI087,TAMIZ Nº 200 P/ENSAYO SUELO E11 ASTM BRO,1.5416999999999998
OFI088,TAMIZ Nº 30 P/ENSAYOS DE SUELOS,0.6609
OFI089,TAMIZ Nº 4 P/ENSAYOS DE SUELOS,0.6609
OFI090,TAMIZ Nº 40 P/ENSAYOS DE SUELOS,0.46263
OFI091,TAMIZ Nº 50 P/ENSAYOS DE SUELOS,0.5011300000000001
OFI092,TAMIZ Nº 60 P/ENSAYOS DE SUELOS,0.46263
OFI093,TAMIZ Nº 8 P/ENSAYOS DE SUELOS,0.46263
OFI094,TAMIZ Nº 80 LATON INOXIDABLE P/ENSAYOS D,0.46263
OFI095,TAMIZADOR VIBRADOR ELECTRICO P/ENSAYO SU,4.4594700000000005
OFI096,TAMIZADOR MECANICO P/ENSAYOS DE SUELOS,3.30336
OFI097,TANQUE DE INMERSION P/ENSAYOS DE SUELOS,1.6517400000000002
OFI098,TAPONES DE GOMA ANTI RUIDO,0.02702
OFI099,TERMOMETRO P/ENSAYOS DE SUELOS,0.08259
OFI100,TERMOMETRO DE MERCURIO P/ENSAYOS DE SUEL,0.53942
OFI101,TUBO DE ENSAYO P/ENSAYOS DE SUELOS,0.8808
OFI102,TUBO IRRIGADOR P/ENSAYOS DE SUELOS,0.53942
OFI103,VARILLA P/ENSAYOS DE SUELOS,0.03871
OFI104,VASO DE PRECIPITADO CAPACIDAD 250 ML P/L,0.1154299999999999
OFI105,"VASO PRECIPITADO, CAPACIDAD 400 ML",0.12334
OFI106,"VERNIER DE 12"", ANALOGICO P/ENSAYOS DE L",0.19827
OFI107,VIDRIO ENRASADOR P/ENSAYOS DE LABORATORI,0.01526
OFI108,TAPA PARA TAMIZ DE ENSAYOS DE SUELOS E11,0.19271
OFI109,MAQUINA DE PULIMENTO ACELERADO P/ENSAYOS,16.516650000000002
OFI110,PENDULO DE FRICCION P/ENSAYOS DE LABORAT,10.07286
OFI111,FONDO P/ TAMIZ DE ENSAYOS DE SUELOS E11 ,0.30821
OFI112,LAVADOR PLASTICO P/ENSAYOS DE LABORATORI,0.19355
OFI113,LICENCIA SOFTWARE NAVISWORKS BIM /DIA,11.01
OFI114,CUCHARON P/MANIPULAR MUESTRAS DE SUELO,0.08484
OFI115,INSTALACIONES Y LOCAL P/LABORATORIO,198.22
OFI116,CILINDRO PRECIPITADOR P/ENSAYOS DE SUELO,0.5373600000000001
OFI117,ENVASE METALICO CAP 4 LTS ENSAYOS LABORA,0.42406
OFI118,PLACA BASE P/CONO Y ENSAYOS SUELO C/AREN,0.17841
OFI119,TERMOMETRO PARA ENSAYOS DE ASFALTO,0.13209
OFI120,CILINDRO ENSAYO CBR COMPACTACION/PROCTOR,1.38735
OFI121,LICENCIA SOFTWARE REVIT/ DIA,24.24
OFI122,"VERNIER ANALOGICO MARCA MITUTOYO DE 12""",0.49557
OFI123,LICENCIA SOFTWARE PARA CALCULO,22.01
OFI124,DRONE PHANTOM 4 PRO,550.58
OFI125,BATERIAS PARA DRONE PHANTOM 4 PRO,110.11
OFI126,EQUIPO P/TOMA DE MUESTRAS DE SUELO,1.3218
OFI127,COMPUTADORA,66.09
OFI128,LICENCIA SOFTWARE ESPECIALIZADO /DIA,11.01
OFI129,EQUIPOS VARIOS DE LABORATORIO,352.37
OFI130,PLATAFORMA DE REDES/ SERVICIOS ONLINE,79.2786
OFI131,COMPUTADOR SERVIDOR EN RACK I7 O SIMILAR,132.1332
PET001,CAJA DE HERRAMIENTAS P/PETROQUIMICA,79.28
PET002,CAJA DE HERRAMIENTAS ELECTRICIDAD P/PETR,99.12
PET003,TORQUIMETRO Y ACCESORIOS (LLAVE DINAMOME,18.17
PET004,HERRAMIENTAS PARA PINTURA SETC. PETROQ,24.24
PET005,MULTIMETRO SECTOR PETROQUIMICO,66.64
PET006,COMPUTADOR TIPO LAPTOP I5 O SIM,55.06
PET007,CALIBRADOR DE PRESION DRUCK,66.64
PET008,REGULADOR DE PRESION,11.01
PET009,CONSUMIBLES DE LAPEADO /PULIR/ABRILLANTA,31.92
PET010,MAQUINA LAPEADORA /PULIR/ABRILLANTAR,103.48
PET011,HERRAMIENTAS ESPECIALES PETROQUIMICAS,181.69
PET012,BANCO PRUEBA VALVULAS/SECT PETROQ.,181.69
PET013,TORNO / SECT PETROQUIMICO,60.58
PET014,FRESADORA,55.06
PET015,ANDAMIOS PARA EL TRABAJO,110.11
PIN001,"BROCHA PROFESIONAL 4""",0.8484
PIN002,COMPRESOR 1.5 HP Y ACCESORIOS PARA PINTA,44.03
PIN003,COMPRESOR 2.0 HP AIRE PARA PINTAR/SOPLAR,28.7089803
PIN004,"JUEGO DE BROCHAS PEQUEÑAS (1""- 2""- 2 1/2",1.1543
PIN005,COMPRESOR P/PINTAR 1HP 108 LT PISTOLA/MA,15.2503
PIN006,EQUIPO DE IMPRESION SOBRE ACRILICO,2.8631
PIN007,EQUIPO P/PINTAR: BROCHA RODILLO Y EXTENS,1.08
PIN008,EQUIPOS VARIOS DE PINTAR (MANUAL),1.696
PIN009,JUEGO DE BROCHA Y RODILLO P/PINTAR,2.0804
PIN010,JUEGO DE BROCHAS,1.6968
PIN011,MAQUINA PARA DEMARCACION LINEAL DUAL,60.56115
PIN012,EQUIPO LIVIANO MANUAL SIMPLE P/PINTAR,2.18
PIN013,"BROCHA PROFESIONAL 3""",0.6167000000000001
PIN014,EQUIPO PARA DEMARCACION LINEAL,231.23
PIN015,ESPATULA Y CEPILLO DE ALBAÑIL,0.1982
PIN016,EXTENSION TELESCOPICA P/RODILLO PINTAR,7.321300000000001
PIN017,COMPRESOR AIRE CURTIS HP-3,6.826900000000001
PIN018,BANDEJA PARA PINTAR C/RODILLO Y MANGO CE,1.3874000000000002
PIN019,"BROCHA PROFESIONAL 1""",0.3318
PIN020,"BROCHA PROFESIONAL 2""",0.4242
PIN021,"MANGO/RODILLO P/PINTAR 9"" PROFESIONAL",0.6916000000000001
PIN022,PISTOLA DE AIRE CALIENTE 2000W 220V CON ,1.2948000000000002
PIN023,PISTOLA PROFESIONAL P/PINTAR,0.8368
PIN024,"ESPATULA ANCHO = 4""",0.429
PIN025,"FUNDA/CAMISA P/RODILLO PINTAR 9"" X 6 MM",0.5383000000000001
PIN026,PISTOLA Y EQUIPO PARA PINTAR AIRLESS,10.79968
PIN027,JUEGO DE ESPATULA Y CEPILLO DE ALAMBRE,0.5814600000000001
PIN028,FUNDA/CAMISA P/RODILLO PARA PINTAR TEXTU,0.2557999999999999
PIN029,EQUIPO DEMARCACION PINTAR-PINTURA TERMOP,220.22
PIN030,ROADLAZER LINE STRIPING /DEMARCACION VIA,99.09981
PIN031,RODILLO DE GOMA P/ GRABAR TEXTURIZAR,0.1538
PIN032,"BROCHA PROFESIONAL 6""",1.6653
PIN033,EQUIPO PINTAR/PINTURA ELECTROSTATICA,76.36195
PIN034,PISTOLA DE AIRE SOPLADORA,0.69384
PIN035,COMPRESOR 10 HP AIRE 450 LT P/PINTAR/SOP,149.9258337
PIN036,COMPRESOR 10 HP AIRE 400 LT P/PINTAR/SOP,63.79773399999999
PIN037,EQUIPO DE AIRE SUPLIDO,44.03
PIN038,EQUIPO PARA PINTAR (NO INCLUYE COMPRESOR,24.24
PIN039,EQUIPO PARA PINTURA,214.71
PIN040,"FAJAS, GUAYAS, MECATES Y GRILLETES",3.28
PIN041,EQUIPO P/INSPECCION DE PINTURA,66.09
PLO001,EQUIPO TIPO PLOMERIA (H.G.),8.81
PLO002,EQUIPOS PARA PLOMERIA,1.9494
PLO003,HERRAMIENTAS VARIAS P/REMOCION DE ARTEFA,4.4044
PLO004,HERRAMIENTAS DE PLOMERIA,11.01
PLO005,ROSCADORA MANUAL,3.96
PLO006,CORTADORA DE TUBOS MANUAL,9.88
PLO007,CORTADORA DE CERAMICA FORMATO PEQUEÑO,6.540800000000001
PLO008,CORTADORA DE CERAMICA RUBI TS 60 O SIM,22.01
PLO009,CORTADORA DE CERAMICA RUBI TS-30 O SIM,19.82
PLO010,"CORTADORA PARA TUBOS DE HF DE 2"" A 6""",88.1
PLO011,"CORTADORA DE TUBOS MANUAL DIAMETROS 3/8""",26.4264
PLO012,EQUIPO DE PLOMERIA,4.4
PLO013,DESTAPADOR DE CAÑERIAS K50 RIDGID O SIM,99.12
PLO014,DESTAPADOR DE CAÑERIAS K1500 RIDGID O SI,385.41
PLO015,"TARRAJA ROSCADORA MANUAL HASTA 2""",11.01
PLO016,EQUIPO PESADO DE PLOMERIA,16.49
PLO017,EQUIPO MEDIANO DE PLOMERIA,6.61
PLO018,"TARRAJA MANUAL HASTA 4""",44.03
PLO019,"TARRAJA MANUAL DE 1/2"" A 2"" (TUBERIA)",7.69
PLO020,GUAYA DESTAPADORA C-4 MARCA RIDGID,16.516000000000002
PLO021,LLAVE AUXILIAR DE PLOMERO RIDGID O SIMIL,0.495
PLO022,EQUIPO EXTRACTOR CON GUAYA,5.53
PLO023,"LLAVES EN JUEGO COMBINADAS HASTA 1 5/8""",1.76176
PLO024,EQUIPO ELECTROFUSION SOLDAR TUBERIA PEAD,55.06
PLO025,EQUIPO PARA SOLDADURA,11.01
PLO026,"LLAVE DE TUBO 24""",5.53
PLO027,"LLAVE DE TUBO 36""",8.81
PLO028,LLAVES ESPECIALES PARA TUBERIAS,5.53
PLO029,DESTAPADOR DE CAÑERIAS K50 RIDGID O SIM,87.2072
PLO030,POLIFUSORA TERMOFUSION C/MATRICES,16.49
PLO031,"TIJERA P/ CORTE TUBERIA TERMOFUSION 1/2""",0.37786
PLO032,POLIFUSORA TERMOFUSION HASTA 63 MM,2.0810699999999995
PLO033,POLIFUSORA TERMOFUSION 63 MM-110 MM,2.37834
PLO034,TIJERA CORTA TUBOS POLIFUSION/TERMOFUSIO,0.38542
PLO035,"LLAVE DE TUBO 36""",1.65834
PLO036,"LLAVE DE TUBO 24""",0.75978
PLO037,POLIFUSORA TERMOFUSION DIGITAL 75 MM-110,4.95522
PLO038,DESTAPADOR DE CAÑERIAS RIDGID K1500A O S,254.35542
PLO039,DESTAPADOR CAÑERIAS PRESION KJ3100 RIDGI,495.4995
PLO040,"LLAVE AYUDANTE DE PLOMERO 1/2"" A 1"" L=12",33.06
PLO041,TIJERA CORTADORA TUBO TERMOFUSION HASTA ,0.46263
PLO042,CORTADORA TIPO NAVAJA PARA TUBO PVC,0.3465
PLO043,CORTADOR TIJERA TUBOS 2´´STANLEY PVC-PPR,1.23326
PLO044,"CORTADOR TIJERA TUBOS HASTA 2 1/2"" PVC-P",1.31033
QUI001,PLC AUTOMATIZACION PARA ENFRIAMIENTO,756.11
SEG043,MASCARILLAS DESECHABLE ANTIPOLVO TIPO 3M,1.91
SEG044,PROTECTOR AUDITIVO 3M DESECHABLE-TAPON A,0.32
SEG045,GUANTES DE TELA Y CARNAZA,0.2296
SEG046,GUANTES DE NEOPRENO ANTI-QUIMICOS,0.5383000000000001
SEG047,GUANTE TEJIDO CAROLINA CON PUNTOS PVC,0.54
SEG048,MASCARILLAS DESECHABLE (TAPABOCA),0.32
SEG049,TAPA OIDO ANTIRRUIDO T/AUDIFONO-OREJERA,0.9696
SEG050,ARNES Y CABO DE VIDA - ESLINGA,2.2022
SEG051,TRAJE BASICO SOLDADOR: DELANTAL Y GUANTE,4.4044
SEG052,DESINFECTANTE-GEL/ALCOHOL P/TRABAJADOR,0.54
SEG053,BRAGA DE ALGODON /UNIFORME TRABAJADOR,1.45299
SEG054,BOTA SEGURIDAD P/TRABAJADOR CON PUNTERA,1.98
SEG055,PROTECTOR AUDITIVO -TAPON SILICON REUTIL,0.436
SEG056,CARTUCHO P/MASCARILLA SEGURIDAD 1/2 CARA,0.32604
SEG057,BRAGA DE PROTECCION DESECHABLE /TIVEK,6.61
SEG058,BRAGAS TYVEK ANTIACIDOS /BIOSEGURIDAD-TY,6.164000000000001
SEG059,VISOR PROTECTOR DE CARA (FACE SHIELDS),1.106
SEG060,PANTALLA FACIAL / CARETA PARA ESMERILAR,0.8484
SEG061,GUANTES LARGOS DE CUERO / CARNAZA,0.7707
SEG062,BRAGA IGNIFUGA/ PROTECCION AL FUEGO,1.3218
SOL002,HERRAMIENTAS MENORES PARA SOLDAR,5.53
SUB001,ANDAMIO PARA TRABAJO SEMI-PESADO,3.5676
SUB002,"ANDAMIO TUBULAR H = 4,50 M",2.90694
SUB003,ANDAMIO TUBULAR DE UN CUERPO H= 2 MT,3.96396
SUB004,GRUA TELESCOPICA BUCYRUS 18 TON,770.79
SUB005,ANDAMIOS PARA MONTAJE DE ESTR. METALICAS,3.76578
SUB006,BARRA OCTOGONAL PALANQUETA,2.4777
SUB007,"ANDAMIO TUBULAR, ALTURA= 2 MT (CUERPO)",3.52352
SUB008,EQUIPO MENOR P/MONTAJE MEDIANO,13.21
SUB009,SECCION TORRE ELEVADORA TO-200 B,0.7927200000000001
SUB010,EQUIPO PARA MONTAJE,11.01
SUB011,EQUIPO PARA MONTAJE DE ESTRUCTURAS METAL,8.808959999999999
SUB012,ESCALERA METALICA CON 16 TRAMOS/PELDAÑOS,3.10158
SUB013,ESCALERA EXTERIOR EXTENSIBLE 20'/6 MT,11.01
SUB014,GRUA 18 TON. P & H O SIM.,550.58
SUB015,GRUA AUTOPROPULSADA HASTA 12 TON,495.52
SUB016,SEÑORITA CON GUAYAS Y CADENAS,7.69
SUB017,WINCHE CABRESTANTE CON MOTOR ELECTRICO,198.22
SUB018,WINCHE CABRESTANTE CON MOTOR A GASOIL,165.19
SUB019,WINCHE ELECTRICO 500 KG,19.324485
SUB020,ESCALERA METALICA DE 7 TRAMOS,2.4279299999999995
SUB021,ESCALERA DE ALUMINIO CON 7 TRAMOS,11.01
SUB022,TORRE GRUA 450,169.40152
SUB023,ANDAMIO TUBULAR DE UN CUERPO,6.61
SUB024,TABLA PARA PLATAFORMA DE ANDAMIO,5.53
SUB025,"ANDAMIO COLGANTE DE GUAYA, 2 MAQ MANUAL",9.711702
SUB026,TORRE GRUA H=34 M PLUMA=36 M P/1000 KG,220.22
SUB027,ANDAMIO COLGANTE,16.49
SUB028,SEÑORITA MANUAL DE CADENA HASTA 2 TON,5.53
SUB029,TRIPODE PARA SEÑORITA,16.49
SUB030,EQUIPO ELEVAR PUENTES METALICOS LIVIANOS,440.44
SUB031,"SEÑORITA DE RATCHET 1,5 TON",7.69
SUB032,ESLINGA C/RATCHET / FAJA DE AMARRE,3.28
SUB033,GANCHO DE COLGAR PARA GRUAS/WINCHES,3.28
SUB034,GATO HIDRAULICO,11.01
SUB035,PLANCHAS METALICAS PARA PASES VIALES,4.4
SUB036,MAQUINA MANUAL PARA ANDAMIO COLGANTE (PA,4.95522
SUB037,GRUA CON PLUMA DE 30 TON,1321.31
SUB038,EQUIPO PARA MONTAJE DE ESTRUCTURAS,13.21
SUB039,WINCHE ELECTRICO CON CABALLETE Y GUAYA,209.2
SUB040,GRUA DE 75 TON,2202.2
SUB041,TENSORES ESPECIALES,3.96
SUB042,GATO HIDRAULICO CON POSICIONADO HORIZONT,33.06
SUB043,GRUA DE 50 TON,1871.88
SUB044,CAMION FORD CARGO CON GRUA 8.5 TON,440.003408
SUB045,"PUENTE MOVIL P/PASO MATERIALES, EQP. MAX",198.22
SUB046,BALDE PARA ELEVACION,35.234500000000004
SUB047,GATO HIDRAULICO HASTA 80 TONELADAS,33.0333
SUB048,GRUA CAPACIDAD HASTA 10 TONELADAS TELESC,440.44
SUB049,GRUA MANUAL CON CAPACIDAD DE 2 TON,2.64275
SUB050,GRUA DE CAPACIDAD 5 A 6 TON,47.56789800000001
SUB051,GRUA HIDRAULICA 4 TON,4.977060000000001
SUB052,GRUA P & H TELESCOPICA CAPACIDAD HASTA 5,2202.2
SUB053,"GRUA P & H CNN 114 DE CAP= 14,5 TON",68.81935
SUB054,GRUA P & H DE CAP= 65 TONELADAS,169.570828
SUB055,"WINCHE CABRESTANTE CAP= 1.2 TON, 24 HP (",15.195390000000002
SUB056,WINCHE CON TRIPODE,5.780845
SUB057,WINCHE CABRESTANTE CAP= 2.0 TON (ELECTRI,20.21648
SUB058,MONTACARGA HIDRAULICO MANUAL 1000 KG,19.269425
SUB059,CAMION ALTRIDEL 20 CON JIRAFA DE ELEVACI,550.58
SUB060,ELEVADOR DE CABALLETE CAPACIDAD 1 TON,2.97297
SUB061,ELEVADOR DE CABALLETE MOFASICO 110 V. DE,2.2022
SUB062,ELEVADOR DE CABALLETE 220 V. CAP. 500 KG,20.921
SUB063,EQUIPO ELEVACION P/PUENTE METALICO LIVIA,330.32
SUB064,CAMION CON JIRAFA DE ELEVACION,660.67
SUB065,"MECATE P/ELEVACION D= 1/2"" ROLLOX 50M",9.88
SUB066,ELEVADOR DE CABALLETE GASOLINA 6 HP DE 2,3.30335
SUB067,GRUA HIDRAULICA 20 TON GROVE RT 420,218.18481000000003
SUB068,GRUA HIDRAULICA 8.5 TON GROVE RT,165.1664
SUB069,ESCALERA METALICA DE 24 TRAMOS,5.94603
SUB070,ESCALERA METALICA DE 10 TRAMOS,3.46869
SUB071,ESCALERA DE ALUMINIO T/TIJERA 7 TRAMOS,2.06109
SUB072,ESCALERA EXTENSIBLE ALUMINIO 16 TRAMOS,3.95397
SUB073,ESCALERA DE ALUMINIO T/TIJERA 12 TRAMOS ,3.21084
SUB074,GRUA HIDRAULICA P&H CN 122D 22 TON,332.5351
SUB075,MONTACARGA,330.32
SUB076,CABALLETE P/ELEVACION 500 A 100O KG,16.51665
SUB077,VIGA ACERO DOBLE T IPN 12 X 6M,0.74315
SUB078,CAMION IVECO MP-740 CON GRUA 16 TON,535.337497
SUB079,CAMION IVECO MP-740 CON GRUA 10.5 TON,468.11471300000005
SUB080,CAMION FORD CARGO CON GRUA 4 TON,268.890951
SUB081,TORRE GRUA H=34 M PLUMA=40 M P/1000 KG,176.18
SUB082,PLUMA MANUAL DE ELEVACION TIPO FALCON,77.06
SUB083,MONTACARGA MANUAL DE 500 KG,55.06
SUB084,POLEA,6.61
SUB085,ESCALERA DE FIBRA DE VIDRIO CON 24 TRAMO,9.414269999999998
SUB086,ANDAMIO CUPLOCK O SIM /NO INCLUYE PLATAF,8.81
SUB087,ESCALERA DE FIBRA DE VIDRIO CON 28 TRAMO,14.171309999999998
SUB088,ESCALERA DIELECTRICA FIBRA DE VIDRIO 28 ,9.91008
SUB089,ESCALERA DIELECTRICA FIBRA DE VIDRIO 32 ,17.838089999999998
SUB090,ESCALERA DIELECTRICA FIBRA DE VIDRIO 6 T,2.9728799999999995
SUB091,ESCALERA DIELECTRICA FIBRA DE VIDRIO 20 ,7.43256
SUB092,ELEVADOR ELECTRICO MOVIL TIPO TIJERA,27.52775
SUB093,ESCALERA DE ALUMINIO T/TIJERA 8 TRAMOS,1.98198
SUB094,GRUA HIDRAULICA 7 TON,495.52
SUB095,GRUA HASTA 10 TON,440.44
SUB096,GRUA 30 TON,1321.31
SUB097,GRUA DE 70 TON,2147.14
SUB098,GRUA DE 60 TON,2108.6
SUB099,GRUA DE 100 TON,2257.27
SUB100,GRUA DE 160 TON,3138.16
SUB101,GRUA DE 200 TON,3964.01
SUB103,MANLIFT / EQUIPO DE ELEVACION,110.11
SUB104,MONTACARGA 5 TON,440.44
SUB105,MONTACARGA 7 TON,550.58
SUB106,WINCHE CAP= 2.0 TON,66.09
SUB107,WINCHE CAP= 500 KG,121.12
SUB108,CUERPO DE ANDAMIO TIPO CUPLOCK O SIM X D,16.49
SUB109,CAMION GRUA 14 TON OPERACION PLTA PETROQ,825.84
VEH001,CAMIONETA PICK-UP CHEVROLET O SIMILAR #,220.22
VEH002,CAMION 350 FORD TECHADO CON REMOLQUE,330.32
VEH003,CAMION 350 CHEVROLET O SIMILAR,242.24404
VEH004,CAMION TIPO 750 O SIMILAR,550.58
VEH005,CAMION CISTERNA 15.000 LTS,330.32
VEH006,CAMION CISTERNA CAP=30 TON,550.58
VEH007,CAMION F-7000 CON CISTERNA,440.44
VEH008,CAMION DE PLATAFORMA TORONTO O SIMILAR,252.96292000000005
VEH009,CAMION TALLER,275.29
VEH010,CAMION VOLTEO 8 M3 FORD 7000 O SIM,418.42156
VEH011,CAMION VOLTEO FORD 7000 CAP= 6 M3,330.32
VEH012,CAMION CON PLATAFORMA CHEVROLET NPR 5 TO,77.07763
VEH013,CAMION VOLTEO MACK 12 M3 O SIM,227.26904
VEH014,CAMION VOLTEO FIAT 15 M3 -24 TON,239.161
VEH015,CAMION PLATAFORMA CAP=25 TON / VOLTEO=15,211.963535
VEH016,CAMION VOLTEO TIPO FIAT 619 CAP=16 TON,268.935
VEH017,CAMION FORD CARGO CON PLATAFORMA,154.15529500000002
VEH018,CAMION MEZCLADOR CONCRETO TROMPO 9 M3,308.3106
VEH019,CAMION CESTA KODIAK O SIMILAR,115.39624
VEH020,CAMIONETA TALLER / ENGRASE LIVIANO,192.69415
VEH021,CAMION CON GRUA CAPACIDAD ENTRE 4-6 TN,385.41
VEH022,CAMION DE ESTACAS CON EQUIPO DE ENGRASE,105.706496
VEH023,CAMIONETA/VEHICULO DOBLE TRACCION 4 X 4,94.8648
VEH024,CAMION VOLTEO TIPO FIAT CAP=28 TON,220.22188
VEH025,CAMION CON CESTA HIDRUL. Y ESCALERA EXTE,193.2942
VEH026,CAMION CISTERNA FIAT 15000 LTS,440.44
VEH027,CAMION F-350 TECHADO,166.9501785
VEH028,"CAMION PLATAFORMA, VOL=8 M3 C/ BARANDA",99.09984
VEH029,SEMI-REMOLQUE CON TANQUE DE 3 EJES,55.0554
VEH030,SEMI-REMOLQUE SILOS DE CEMENTO,60.10492
VEH031,CAMIONETA PICK-UP F-150 O SIMILAR,242.23
VEH032,CAMION F-7000,330.33288000000005
VEH033,CAMION IVECO MP-200 C/VOLTEO 10 M3,660.6656800000001
VEH034,CAMION CON LOW-BOY PARA TRANSPORTE PESAD,660.67
VEH035,LOW-BOY CAP 45 TON (14X3 MT),220.22185
VEH036,CAMION CON LOW-BOY DE PALETA P/TRANSPORT,1321.31
VEH037,TANQUE DE AGUA PVC DE CAPACIDAD = 3.000 ,0.40852
VEH038,CAMION IVECO MP-450 VOLTEO 18 M3,572.577
VEH039,CAMION IVECO MP-740 VOLTEO 12 M3,528.5325600000001
VEH040,CAMION CHUTO P/REMOLQUE 35 TON-MACK R-68,239.494593
VEH041,LOW-BOY TIPO ORINOCO CUELLO DESMONTABLE,356.75952
VEH042,BATEA ORINOCO 3 EJES. CAP. 45 TON,181.68303
VEH043,CAMION PERFORADOR HIDRAULICO,118.57635
VEH044,CAMION VOLTEO FORD 8000 CAP 6 M3/12.750 ,210.09164
VEH045,CAMION CON PLATAFORMA DE ESTACAS F-350 (,325.2126237
VEH046,CAMION CON REMOLQUE TECHADO F-350 O SIM,188.289734
VEH047,CAMION GRUA / CESTA,655.19
VEH048,"CAMION IVECO MP-380 VOLTEO 15 M3-24,9 TO",660.67
VEH049,CAMION TIPO PERFORADOR CALDWELL,212.278
VEH050,CAMION IVECO MP-200 C/PLATAFORMA C=20 TO,627.6324
VEH051,CAMION IVECO MP-740 C/PLATAFORMA C=28 TO,396.3994200000001
VEH052,CAMION IVECO MP-450 C/PLATAFORMA C= 38 T,571.47582
VEH053,BATEA MARCA REMYVENCA MD-3BE20 L=13 MTS ,132.13311000000002
VEH054,CAMION F-350 VOLTEO LIVIANO O SIMILAR,275.29
VEH055,CAMION CON CALDERAS P/THERMOPLASTICO,88.63925
VEH056,CAMION ADAPTADO P/PINTAR-PINTURA DE TRAF,440.44
VEH057,CAMIONETA PICK-UP LUV O SIMILAR,165.1664
VEH058,CAMIONETA PICK-UP TOYOTA,127.05115
VEH059,CAMIONETA TIPO VAN CERRADA PARA CARGA,135.52115
VEH060,PROTECCION ESPECIAL PARA CARGA EN VOLTEO,1.6517400000000002
VEH061,CAMION CAVA TIPO 750 O SIMILAR,253.28
VEH062,CAMION CAVA TIPO 350 O SIMILAR,220.22
VEH063,CAMION VOLTEO MACK 18 M3 O SIM,292.89512
VEH064,CAMION PARA TRANSPORTE DE CONTAINER,440.44
VEH065,CAMION VOLTEO DOBLE TRACCION 8 M3 4X4,550.58
VEH066,CAMION F-350 DOBLE TRACCION 4 X 4,660.67
VEH067,AUTOBUS DE 3O PUESTOS,165.19
VEH068,AUTOBUS DE 5O PUESTOS,220.22
VEH069,CAMION FORD 350 O SIMILAR,264.26
VEH070,CAMION CISTERNA TANQUE ACERO AL CARBONO ,550.58
VEH071,CAMION CISTERNA ACERO INOXIDABLE 8 M3,660.67
VEH072,CAMION CON GRUA 4 TON,385.41
VEH073,"CAMION GRUA 8,5 TON",440.44
VEH074,"CAMION GRUA 10,5 TON",473.49
VEH075,CAMION GRUA 16 TON,550.58
VEH076,CAMION BARREDORA AUTOPROPULSADO,495.52
VEH077,CAMION VOLTEO MAYOR DE 18 M3,660.67
VEH078,CAMION VOLTEO DE 10 A 18 M3,528.55
VEH079,CAMION VOLTEO  5-10 M3,440.44
VEH080,CONTAINER,55.06
VEH081,VAN DE 21 PUESTOS,165.19
VEH082,VEHICULO TIPO SEDAN,99.12
VEH083,CAMION BRAZO ARTICULADO 6 TON,660.67
VEH084,SUPER TANQUE 500 BBLS /BARRILES,3413.42
VEH085,TANQUE DE 1000 LTS,330.32
VEH087,GANDOLA / CAMION CHUTO Y BATEA-VIAJE,1376.39
VEH088,TANQUE PARA COMBUSTIBLE,27.53
