CodMat,Descri,CosMat
ACA001,MASTIQUE PARED / PASTA PROFESIONAL,30.85
ACA002,MASTIQUE PASTA PROFESIONAL P/PARED-TABIQ,16.5
ACA003,"LAMINA DE YESO DRY WALL 4' X 8'  E=1/2"" ",22.02
ACA004,LAMINA DE YESO P/CIELO RASO 4' X 8' X3/8,21.68
ACA005,"LAMINA DE YESO DRY WALL 4' X 8'  X 5/8"" ",42.8
ACA006,EMPATES DE PERFILES DE ALUMINIO,1.61
ACA007,LIJAS PARA CONCRETO (DISCOS),5.97
ACA008,LAMINA DE YESO PINTADA COLOR ROJO TEJA E,12.11
ACA009,ELEMENTOS DE FIJACION,0.11
ACA010,MATERIAL DE FIJACION Y REMATE,0.42
ACA011,MATERIALES PARA INSTALACIONES,1.08
ACA012,MATERIALES VARIOS PARA INSTALACION,0.11
ACA013,MATERIALES PARA MONTAJE DE CHAPAS METALI,0.32
ACA014,"LAMINA DE YESO 4'  X 8'  X 1/2"" (1,2 X 2",7.68
ACA015,"RAMPLUG PLASTICO 1/4"" COLOR VERDE",0.11
ACA016,SILICON Y ADHESIVO DOBLE FAZ PARA COLOCA,5.54
ACA017,SOPORTES PARA FIJACION A PARED,0.26
ACA018,"LAMINA DE YESO/DRY WALL 4' X 10' X 5/8"" ",49.25
ACA019,PASTA PROFESIONAL/MASTIQUE NACIONAL 5 GA,57.87
ACA020,"LAMINA FIBRA MINERAL 4' X 2' X 3/4"" (1,2",13.22
ACA021,DISCO DE ESMERIL PARA CORTE DE CONCRETO,12.13
ACA022,"LAMINA DE YESO P/DRY WALL 4' X10' X1/2"" ",31.76
ACA023,"DISCO PARA ESMERIL DE 7""",14.31
ACA024,CONECTOR BIMETALICO KSU-31 1/0 A 350 MCM,38.58
ACA025,MARCO DE HIERRO P /PUERTA 0.70 X 2.10 MT,77.09
ACA026,MARCO DE HIERRO DERECHO P/PUERTA 0.70 X ,69.44
ACA027,MARCO DE HIERRO DERECHO P/PUERTA 0.80 X ,83.73
ACA028,MARCO DE HIERRO P /PUERTA 0.80 X 2.10 MT,87.14
ACA029,MARCO DE MADERA P/PUERTA 0.80 X 2.10 MT,96.98
ACA030,"MARCO HIERRO P/PUERTA 2.10 X 0.90M E= 1,",85.87
ACA031,MARCO DE MADERA P/PUERTA 0.90 X 2.10 MT,109.09
ACA032,MARCO DE HIERRO DERECHO P/PUERTA 0.90 X ,88.13
ACA033,"PARAL STUD METALICO 1 5/8"" X 2,44 M- 8' ",6.07
ACA034,"PARAL STUD METALICO 1 5/8"" X 3,05 M-10' ",6.84
ACA035,"PARAL STUD METALICO 2 1/2"" X 2,44 M-8' D",5.86
ACA036,"PARAL STUD METALICO 2 1/2"" X 3,05 M DRY ",6.62
ACA037,"PARAL STUD METALICO 3 5/8"" X 2,44 M-8' D",8.81
ACA038,"PARAL STUD METALICO 3 5/8"" X 3,05 M-10' ",9.88
ACA039,"RIEL/TRACK CANAL METALICO 1 5/8"" X 3,05 ",5.21
ACA040,"RIEL/TRACK CANAL METALICO 2 1/2"" X 3,05 ",6.51
ACA041,"RIEL/TRACK CANAL METALICO 3 5/8"" X 3,05 ",6.39
ACA042,"RIEL/TRACK CANAL METALICO 2 1/2"" X 3.05 ",6.62
ACA043,"ESQUINERO METALICO 1/2""X1 1/8"" X 2,44M-D",4.41
ACA044,"ESQUINERO RIGIDO 1 1/4"" X 2.44 M IMPORTA",2.39
ACA045,"ESQUINERO RIGIDO 1/2"" X1 1/4"" X 10' 3,05",3.65
ACA046,"ESQUINERO PLASTICO FLEXIBLE 8' /2,44 MT",4.75
ACA047,"PERFIL/CANAL OMEGA 7/8""-22,2 MM X 3.05 M",5.54
ACA048,SILICON TRANSPARENTE TUBO 300 ML/10ONZ,8.81
ACA049,JUNTA DE DILATACION METALICA 1 X 3.00,51.84
ACA050,"MOLDURA EN U P/DECORACION 1/2"" X 2,44 MT",3.07
ACA051,"MOLDURA EN U P/DECORACION 1/2"" X 3,05 MT",3.55
ACA052,CINTA CARTON IMPORTADA 500'-152 M P/DRY ,8.81
ACA053,CINTA CARTON IMPORTADA 250' 126 M P/DRY ,7.69
ACA054,DURABOND 90 P/PARED-JUNTAS SACO 25 LBS,13.22
ACA055,MARCO DE ALUMINIO P/VENTANA,55.1
ACA056,MASTIQUE NACIONAL (PASTA PROFESIONAL) 5 ,66.69
ACA057,MASTIQUE IMPORTADO (PASTA PROFESIONAL) 5,83.74
ACA058,LAMINA FIBROCEMENTO DURAROCK 4' X 8' X 1,68.08
ACA059,LAMINA DE YESO SPLASH GRUESO 2'X4' 1.2MX,6.47
ACA060,LAMINA DE YESO SIN ACABADO 2' X 4' X 1/4,4.38
ACA061,"LAMINA DE YESO LISA 2' X 4' X 1/4"" PINTU",8.81
ACA062,LAMINA DE YESO TEXTURIZADO 2' X 4' X 1/4,10.79
ACA063,"LAMINA DE YESO TEXTURIZADO 2,4 X 1,2 M X",36.34
ACA064,LAMINA DE YESO VINYL CUADRITO 2' X 4' X ,9.89
ACA065,"LAMINA DE YESO FISURADO 2' X 4' 1/4""",4.38
ACA066,"LAMINA DE YESO VINYL 2' X 4' X 1/4"" (0.6",11.03
ACA067,LAMINA DE YESO SIN ACABADO 2' X 4' X 3/8,5.4
ACA068,PLAFOND AURATONE OMNI 2' X2' MODELO 90,3.28
ACA069,PLAFOND AURATONE 562 FISSURED 2' X 4' X ,6.62
ACA070,PLAFOND AURATONE 345 OMNI FISSURED 2' X ,8.22
ACA071,PLAFOND AURATONE 56705 NAT FISSURED 2' X,8.22
ACA072,PLAFOND AURATONE 809 SANDRIFT  2' X 2' X,4.41
ACA073,PLAFOND AURATONE MILENIA CHEX  2' X 2' X,5.54
ACA074,"PLAFOND AURATONE 990 OMNI 2' X 4' X 5/8""",8.22
ACA075,"DISCO ABRASIVO PARA ESMERIL 7""",16.07
ACA076,"LAMINA FIBRA MINERAL 2' X 2' X 3/4""",8.17
ACA077,"PERFIL/ANGULO DE ALUMINIO ""U"" 1/2 X 1/2""",3.28
ACA078,LAMINA DE FORMICA LISA,38.58
ACA079,"LAMINA FORMICA ACABADO ALUMINIO 1,22X2,4",68.32
ACA080,"LAMINA DE FORMICA LISA 1,22 X 2.44 CLARA",49.54
ACA081,"LAMINA DE FORMICA COLOR 1,22 X 2,44",44.07
ACA082,"LAMINA DE FORMICA COLOR GRUESA 1,22 X 2,",58.41
ACA083,PLYCEM GEL O SIM. + GUANTES DESEHCABLES,13.43
ACA084,CINTA P/PLYCEM/FIBROCEMENTO 150 PIES IMP,9.88
ACA085,"LAMINA PLYCEM FIBROCEMENTO C/VINYL 0,6X1",8.71
ACA086,"LAMINA PLYCEM 4' X8'X20MM-1,22X2,44M FIB",107.91
ACA087,"LAMINA PLYCEM 3,05 X1,22MX17MM FIBROCEME",122.04
ACA088,LAMINA PLYCEM 4' X 8' X 6MM FIBROCEMENTO,42.26
ACA089,LAMINA PLYCEM 4' X 10' X 20MM FIBROCEM O,137.12
ACA090,LAMINA PLYCEM 4' X 8' X 17 MM FIBROCEM O,93.88
CON215,MORTERO DE CEMENTO,189.55
ACA091,LAMINA PLYCEM 2' X 2' X 6 MM FIBROCEMENT,4.24
ACA092,LAMINA PLYCEM PINTADA 2' X 4'  FIBROCEME,17.44
ACA093,LAMINA PLYCEM  2' X 4'  FIBROCEMENTO 6 M,9.87
ACA094,LAMINA PLYCEM TEXTURIZADO 2' X4'  FIBROC,12.04
ACA095,LAMINA PLYCEM 4' X 8' X 8MM  FIBROCEMENT,53.61
ACA096,LAMINA PLYCEM 4' X 8' X 10MM FIBROCEMENT,66.98
ACA097,LAMINA PLYCEM 4' X 8' X 11MM  FIBROCEMEN,87.31
ACA098,LAMINA PLYCEM 4' X10' X11MM FIBROCEMENTO,104.64
ACA099,"BOCA DE VISITA PLASTICA 0,36 X 0,36 M 14",26.45
ACA100,SEPARADOR P/BLOQUE/LADRILLO DE VIDRIO,0.16
ACA101,"BOCA DE VISITA PLASTICA 0,36 X 0,75 M 14",48.45
ACA102,MARCO P/PUERTA ALUMINIO DERECHO 0.80 MT,96.98
ACA103,LADRILLO ARCILLA MACIZO DE ARCILLA 6 X 1,1.29
ACA104,"PARAL STUD METALICO 1 5/8"" X2.44-8' CAL2",5.86
ACA105,"RIEL/TRACK CANAL METALICO 1 5/8"" X 3.05 ",4.3
ACA106,"LAMINA FORMICA ACABADO ALUMINIO O SIM 1,",72.76
ACA107,MARCO P/PUERTA ALUMINIO IZQUIERDO 0.80,60.63
ACA108,MARCO P/PUERTA  ALUMINIO DERECHO 0.90,98.09
ACA109,MARCO P/PUERTA ALUMINIO IZQUIERDO 0.90,59.52
ACA110,MARCO DE HIERRO DERECHO P/PUERTA 0.70 X ,86.03
ACA111,MARCO DE HIERRO DERECHO P/PUERTA 0.80 X ,87
ACA112,MARCO DE MADERA  P/PUERTA 0.80 X 2.10 MT,95.87
ACA113,"RAMPLUG PLASTICO 1/2"" COLOR GRIS",0.11
ACA114,MARCO DE HIERRO DERECHO P/PUERTA 0.90 X ,108.05
ACA115,"REBORDE PLASTICO 1/2"" X 8'",4.41
ACA116,"REBORDE PLASTICO 3/8"" X 8'",4.08
ACA117,"ESQUINERO PLASTICO FLEXIBLE 10' / 3,05 M",6.62
ACA118,"REBORDE 1/2"" X  1/2""  2.44 METALICO P/DR",5.54
ACA119,ACABADOS Y FRISO,5.54
ACA120,CINTA PAPEL REFORZADA IMP. 100'/30M DRY ,13.11
ACA121,"TORNILLO P/TABIQUES DRY WALL 7 X 7/16"" R",0.06
ACA122,"TORNILLO P/TABIQUES DRYWALL 6 X 1""",0.03
ACA123,"TORNILLO P/TABIQUES DRY WALL 6 X 1 5/8""",0.11
ACA124,PUNTILLAS DE ACERO,5.97
ACA125,ELEMENTOS - MATERIALES DE SUSPENSION,0.53
ACA126,MATERIAL DE FIJACION,0.21
ACA127,MATERIALES PARA ACABADO Y REMATE,1.08
ACA128,"LAMINA FIBRA VIDRIO PLAFOND 1,20 X 0,60M",7.69
ACA129,CINTA DE PAPEL 250'/76M DRY WALL NACIONA,7.69
ACA130,"LAMINA DE FORMICA BLANCO BRILLANTE 1,22 ",41.85
ACA131,"LAMINA DE FORMICA MATE 1,22 X 2,44",38.58
ACA132,"LAMINA DE FORMICA BLANCO MATE 1.22 X 2,4",40.77
ACA133,PASTA PROFESIONAL / MASTIQUE,16.5
ACA134,MATERIALES PARA FRISO (INT- EXT),0.32
ACA135,BASE DE BLOQUE PARA LAVAMANOS,132.23
ACA136,CINTA DE CARTON 500'/152M DRY WALL NACIO,8.58
ACA137,"CINTA FIBRA DE VIDRIO E=2"" PARA TABIQUES",44.07
ACA138,"RAMPLUG HIERRO 5/16"" TIPO MARIPOSA",2.72
ACA139,"RAMPLUG HIERRO 3/8"" DE EXPANSION",3.28
ACA140,"DISCO PARA ESMERIL 4 1/2"" X 1/4",7.38
ACA141,DISCO DE ESMERIL PARA CORTAR CONCRETO,13.22
ACA142,"RIEL GUIA DE ACERO 3,52 KG/M",6.62
ACA143,MATERIALES PARA FIJACION,0.53
ACA144,"ESQUINERO METALICO 1 1/4"" X 3,05 M - DRY",3.28
ACA145,ACABADOS,11.02
ACA146,FLEJES DE PLASTICO P/PISO,2.18
ACA147,CIELO RASO INTERIOR COMPLETO (LIVIANO),18.73
ACA148,GRANITO GRIS (PIEDRAS) EN SACO#,20.91
ACA149,"RAMPLUG EXPANSION MECANICA D=3/4"" L=10""",7.15
ACA150,LAMINA FORMICA ACABADO METALICO ALUMINIO,72.97
ACA151,LAMINA FORMICA ACABADO METALICO BRONCE 1,73.85
ACA152,"TORNILLO, ARANDELA Y RAMPLUG",0.21
ACA153,"LAMINA FIBRA VIDRIO PLAFOND 0,6 X 0,60M ",4.41
ACA154,PERFIL ALUMINIO SECUNDARIO P/CIELO RASO ,1.44
ACA155,SANITARIOS Y ACABADOS,30.85
ACA156,TECHO PLYCEM ONDUL. TEJA 0.61X1.031 E=6.,11.03
ACA157,TECHO PLYCEM ONDUL.TEJA 1.22X1.031 E=6.8,20.81
ACA158,TECHO PLYCEM ONDUL.TEJA 1.53 X1.031 E=6.,26.14
ACA159,TECHO PLYCEM ONDUL.TEJA 1.83 X 1.031 E= ,37.45
ACA160,TECHO PLYCEM ONDUL.TEJA 2.13 X1.031 E= 6,38.52
ACA161,TECHO PLYCEM ONDUL.TEJA 2.44 X1.031 E=6.,44.1
ACA162,LAMINA PLYCEM 1.22 X0.61 E=6 MM FIBROCEM,11
ACA163,LAMINA PLYCEM 2.44 X1.22 E=6MM FIBROCEM.,38.67
ACE077,"TUBO ACERO-CARBONO COST D=1 1/2"" E=3,68M",31.3
ACE078,"TUBO ACERO-CARBONO 1"" E=3,38MM 2,50K/M S",19.02
ACE079,PERFIL ACERO IPN 12  - 11.10 KG/M,2.54
ACE080,PERFIL ACERO IPN 14 (14.3 K/M),2.41
ACE081,PERFIL ACERO IPN 300  (54.20 KG/M),2.45
ACE082,PERFIL ACERO IPN 8 (6.10 KG/M),16.69
ACE083,"ANGULO ACERO L 100 X 100 X 10 P=15,1 KG/",3.28
ACE084,ANGULO DE ACERO DE VARIAS DIMENSIONES,3.28
ACE085,ANGULO ACERO  L 75 X 75 X 8 (9 KG/M),4.41
ACE086,"BARRAS EN ACERO INOXIDABLE 1/2"" PESO:1 K",14.31
ACE087,PERFIL ACERO SIDOR IPN 180 MM X 84 MM,3.31
ACE088,PERFIL ACERO SIDOR IPN 200 MMX90 MM,2.92
ACE089,"PERFIL ACERO UPN 120 (13,4 KG/M)",3.28
ACE090,PERFILES ESTRUCTURALES DE ACERO,2.72
ACE091,PERFILES P/FIJACION DE PROTECCIONES EN A,16.5
ACE415,"PLETINA DE HIERRO 1 1/2"" X 3/16"" L=6 M 8",28.24
ACE416,"PLETINA DE HIERRO 2"" X 3/16"" L=6 MT 11.3",39.42
ACE417,"PLETINA DE HIERRO 1"" X 1/4"" L=6 M 7,6 K/",23.45
ACE418,"PLETINA DE HIERRO 2"" X 3/8"" L=6 M 11,4 K",35.15
ACE419,"PLETINA DE HIERRO 2"" X 1/2"" L=6 M 15,20 ",46.9
ACE420,ANGULO ACERO 150 X 150 X 12MM 27.3 K/M,3.28
ACE421,TUBO DE ACERO CUADRADO 200 X 200 X 5.5 M,2.8
ACE422,TUBO DE ACERO CUADRADO 200 X 200 X 7 MM ,2.69
ACE423,TUBO DE ACERO CUADRADO 220 X 220 X 7 MM ,2.69
ACE424,TUBO DE ACERO CUADRADO 260 X 260 X 9 MM ,2.72
ACE425,TUBO DE ACERO RECTANG. 300 X 100 X 5.5 M,2.62
ACE426,TUBO DE ACERO RECTANG. 300 X 100 X 7 MM ,2.62
ACE427,TUBO DE ACERO RECTANG. 320 X 120 X 7 MM ,2.72
ACE428,TUBO DE ACERO RECTANG. 350 X 170 X 9 MM ,2.62
ACE429,"PERFIL/TUBO CIRCULAR ACERO 3"" X 2,25 MM ",2.84
ACE769,"CABILLA*  S40 BAJA DENSIDAD D=1/4""  L= 6",2.18
ACE770,ACERO ESTRUCTURAL PARA TORRES,1.48
ACE771,ANCLAJE PARA ESTRUCTURA DE TORRES,44.07
ACE772,CABILLA ESTRIADA N60 VARIOS DIAMETROS-ME,1.97
ACE773,TORNILLERIA-PERNO ESTRUCTURAL A-325 C/TU,13.64
ACE774,TORNILLERIA.PERNO ESTRUCTURAL A-307 C/TU,13.64
ACE775,TORNILLERIA-PERNO ESTRUCTURAL A-307 C/TU,13.64
ACE776,"MALLA ACERO TRUCKSON ELECTROSOLDADA 4""X4",2.77
ACE777,"MALLA ACERO TRUCKSON ELECTROSOLDADA 6""X6",2.72
ACE778,"PERFIL ACERO HEB 240 - 83,2 KG/M",3.28
ACE779,PERFIL ACERO HEB 260 - 93 KG/M,3.28
ACE780,"PERNOS, ARANDELAS Y TUERCAS ESTRUCTURALE",13.01
ACE781,PLANCHA/LAMINA APOYO ACERO 250MM X250MM ,14.31
ACE782,PERFIL ACERO HEB 280 - 103 KG/M,3.28
ACE783,PERFIL ACERO HEB 300 - 117 KG/M,3.87
ACE902,"GUAYA DE ACERO D= 7/16"" 0,48 KG/M",6.62
ACE903,"GUAYA DE ACERO D= 5/8"" (15,9 MM) 1,08 KG",14.25
ACE904,"GUAYA DE ACERO D= 3/4"" (19,05 MM) 1,41 K",13.08
ACE905,"GUAYA DE ACERO D= 7/8"" (22,23 MM) 1,92 K",20.14
ACE906,"GUAYA DE ACERO D= 1"" (25,4 MM) 2,5 KG/M",24.79
ACE907,TUBO ACERO AL CARBONO C/COSTURA CC SCH 4,6.62
ACE908,"PERNO/RAMPLUG HILTI KB D=1/2"" X 3-3/4"" 9",6.62
ACE909,PERFIL DE ACERO PROPERCA O SIMILAR,2.61
ACE910,PERFIL SOPORTE ESCALERILLAS ACERO GALV A,3.28
ACE911,"PERFIL TUBO D= 2"" L= 3M ACERO GALVANIZAD",93.67
ACE912,PERFIL ACERO VP,2.72
ACE913,"CODO DE ACERO AL CARBONO 45 GRADOS D=8""",77.13
ACE914,"FLEJE ACERO INOX. 1/2"" X 0.22MM P/ATAR-E",2.18
ACE915,"FLEJE ACERO INOX. 1/2"" X 0.22MM P/ATAR-E",5.54
ACE916,"HEBILLA-SELLO ACERO INOX. 1/2"" P/FLEJE-E",0.7
ARC022,"BLOQUE TABELON ARCILLA 8 X 20 X 80 (6,20",2.31
ARC023,"BLOQUE* TABELON ARCILLA 8 X20X60 (8,33/M",2.31
ARC024,"BLOQUE TABELON ARCILLA 6 X 20 X 60 (8,33",2.31
ARC025,LADRILLO ARCILLA HUECO DOBLE 11X11X24,1.08
ARC026,LADRILLO MACIZO O.L DE ARCILLA 05X11X24,1.38
ARC027,LADRILLO CRIOLLITO MACIZO DE ARCILLA 03X,0.48
ARC028,LADRILLO ARCILLA PERFORADO DOBLE O.L 11X,0.42
ARC029,LADRILLO ARCILLA PERFORADO 05X11X24 (64/,0.42
ARC030,LADRILLO ARCILLA PERFORADO RAYADO 05X11X,0.42
ARC031,LADRILLO ARCILLA TAPON MACIZO O.L 05X05X,0.64
ARC032,TABLITA RAYADA 02X05X24 ARCILLA 64/M2,0.26
ARC033,TABLITA PERFORADA ARCILLA 03X05X24 DOBLE,0.48
ARC034,TABLITA ARCILLA DE TACO 03 X 06 X 24,0.26
ARC035,LADRILLO ARCILLA PERFORADO REDONDO 05X11,0.42
ARC036,BLOQUE ARCILLA VENTILACION 2 HUECOS 11X1,1.18
CON343,CONCRETO PREMEZCLADO F'C 310 KG/CM2 AS=3,132.23
CON344,CONCRETO PREMEZCLADO F'C 310 KG/CM2 AS=5,134.77
CON345,CONCRETO PREMEZCLADO F'C 310 KG/CM2 AS=5,143.23
CON346,CONCRETO PREMEZCLADO F'C 310 KG/CM2 AS=7,143.23
CON347,CONCRETO PREMEZCLADO F'C 330 KG/CM2 AS=3,135.97
CON348,CONCRETO PREMEZCLADO F'C 330 KG/CM2 AS=5,139.83
CON349,CONCRETO PREMEZCLADO F'C 330 KG/CM2 AS=5,143.57
CON350,CONCRETO PREMEZCLADO F'C 330 KG/CM2 AS=7,145.46
CON351,CONCRETO PREMEZCLADO F'C 350 KG/CM2 AS=3,159.78
CON352,CONCRETO PREMEZCLADO F'C 350 KG/CM2 AS=5,159.78
CON353,CONCRETO PREMEZCLADO F'C 350 KG/CM2 AS=5,159.78
CON354,CONCRETO PREMEZCLADO F'C 350 KG/CM2 AS=7,170.8
CON355,CONCRETO PREMEZCLADO F'C 380 KG/CM2 AS=3,165.32
CON356,CONCRETO PREMEZCLADO F'C 380 KG/CM2 AS=5,146.52
CON357,CONCRETO PREMEZCLADO F'C 380 KG/CM2 AS=5,198.38
CON358,CONCRETO PREMEZCLADO F'C 380 KG/CM2 AS=7,176.32
CON359,"CONCRETO PREMEZCLADO F'C 80 KG/CM2 AS=3""",87.07
CON360,"CONCRETO PREMEZCLADO F'C 80 KG/CM2 AS=5""",88.17
CON361,CONCRETO PREMEZCLADO F'C 100 KG/CM2 AS=3,80.47
CON362,CONCRETO PREMEZCLADO F'C 100 KG/CM2 AS=5,92.15
CON363,CONCRETO PREMEZCLADO F'C 120 KG/CM2 AS=3,91.46
CON364,CONCRETO PREMEZCLADO F'C 120 KG/CM2 AS=5,95.21
CON365,CONCRETO PREMEZCLADO F'C 150 KG/CM2 AS=3,96.98
CON366,CONCRETO PREMEZCLADO F'C 150 KG/CM2 AS=5,100.73
CON367,HABILIT PLTA CONCRETO PREMEZCLADO 3,221.49
CON368,HABILIT PLTA CONCRETO PREMEZCLADO 3-SABA,221.49
CON369,HABILT. PTA CONCRETO PREMEZCLADO 1 DOMIN,243.51
CON370,HABILIT PLTA CONCRETO PREMEZCLADO 1-SABA,250.13
CON371,HABILIT PLTA CONCRETO PREMEZCLADO 2-SABA,277.69
CON372,HABILIT PLTA CONCRETO PREMEZCLADO 2-DOMI,330.58
ACA164,LAMINA PLYCEM 3.05 X1.22 E= 8MM FIBROCEM,77.09
ACA165,LAMINA PLYCEM 2.44X1.22 E=8MM FIBROCEMEN,59.09
ACA166,LAMINA PLYCEM 3.05 X1.22 E=11MM FIBROCEM,96.06
ACA167,LAMINA PLYCEM 2.44X1.22 E=11MM FIBROCEME,91.3
ELE245,MATERIALES VARIOS,0.11
ACA168,LAMINA PLYCEM 3.05 X1.22 E=14MM FIBROCEM,120.27
ACA169,LAMINA PLYCEM 2.44X1.22M E=14MM FIBROCEM,96.66
ACA170,LAMINA PLYCEM 3.05 X1.22 E=17MM FIBROCEM,142.6
ACA171,LAMINA PLYCEM 2.44 X1.22 E=17MM FIBROCEM,112.19
ACA172,LAMINA PLYCEM 3.05X1.22 E=20MM FIBROCEME,167.78
ACA173,LAMINA PLYCEM 2.44X1.22M E=20 MM FIBROCE,175.19
ACA174,PIEDRATEJA 0.61 X 0.83 (ROJO Y VERDE),4.41
ACA175,PIEDRATEJA 1.16 X 0.83 (ROJO Y VERDE),8.81
ACA176,PIEDRATEJA 1.50 X 0.83  (ROJO Y VERDE),9.88
ACA177,PIEDRATEJA 1.83 X 0.83  (ROJO Y VERDE),12.13
ACA178,PIEDRATEJA 2.14 X 0.83  (ROJO Y VERDE),15.23
ACA179,CINTA REFORZADA,0.16
ACA180,TORNILLO PUNTA BROCA P/FIBROCEMENTO/PLYC,0.13
ACA181,TORNILLO AVELLANADOR FIBROCEMENTO/PLYCEM,0.11
ACA182,"LAMINA YESO RH 4' X 8' X1/2"" 1,2 X 2,4M ",30.63
ACA183,"LAMINA FIBROCEM. 2,44X1,22 X 8MM ETERNIT",63.47
ACA184,"ESQUINERO METALICO 1 1/4"" X 10' - 2,44M ",2.72
ACA185,"RAMPLUG PLASTICO  3/8"" COLOR NARANJA",0.21
ACA186,MASTIQUE/MASILLA PARA GRANITO O MARMOL,71.65
ACA187,"TORNILLO P/TABIQUES DRY WALL 6 X 2""",0.06
ACA188,"TORNILLO P/TABIQUE DRY WALL 6 X 1 1/4"" -",5.54
ACA189,"TORNILLO P/TABIQUE DRY WALL 6 X 1 1/2"" -",6.62
ACA190,TORNILLO P/TABIQUE DRY WALL - CAJA 100,5.54
ACA191,"TORNILLO BROCA 1 1/4"" P/FIBROCEMENTO-PLY",0.21
ACA192,TORNILLO BROCA P/FIBROCEM-PLYCEM 12 X 1 ,0.16
ACA193,MATERIALES PARA INSTALACION,2.18
ACA194,SEPARADOR DOBLE P/BLOQUE/LADRILLO VIDRIO,0.85
ACA195,"ESQUINERO PLASTICO RIGIDO 8' /2,44 MT",3.41
ACA196,"ESQUINERO PLASTICO RIGIDO 10' / 3,05 MT",3.87
ACA197,BOCA DE VISITA P/ DRY WALL 10 X 15 CM- B,8.81
ACA198,BOCA DE VISITA P/ DRY WALL 20 X 20 CM- B,13.22
ACA199,BOCA DE VISITA P/ DRY WALL 56 X 56 CM- B,49.09
ACA200,FULMINANTE P/PISTOLA DE FIJACION CAL 22,0.65
ACA201,LAMINA FIBROCEMENTO TIPO PLYCEM O SIM,2.39
ACA202,REVESTIMIENTO PARED/PISO CON CERAMICA DE,48.24
ACA203,REVESTIMIENTO PARED MORTERO BASE CAL ACA,15.4
ACA204,MASTIQUE NACIONAL (PASTA PROFESIONAL) 4 ,46.29
ACA205,PUERTA DE ALUMINIO,93.67
ACA206,LAMINA GALVANIZADA C/POLIRETANO EXPANDID,18.73
ACA207,"LAMINA GALV C/POLIRETANO EXPANDIDO E=1"" ",11.02
ACA208,TORNILLO P/TABIQUES DRY WALL CON EST. MA,0.11
ACA209,KIT P/ACABADO PARED DE MICROCEMENTO /6 M,132.23
ACA210,KIT PARA PISO DE MICROCEMENTO PARA 6 M2,143.23
ACA211,KIT PARA PISO DE MICROCEMENTO,23.89
ACA213,PERFIL OMEGA X3.05 M DRY WALL/PLYCEM CAL,8.81
ACA214,"PERFIL DE ACERO TIPO ""C"" P/PLYCEM CAL 24",8.81
ACA215,PERFIL OMEGA X3.05 M DRY WALL/PLYCEM CAL,12.13
ACA216,"PERFIL DE ACERO TIPO ""C"" P/PLYCEM CAL 20",4.41
ACA217,"LAMINA PVC P/PISO  3 MM 1,22X2,44M",44.07
ACA218,"LAMINA P/PISO  PVC 3 MM 1,22X2,44M COLOR",77.13
ACA220,LAMINA DE YESO P/CIELO RASO DE 4'  X  2',9.2
ACE000,"PELDAÑO ACERO GRILL GALV 1,2 X 0,265 M X",92.57
ACE001,"ALAMBRE DE PUAS GALVANIZADO C-16,5 P= 0.",0.25
ACE002,ALAMBRE* LISO GALVANIZADO CAL 18 PMVP,4.97
ACE003,ALAMBRE LISO GALVANIZADO CAL. 12,5.54
ACE004,MALLA ACERO SEN SEN RIPLEX P/FALSO FRISO,15.4
ACE005,ALAMBRE REDONDO GALVANIZADO P/ATAR Nº 6,0.74
ACE006,ALAMBRE ACERO TREFILADO STANDARD D= 5.2 ,4.86
ACE007,ALAMBRON ESTRIADO D=5.2 MM X 6M 1KG/PZA,3.87
ACE008,"ANGULO ACERO 100 X 100 X 8 MM 12,20 K/M",3.41
ACE009,ANGULOS Y PLANCHAS ACERO PARA ATRIL,13.22
ACE010,APOYOS PARA VIGAS DE ACERO IPN,3.28
ACE011,ARANDELA DE ACERO PARA FIJACION/ TORNILL,4.97
ACE012,BASE/ PLANCHA DE ACERO 40 X 50 CM E=2 CM,165.32
ACE013,"CABILLA*  D=3/4"" FY=4200 KGF/CM2  2,237 ",1.96
ACE014,"CABILLA*  D=5/8"" FY=4200 KGF/CM2   1.554",1.82
ACE015,"CABILLA*  D=7/8"" FY=4200 KGF/CM2  3.044 ",1.65
ACE016,"CABILLA D=5/8"" X 50 CMS C/PUNTA ROSCADA ",3.28
ACE017,"CABILLA ESTRIADA D=1/4"" FY=4200 KGF/CM2 ",1.97
ACE018,"CABILLA*  D=1"" FY=4200 KGF/CM2  3.997 K/",1.65
ACE019,"CABILLA*  D=3/8"" FY=4200 KGF/CM2 0,559 K",2.18
ACE020,ACERO PARA JUNTAS ESPECIALES EN PUENTES,3.41
ACE021,"CABILLA*  D=1/2"" FY=4200 KGF/CM2 0,994 K",1.86
ACE022,"CABILLA ESTRIADA D=3/8"" A 1"" FY=4200 KGF",2.44
ACE023,"MARCO* HIERRO P/PUERTA BISAG E=10 CM /1,",12.8
ACE024,"PERFIL DE ACERO IPE 220 - 26,2 KG/M",3.07
ACE025,"PERFIL DE ACERO IPE 240 - 30,7 KG/M",3.07
ACE026,CABILLA ESTRIADA N60 FY=4200K/CM2 #,2.07
ACE027,CABILLA ESTRIADA FY=4200 KGF/CM2 D= > 5/,2.18
ACE028,"CABILLA ESTRIADA D = < 1/2 "" FY=4200 KGF",1.97
ACE029,"PERFIL DE ACERO IPE 360 - 57,1 KG/M",3.07
ACE030,"TUBO DE ACERO-CARB CC SCH40 D=3"" E=5,49M",66.14
ACE031,"TUBO ACERO-CARB CC SCH40 D=2 1/2"" E=5,16",49.54
ACE032,"TUBO ACERO-CARBONO CC SCH 40 D=2"" E=3,91",39.67
ACE033,"CABILLA*  D=1 3/8"" FY=4200 KGF/CM2 - 7.9",1.82
ACE034,PERFIL PROPERCA VP 100 X 5.35 ESTANDARD,2.57
ACE035,"CABILLA / BARRA LISA D=1/2"" (0.9 KG/M)",2.18
ACE036,"CABILLA / BARRA LISA D=7/8"" (3.05 K/M)",2.18
ACE037,"MALLA ELECTROSOLDADA 1""X1""  C-16 H=0,9M ",8.81
ACE038,CESTA METALICA P/GAVIONES DE 1 X 1 X 1 M,34.15
ACE039,"CLAVO ROSCADO DE ACERO L=5/16""",0.42
ACE040,"CLAVOS ACERO L=4"" DE ACERO",4.86
ACE041,CLAVO ACERO DULCE C/CABEZA P/ENCOFRADO #,4.97
ACE042,CLAVO ACERO P/CERCA TIPO U (GRAPAS 5/6X1,6.62
ACE043,"CLAVOS ACERO L=1 1/2""  CAL 14",6.18
ACE044,CLAVOS ACERO PTA. PARIS CAL=10 CAJA 25 K,4.97
ACE045,DEFENSA DE ACERO LIVIANA ACERO A.G.,37.4
ACE046,"GUAYA-CABLE ACERO D= 3/8"" (9,53 MM) 0,36",5.21
ACE047,MARCO DE HIERRO FUNDIDO PESADO C/TAPA B.,404.97
ACE048,LAMINA/PLANCHA ACERO APOYO 15 X 15 CM E=,9.88
ACE049,LAMINA / PLANCHA DE ACERO,2.61
ACE050,LAMINA ACERO INOXIDABLE / 1.22 X 2.44 M ,1375.13
ACE051,PERNO DE ACERO CON ROSCA Y TUERCA,13.43
ACE052,LAMINA ESTRIADA DE ACERO,3.28
ACE053,PERFIL CONDUVEN ECO 220 X 220 X7MM 45.5 ,2.96
ACE054,LAMINA LOSACERO/SOFITO CAL18 H=76.2MM 13,37.93
ACE055,"LAMINA GALVANIZADA CAL 22 (E= 0,7 MM 5.9",27.56
ACE056,"LAMINA GALVANIZADA CAL 24 (E= 0,6 MM 4.8",22.14
ACE057,LAMINA ACERO GALVANIZADA CALIBRES 14 A 2,3.55
ACE058,"MALLA*  ACERO ELECTROSOLDADA 6""X6"" 1.33 ",2.39
ACE059,MALLA DE GALLINERO GALVANIZADO C-18,3.28
ACE060,RAMPLUG HILTI HDI CON ROSCA INTERIOR D=3,2.18
ACE061,"CLAVOS ACERO DULCE L= 2 1/2""",6.29
ACE062,"MALLA ACERO TRUCKSON ELECTROSOLD. 4""X4"" ",5.57
ACE063,"MALLA ACERO TRUCKSON ELECTROSOLD. 6""X6"" ",2.42
ACE064,MALLA GALVANIZADA P/CERCA CICLON CAL 12 ,14.22
ACE065,"RAMPLUG HILTI ROSCA INTERNA  1/2""",2.96
ACE066,"MARCO* HIERRO P/PUERTA BISAG E=15CM /1,2",15.4
ACE067,MARCO ENVOLV HIERRO P/PUERTA E=20 CM E=1,18.92
ACE068,MARCO DE HIERRO P/VENTANAS E=10 CM CAL 1,12.54
ACE069,MARCO DE HIERRO PARA REJAS,3.87
ACE070,MARCO ENVOLV HIERRO P/PUERTA E=10 CM E=1,12.33
ACE071,MATERIAL ESPECIAL PARA SOLDADURA,0.21
ACE072,PALILLO DE 15 KV CRUCETA HIERRO A.T.,9.88
ACE073,PERFIL CONDUVEN DE ACERO,3.01
ACE074,"PERFIL CONDUVEN 60 X 60 E=2,25 P=3,94 K/",2.96
ACE075,PERFIL DE ALUMINIO PRINCIPAL CIELO RASO ,5.08
ACE076,"CLAVO DE ACERO LISO L=2 1/2""",0.42
ACE092,PERFILES PARA VALLAS,5.54
ACE093,"PERNO DE ACERO P/ANCLAJE 1"" X 10"" (25,4 ",18.73
ACE094,"PERNO CON ROSCA CORRIDA 1"" X 24"" (60 CM)",51.11
ACE095,"PERNO DE ANCLAJE 3/4"" X 60 CMS",38.02
ACE096,"PERNO DE ACERO P/ ANCLAJE D=1""X 110",26.45
ACE097,"PERNO ROSCADO 3/8"" X 9""",2.51
ACE098,"PERNO ROSCADO DE 5/8"" X 9""",6.64
ACE099,PLANCHA DE ACERO E= 10 MM (LAMINA),2.71
ACE100,"PLANCHA DE ACERO E= 1/2 "" (LAMINA)",2.71
ACE101,PLANCHA DE ACERO E= 16 MM (LAMINA),2.71
ACE102,PLANCHA DE ACERO E= 20 MM (LAMINA),2.71
ACE103,PLANCHA DE ACERO E= 25 MM (LAMINA),2.71
ACE104,PLANCHA DE ACERO E= 30 MM (LAMINA),2.84
ACE105,PLANCHA DE ACERO E= 50 MM (LAMINA),2.71
ACE106,PLANCHA DE ACERO (LAMINA) 15X15 CM,5.54
ACE107,PLANCHA APOYO ACERO 150MM X150MM X 8MM,4.97
ACE108,"PLETINA DE HIERRO 1 1/2"" X 1/4"" L=6 M 11",42.89
ACE109,PLETINA DE HIERRO,2.84
ACE110,PLETINA DE ACERO PARA HERRERIA,2.72
ACE111,"REJILLA ACERO GRILL GALV. 1-1/2"" X 3/16""",3.72
ACE112,"TUBO ACERO CROMADO DE 1"" PARA CLOSET",3.28
ACE113,PLETINA DE HIERRO PARA SOPORTE E=5MM,15.4
ACE114,"PLETINA DE HIERRO 2"" X 1/4"" L=6 M 2,65 K",2.96
ACE115,PLETINA DE ACERO PARA ANCLAJE DE FUNDACI,2.18
ACE116,"PLETINA ACERO L=32""  A=1 1/4"" E=1/4"" CRU",12.13
ACE117,PLETINA/SOPORTE DE HIERRO P/INSTALACION,1.61
ACE118,REJA METALICA / HIERRO,3.28
ACE119,"CODO A234WPB 3"" X 90º STD ACERO CARBONO",49.54
ACE120,TAPA DE HIERRO,3.55
ACE121,"TORNILLO DE 3/8 "" X 1 1/2""",1.05
ACE122,TORNILLO DE MAQUINA,1.08
ACE123,"TORNILLO DE MAQUINA 3/8"" X 1 1/2""",1.08
ACE124,TORNILLOS,0.53
ACE125,"TUBO DE ACERO COST D=18""/450MM E=9.53MM ",441.52
ACE126,"TUBO DE ACERO COST D=24""/600MM E=9,53MM ",592.52
ACE127,"TUBO DE ACERO COST D=6""/150 MM E=7,11MM ",118.65
ACE128,"TUBO ACERO INOXIDABLE D=1 5/8""",26.5
ACE129,"TUBO CIRCULAR ACERO D=4"" E=1,9MM 4,67K/M",17.64
ACE130,"LAMINA ACERO INOXIDABLE / 1.22 X 2,44 M ",2074.47
ACE131,"TUBO GALVANIZADO D=1 1/4"" HG P/CERCA 0.8",6.09
ACE132,"TUBO DE HIERRO D=1 1/2"" PARA ATRIL",8.81
ACE133,TUERCA,0.58
ACE134,BASES METAL CROMADA P/TUBO DE CLOSET D=1,0.53
ACE135,"CODO A234WPB 2 1/2"" X 90º STD ACERO CARB",33.09
ACE136,LAMINA ACERO INOXIDABLE / 1.22 X 2.44 M ,2295.02
ACE137,"CODO A234WPB 2"" X 90º STD ACERO CARBONO",27.55
ACE138,MARCO Y TAPA DE HIERRO FUNDIDO PESADO B.,474.66
ACE139,"ALAMBRON ACERO ESTRIADO/LISO 4MMX6M 0,59",3.28
ACE140,"PLETINA DE HIERRO 1 1/2"" X 1/8"" L=6 MT 5",19.04
ACE141,PERRO-GRAPA P/AMARRE/CONEXION GUAYAS DE ,3.07
ACE142,FULMINANTE P/CLAVO ACERO (PISTOLA HILTI ,0.53
ACE143,"CLAVOS ACERO P/PISTOLA L=1"" HILTI O SIM",0.32
ACE144,"CODO A234WPB 1 1/2"" X 90º STD ACERO CARB",12.13
ACE145,"RAMPLUG HILTI HDI D = 3/8"" ROSCA INTERNA",2.51
ACE146,ALAMBRE DE PUAS GALVANIZADO C-14 P=0.071,0.37
ACE147,"GRAPAS ACERO CAL 1"" X 9"" VICSON O SIMILA",5.21
ACE148,PERFIL DE ACERO ESTRUCTURAL,2.72
ACE149,LAMINA ACERO INOXIDABLE / 1.22 X 2.44 M ,2751.07
ACE150,MALLA GALVANIZADA P/CERCA CICLON CAL 11 ,15.74
ACE151,ESTRUCTURA ACERO SOPORTANTE P/ TRANSFORM,1652.99
ACE152,"LAMINA GALVANIZADA CAL 16 (E=1,5 MM 12.2",56.47
ACE153,PERFIL ACERO IPN O SIMILAR,2.39
ACE154,"TUBO ACERO INOXIDABLE D=3/4"" E=2,11MM 1,",11.02
ACE155,LAMINA GALVANIZADA ACERAL CAL 24 PINTADA,38.88
ACE156,"RAMPLUG HILTI HDI D = 1/2"" ROSCA INTERNA",3.65
ACE157,"RAMPLUG HILTI HDI D = 1/4"" ROSCA INTERNA",1.86
ACE158,"PLETINA DE HIERRO 1 1/4"" X 1/4""  L=6 MT ",26.61
ACE159,TUBO DE ACERO CUADRADO 60 X 60 E=2.25MM ,3.01
ACE160,TUBO DE ACERO CUADRADO 70 X 70 X 2.25MM ,2.72
ACE161,TUBO DE ACERO CUADRADO 90 X 90 X 2.5 MM ,2.72
ACE162,TUBO DE ACERO CUADRADO 100 X 100 X 3 MM ,2.75
ACE163,TUBO DE ACERO CUADRADO 110 X110 X 3.4 MM,2.69
ACE164,TUBO DE ACERO CUADRADO 120 X 120 X 4 MM ,2.73
ACE165,TUBO DE ACERO CUADRADO 135 X135 X 4.3 MM,3.19
ACE166,TUBO DE ACERO CUADRADO 155 X 155 X 4.5 M,2.92
ACE167,TUBO DE ACERO CUADRADO 175 X 175 X 5.5 M,2.69
ACE168,TUBO DE ACERO RECTANG. 80 X 40 X 2.25 MM,3.63
ACE169,TUBO ACERO RECTANG CONDUVEN 100X40X2.25M,2.62
ACE170,TUBO DE ACERO RECTANG. 120 X 60 X 2.5 MM,2.69
ACE171,TUBO DE ACERO RECTANG. 140 X 60 X 3. MM ,2.98
ACE172,TUBO DE ACERO RECTANG. 160 X 65 X 3.4 MM,2.62
ACE173,TUBO DE ACERO RECTANG. 180 X 65 X 4 MM  ,3.22
ACE174,TUBO DE ACERO RECTANG. 200 X 70 X 4.3 MM,2.62
ACE175,TUBO DE ACERO RECTANG. 220 X 90 X 4.5 MM,2.62
ACE176,TUBO DE ACERO RECTANG. 260 X 90 X 5.5 MM,2.62
ACE177,"PERFIL ACERO IPN AE-25 80MM (6,1 KG/M)",2.39
ACE178,PERFIL ACERO IPN AE-25 100MM,2.39
ACE179,PERFIL ACERO IPN DIN17100 120MM,2.55
ACE180,PERFIL ACERO IPN DIN17100 140MM,2.39
ACE181,"PERFIL ACERO IPN DIN17100, 160MM",2.39
ACE182,"PERFIL ACERO IPN DIN17100, 180MM",3.28
ACE183,PERFIL ACERO IPN DIN17100 200 MM,3.65
ACE184,"PERFIL ACERO IPN DIN17100, 240MM",2.39
ACE185,PERFIL ACERO IPN DIN17100 300 MM,2.55
ACE186,"PERFIL ACERO UPAM A36 152,4 X 47,6MM",3.26
ACE187,"PERFIL ACERO UPEL 10 (CM) 8,20 KG/M",2.72
ACE188,PERFIL ACERO UPAM A36 127 X 44MM,3.26
ACE189,"PERFIL ACERO UPAM A36 152,4 X 47,6MM",3.26
ACE190,"PERFIL ACERO UPAM A36 177,8 X 54MM",3.26
ACE191,"PERFIL ACERO UPAM A36 203,4 X 57,2MM",3.25
ACE192,"PERFIL ACERO UPAM A36  254 X 66,7MM",3.28
ACE193,"PERFIL ACERO UPAM A36 304,8 X 76,20MM 30",3.26
ACE194,LAMINA DE ACERO A36-5.00 X 1200 X 2400MM,2.96
ACE195,"LAMINA DE ACERO A36-6,00 X 1000 X 2000MM",2.72
ACE196,"LAMINA DE ACERO A36-6,00 X 1200 X 2400MM",2.84
ACE197,"LAMINA DE ACERO A36-8,00 X 1200 X 2400MM",2.84
ACE198,"LAMINA DE ACERO A36-10,00 X 1000 X 2000M",2.84
ACE199,"LAMINA DE ACERO A36-10,00 X 1200 X 2400M",2.84
ACE200,"LAMINA DE ACERO A36-13,00 X 1200 X 2400M",2.84
ACE201,"LAMINA DE ACERO A36-16,00 X 1200 X 2400M",3.02
ACE202,"LAMINA DE ACERO A36-19,00 X 1200 X 2400M",2.84
ACE203,"LAMINA DE ACERO A36-25,00 X 12000 X 2400",2.84
ACE204,"LAMINA DE ACERO A36-31,00 X 6000 X 2400M",2.84
ACE205,"LAMINA DE ACERO A36-38,00 X 1200 X 2400M",2.84
ACE206,"LAMINA DE ACERO A36-50,00 X 6000 X 2400 ",2.84
ACE207,"LAMINA ESTRIADA DE ACERO 3 MM X 1 X 2,4 ",3.65
ACE208,"LAMINA ESTRIADA DE ACERO E=4.1 MM P=32,1",3.65
ACE209,"LAMINA ESTRIADA DE ACERO 6MM 1,20X2,40 5",3.67
ACE210,"ANGULO HERRERIA 20 X 20 X 3MM 0,879 K/M",3.28
ACE211,"ANGULO HERRERIA 25 X 25 X 3MM 1,110 K/M",3.81
ACE212,"ANGULO HERRERIA 30 X 30 X 3MM 1,360 K/M",3.17
ACE213,"ANGULO HERRERIA 35 X 35 X 4MM 2,090 K/M",3.17
ACE214,"ANGULO HERRERIA 35 X 35 X 6MM 3,040 K/M",3.17
ACE215,"ANGULO HERRERIA 40 X 40 X 4MM 2,420 K/M",3.67
ACE216,"ANGULO HERRERIA 40 X 40 X 6MM 3,520 K/M",3.97
ACE217,"ANGULO ACERO 50 X 50 X 4MM 3,06 K/M",3.28
ACE218,"ANGULO ACERO 50 X 50 X 5MM 3,77 K/M",3.89
ACE219,ANGULO ACERO 50 X 50 X 7MM 5.15 K/M,3.38
ACE220,ANGULO ACERO 65 X 65 X 5MM 4.99 K/M,3.55
ACE221,ANGULO ACERO 65 X 65 X 6MM 5.91 K/M,3.28
ACE222,ANGULO ACERO 65 X 65 X 7MM 6.83 K/M,3.28
ACE223,ANGULO ACERO 75 X 75 X 7MM 7.94 K/M,3.28
ACE224,"ANGULO ACERO 75 X 75 X 8MM 9,0 K/M",4.63
ACE225,ANGULO ACERO 90 X 90 X 7MM 9.61 K/M,3.28
ACE226,ANGULO ACERO 100 X 100 X 8MM 12.2 K/M,3.28
ACE227,ANGULO ACERO 100 X 100 X 10MM 15.0 K/M,4.63
ACE228,ANGULO ACERO 120 X 120 X 12MM 21.60 K/M,3.28
ACE229,"CODO A234WPB 1"" X 90º STD ACERO CARBONO",9.88
ACE230,"TUBO DE ACERO COST D=36""/900MM E=9,53MM ",892.46
ACE231,MALLA GALVANIZADA P/CERCA CICLON CAL 9  ,26.63
ACE232,CESTA PARA GAVIONES 2 X 1 X 1 A.G.,44.07
ACE233,"BARRAS EN ACERO INOXIDABLE 3/4"" PESO:2.2",13.22
ACE234,"LAMINA LOSACERO CAL 26 M E=0,45MM 4.79 K",16.77
ACE235,"LAMINA LOSACERO CAL 24 ANCHO UTIL 85,5 C",24.67
ACE236,LAMINA LOSACERO CAL 22  ALTURA=76.2 MM  ,33.08
ACE237,"LAMINA LOSACERO CAL 20 ANCHO UTIL 85,2CM",33.04
ACE238,"TUBO DE ACERO COST D=30""/750MM E=12,7MM ",985.28
ACE239,"TUBO ACERO INOXIDABLE D=1"" E=2,77MM 2,09",23.12
ACE240,"SEPARADOR DE CABILLA P/PANTALLA 1/2"" X 5",0.33
ACE241,"SEPARADOR CABILLA 1/2""-3/8"" X 75 MM P/ V",0.53
ACE242,"SEPARADOR P/CABILLA VACIADO LOSA 1/4"" X ",0.34
ACE243,"TUBO ACERO INOXIDABLE D=1"" E=2,77MM 2,09",22.79
ACE244,"TUBO ACERO INOXIDABLE D=1 1/4"" E=2,77MM ",19.29
ACE245,"DEFENSA ACERO CURVA FLEX BEAM C-12 L=3,8",159.53
ACE246,POSTE C 165 X 110 P/DEFENSA FLEX BEAM AC,94.77
ACE247,POSTE C 165 X 110 P/DEFENSA FLEX BEAM AC,55.77
ACE248,POSTE C 100 X 50 P/DEFENSA FLEX BEAM ACE,78.25
ACE249,POSTE C 100 X 50 P/DEFENSA FLEX BEAM ACE,46.06
ACE250,"TUBO DE ACERO COST D=26""/650MM E=9,53MM ",641.83
ACE251,"GALVATEJA L=1,06 X A=1M C-27 CLIMATIZADA",20.91
ACE252,GALVATEJA L=2 X A=1M C-27 CLIMATIZADA,38.58
ACE253,"GALVATEJA L=3,83 X A=1M C-27 CLIMATIZADA",73.85
ACE254,"GALVATEJA L=5,67 X A=1M C-27 CLIMATIZADA",109.09
ACE255,"GALVATEJA L=7,05 X A=1M C-27 CLIMATIZADA",135.53
ACE256,"PERNO ACERO C/TUERCA 5/8"" X 1 ¼""  P/FLEX",2.28
ACE257,"PERNO ACERO C/TUERCA 5/8"" X 8""  P/FLEX B",8.81
ACE258,ALAMBRE DE PUAS GALVANIZADO C-13 P=0.089,0.35
ACE259,"PLETINA DE HIERRO 1"" X 1/8 X L=6 M 3,8 K",15.46
ACE260,LAMINA H.N. E=10.0 MM,3.25
ACE261,LAMINA H.N. E=16.0 MM,2.96
ACE262,LAMINA H.N. E=25 MM,2.96
ACE263,"ALCANTARILLA MET. GALV. D=1,50 M CAL-8 M",1065.55
ACE264,ALCANTARILLA MET. ACERO GALV. ARMCO TIPO,4.57
ACE265,ALCANTARILLA MET. ACERO GALV. ARMCO TIPO,4.81
ACE266,"ALCANTARILLA MET. GALV. D=1,50 M CAL 10 ",946.65
ACE267,"ALCANTARILLA MET. GALV. D=1,50 M CAL 12 ",727.16
ACE268,"ALCANTARILLA MET. GALV. D=1,66 M CAL 12 ",818.61
ACE269,"ALCANTARILLA MET. GALV. D=1,66 M CAL 10 ",1065.55
ACE270,"ALCANTARILLA MET. GALV. D=1,66 M CAL-8 M",1202.77
ACE271,"ALCANTARILLA MET. GALV. D=1,97 M CAL-8 M",1390.29
ACE272,"ALCANTARILLA MET. GALV. D=1,97 M CAL 10 ",1230.2
ACE273,"ALCANTARILLA MET. GALV. D=1,97 M CAL 12 ",946.65
ACE274,PERFIL RESIDENCIAL,0.32
ACE275,PERFIL RESIDENCIAL COLOR,0.32
ACE276,PERFIL PROPERCA VP 120 X 9.70 ESTANDARD,2.57
ACE277,PERFIL PROPERCA VP 140 X 12.4 ESTANDARD,2.57
ACE278,PERFIL PROPERCA VP 160 X 16.4 ESTANDARD,2.57
ACE279,PERFIL PROPERCA VP 180 X 17.7 ESTANDARD,2.57
ACE280,PERFIL PROPERCA VP 200 X 24.1 ESTANDARD,2.57
ACE281,PERFIL PROPERCA VP 250 X 29.4 ESTANDARD,2.57
ACE282,PERFIL PROPERCA VP 300 X 41.3 ESTANDARD,2.57
ACE283,PERFIL PROPERCA VP 350 X 48.3 ESTANDARD,2.57
ACE284,PERFIL PROPERCA VP 400 X 55.4 ESTANDARD,2.57
ACE285,PERFIL PROPERCA VP 420 X 65.7 ESTANDARD,2.57
ACE286,PERFIL PROPERCA CP 140 X 25.5 SERIE ESTA,2.8
ACE287,PERFIL PROPERCA CP 160 X 29.3 SERIE ESTA,2.8
ACE288,PERFIL PROPERCA CP 180 X 33.1SERIE ESTAN,2.8
ACE289,PERFIL PROPERCA CP 200 X 50.1 SERIE ESTA,2.8
ACE290,PERFIL PROPERCA CP 220 X 55.3 SERIE ESTA,2.96
ACE291,PERFIL PROPERCA CP 240 X 60.4 SERIE ESTA,2.84
ACE292,PERFIL PROPERCA CP 260 X 65.7 SERIE ESTA,2.8
ACE293,"PERFIL CONDUVEN ECO 80 X 40 E=2,25MM P=3",3.41
ACE294,"PERFIL CONDUVEN ECO 100 X 40 E=2,25MM 4,",2.96
ACE295,"PERFIL CONDUVEN ECO 120 X 60 E=2,5MM 6,7",2.96
ACE296,"PERFIL CONDUVEN ECO 140 X 60 E=3MM P=8,8",3.08
ACE297,"PERFIL CONDUVEN ECO 160 X 65 E=3,4 P=11,",2.96
ACE298,"PERFIL CONDUVEN ECO 180 X 65 E=4MM P=14,",3.28
ACE299,"PERFIL CONDUVEN ECO 200 X 70 E=4,3MM P=1",2.96
ACE300,"PERFIL CONDUVEN ECO 220 X 90 E=4,5MM P=2",2.96
ACE301,"PERFIL CONDUVEN ECO 260 X 90 E=5,5MM P=2",2.96
ACE302,"PERFIL CONDUVEN ECO 300 X 100 E=5,5MM P=",2.96
ACE303,"PERFIL CONDUVEN ECO 320 X 120 E=7MM 45,5",2.96
ACE304,PERFIL CONDUVEN ECO 350 X 170 E=9MM P=68,2.96
ACE305,"ALCANTARILLA MET GALV D=3,99M C-12 MP152",1893.35
ACE306,"ALCANTARILLA MET GALV D=3,99M C-10 MP152",2465.01
ACE307,"ALCANTARILLA MET GALV D=3,99M C-8 MP152 ",2780.55
ACE308,"ALCANTARILLA MET GALV D=6,00 M E=5MM MP1",5126.62
ACE309,LAMINA LISA GALVANIZADA CALIBRE 24 TAMAÑ,37.44
ACE310,LAMINA LISA CALIBRE 22 GALVANIZADA 2 X 1,55.52
ACE311,LAMINA LISA GALVANIZADA CALIBRE 20 TAMAÑ,65.52
ACE312,PERFIL DE ACERO LAMINADO IMPORTADO\,2.84
ACE313,LAMINA LISA GALVANIZADA CALIBRE 16 TAMAÑ,91.61
ACE314,"TUBO ACERO INOXIDABLE D=2"" 4,04 KG/M E=2",49.54
ACE315,LAMINA LISA GALVANIZADA CALIBRE 14 TAMAÑ,170.56
ACE316,PERNO ESTRUCTURAL,4.39
ACE317,ARRIOSTRAMIENTO PROVISIONAL ACERO NO REC,2.07
ACE318,PLANCHA DE ACERO ESTRUCTURAL (LAMINA),2.72
ACE319,LAMINA ALUMINIO ACANALADA 0.3 MM ACAB.ST,11.77
ACE320,LAMINA ALUMINIO ACANALADA 0.4 MM ACAB.ST,15.96
ACE321,LAMINA ALUMINIO ACANALADA 0.6 MM ACAB.ST,23.61
ACE322,REJILLA DE ACERO,3.72
ACE323,REJILLA ACERO GRILL-GRATING PLETINA DENT,3.72
ACE324,LAMINA LOSACERO / SOFITO METALICO,3.87
ACE325,PERNOS DE ANCLAJE DE ACERO A325,13.64
ACE326,PERNOS DE ANCLAJE DE ACERO A307,13.32
ACE327,PERNOS DE ANCLAJE DE ACERO A490,12.69
ACE328,"LAMINA DE ALUMINIO 0.5 MM ACAB. LISO 1,3",25.23
ESP108,MECATE DE NYLON,17.46
ACE329,LAMINA DE ALUMINIO 0.6 MM ACAB. LISO 1.6,30.27
ACE330,"LAMINA DE ALUMINIO 0.7 MM ACAB. LISO 1,8",35.29
ACE331,LAMINA DE ALUMINIO 0.8 MM ACAB. LISO 2.1,40.38
ACE332,LAMINA DE ALUMINIO 1.0 MM ACAB. LISO 2.7,46.3
ACE333,PERNOS DE ACERO A307,12.13
ACE334,LAMINA DE ALUMINIO 1.3 MM ACAB. LISO 3.5,66.18
ACE335,LAMINA DE ALUMINIO 1.6 MM ACAB. LISO 4.3,81.31
ACE336,LAMINA DE ALUMINIO 1.8 MM ACAB. LISO 4.8,89.72
ACE337,LAMINA DE ALUMINIO 2.0 MM ACAB. LISO 5.4,101.3
ACE338,LAMINA DE ALUMINIO 2.6 MM ACAB. LISO 7.0,131.76
ACE339,LAMINA DE ALUMINIO 3.0 MM ACAB. LISO 8.1,148.43
ACE340,PERNOS DE ACERO A325,12.13
ACE341,LAMINA DE ALUMINIO 4.0 MM ACAB. LISO 10.,197.97
ACE342,LAMINA DE ALUMINIO 6.0 MM ACAB. LISO 16.,296.9
ACE343,PERNOS DE ACERO A490,13.01
ACE344,"CESTA P/GAVIONES 2 X 1 X 1 M VICSON A,G,",60.63
ACE345,CESTA P/GAVIONES 2 X 1 X 1M VICSON PLAST,77.13
ACE346,PERFIL ACERO PROPERCA VP / CP O SIMILAR,2.8
ACE347,LAMINA GALVANIZADA ACERAL CAL 30 AT=80CM,12.99
ACE348,"LAMINA GALVANIZADA ACERAL CAL 20 AT=86,5",44
ACE349,"LAMINA GALVANIZADA ACERAL CAL 24 AT=86,5",27.03
ACE350,LAMINA GALVANIZADA ACERAL CAL 28 AT=80CM,14.48
ACE351,"LAMINA LISA GALVANIZADA CALIBRE 24 / 2,4",56.94
ACE352,"LAMINA LISA GALVANIZADA CALIBRE 22 / 2,4",66.1
ACE353,"LAMINA LISA GALVANIZADA CAL20 1,2X2,44 M",81.27
ACE354,"LAMINA LISA GALVANIZADA CAL18 1,2X2,44 M",106.71
ACE355,"LAMINA LISA GALVANIZADA CALIBRE 16 / 2,4",125.43
ACE356,"LAMINA LISA GALVANIZADA CALIBRE 14 / 2,4",169.3
ACE357,"LAMINA GALVANIZADA ACERAL CAL 26 AT=86,5",19.17
ACE358,"LAMINA LISA ACERO GALV. 2,4 X1,2M CAL 22",60.67
ACE359,"LAMINA GALVANIZADA ACERAL CAL 22 AT=86,5",33.04
ACE360,"TUBO ACERO INOXIDABLE D=1 1/2"" E=2,77MM ",33.45
ACE361,"LAMINA GALVANIZADA ACERAL CAL 18 AT=86,5",53.07
ACE362,"PERNO Y TUERCA ESTRUCTURAL A-325 D=1/2"" ",2.18
ACE363,"PERNO Y TUERCA ESTRUCTURAL A-325 5/8"" L=",3.28
ACE364,"PERNO Y TUERCA ESTRUCTURAL A-325 D=3/4""X",7.37
ACE365,"PERNO Y TUERCA ESTRUCTURAL A-325 D=7/8""X",6.41
ACE366,"TUBO ACERO-CARBONO CC SCH40 D=6"" E=7,11M",138.85
ACE367,"TUBO DE ACERO RECTAN 4"" X 2"" L=6M 2MM 4,",78.2
ACE368,"TUBO DE ACERO RECTAN 2""X1"" L=6M 2 MM 2,2",44.84
ACE369,"TUBO DE ACERO RECTANG 2""X1"" L=6M 1.4MM 1",26.45
ACE370,"PERNO ANCLAJE ACERO D=1"" X 15"" (38 CM)",27.55
ACE371,CRUCETA HIERRO DE L=1.60 MT PARA REFLECT,55.1
ACE372,"BARRAS EN ACERO INOXIDABLE 1 1/4"", PESO:",15.83
ACE373,"BARRAS EN ACERO INOXIDABLE 2"" PESO:16 KG",179.09
ACE374,"BARRAS EN ACERO INOXIDABLE 2 1/2"" PESO:2",13.22
ACE375,"BARRAS EN ACERO INOXIDABLE 3"" PESO:36 KG",14.85
ACE376,"BARRAS EN ACERO INOXIDABLE 5/8"" PESO:1.5",16.9
ACE377,"PERFIL CONDUVEN ECO 60 X 60 E=2,25MM P=3",2.96
ACE378,PERFIL CONDUVEN ECO 70 X 70 X 2.25 MM 4.,2.96
ACE379,PERFIL CONDUVEN ECO 90 X 90 E=2.5 MM 6.7,2.96
ACE380,"PERFIL CONDUVEN ECO 100 X 100 X 3 MM 8,8",2.96
ACE381,PERFIL CONDUVEN ECO 110 X 110 X 3.4 MM 1,2.96
ACE382,PERFIL CONDUVEN ECO 120 X 120 X 4MM 14.1,2.96
ACE383,PERFIL CONDUVEN ECO 135 X 135 X4.3 MM 17,2.96
ACE384,"PERFIL CONDUVEN ECO 155 X 155 X 4,5 MM 2",2.96
ACE385,"PERFIL CONDUVEN ECO 175 X 175 E=5.5 28,4",2.96
ACE386,"PERFIL CONDUVEN ECO 200 X 200 X5,5 MM 32",2.96
ACE387,PERFIL CONDUVEN ECO 220 X 220 X 9MM 57.4,2.96
ACE388,"TEE 2 1/2"" P/TUBERIA ACERO AL CARBONO",36.34
ACE389,PERFIL PROPERCA VP 120 X 18.9 (SERIE PET,2.57
ACE390,PERFIL PROPERCA VP 140 X 19.9 (SERIE PET,2.57
ACE391,PERFIL PROPERCA VP 160 X 20.8 (SERIE PET,2.57
ACE392,PERFIL PROPERCA VP 180 X 21.8 (SERIE PET,2.57
ACE393,PERFIL PROPERCA VP 200 X 26.2 (SERIE PET,2.57
ACE394,PERFIL PROPERCA VP 200 X 36.0 (SERIE PET,2.57
ACE395,PERFIL PROPERCA VP 240 X 32.8 (SERIE PET,2.57
ACE396,PERFIL PROPERCA VP 240 X 37.8 (SERIE PET,2.57
ACE397,PERFIL PROPERCA VP 250 X 38.9 (SERIE PET,2.57
ACE398,PERFIL PROPERCA VP 250 X 44.2 (SERIE PET,2.57
ACE399,PERFIL PROPERCA VP 300 X 47.8 (SERIE PET,2.57
ACE400,PERFIL PROPERCA VP 350 X 56.0 (SERIE PET,2.57
ACE401,PERFIL PROPERCA VP 400 X 64.2 (SERIE PET,2.57
ACE402,PERFIL PROPERCA CP 160 X 39.8 (SERIE PET,2.8
ACE403,PERFIL PROPERCA CP 180 X 44.9 (SERIE PET,2.8
ACE404,"PERNO Y TUERCA ESTRUCTURAL A-325 D=1"" X ",8.81
ACE405,"TUBO EMT D= 4"" ACERO GALVANIZADO L= 3 MT",99.1
ACE406,MARCO Y TAPA DE HIERRO HF CUADRADA INOS,88.17
ACE407,"TEE 2"" P/TUBERIA ACERO AL CARBONO",28.62
ACE408,MARCO Y TAPA DE HIERRO FUNDIDO PESADO B.,409.84
ACE409,"CABILLA / BARRA LISA D=1"" (3.9 K/M)",2.18
ACE410,"CABILLA*  D=1/4"" LISA FY=4200KGF/CM2 0,2",1.75
ACE411,"CABILLA / BARRA LISA D=3/4"" (2.4 K/M)",2.18
ACE412,"CABILLA / BARRA LISA D=5/8"" (1.5 K/M)",2.42
ACE413,"PERFIL ACERO UPN 200 (25,3 KG/M)",2.51
ACE414,"PLETINA DE HIERRO 1"" X 3/16"" L=6 M 5,7 K",17.6
ACE430,"PERFIL/TUBO CIRCULAR ACERO 3 1/2"" X2.25 ",4.21
ACE431,"PERFIL/TUBO CIRCULAR ACERO 4 1/2"" X 2.5 ",4.08
ACE432,"PERFIL CONDUVEN ECO 320 X 120 E=7MM 45,5",2.96
MZ0334,PAILA DE GRASA,199.47
ACE433,"PERFIL CIRCULAR ACERO 6 5/8"" X 4.3MM 17.",2.96
ACE434,"PERFIL CIRCULAR ACERO 7 5/8"" X 4.5MM  20",2.96
ACE435,"PERFIL CIRCULAR ACERO 8 5/8"" X 5.5 MM  2",2.96
ACE436,"PERFIL CIRCULAR ACERO 9 5/8"" X 5.5 MM 32",2.96
ACE437,"PERNO/RAMPLUG HILTI D= 1"" QB QUIMICO",33.09
ACE438,"PERFIL CIRCULAR ACERO 10 3/4"" X 7 MM 45.",2.96
ACE439,"PERFIL CIRCULAR ACERO 10 3/4"" X 9 MM 58.",2.96
ACE440,"PERFIL CIRCULAR ACERO 12 3/4"" X 9 MM 69.",2.96
ACE441,"PERFIL CIRCULAR ACERO 12 3/4"" X 11 MM 84",2.96
ACE442,ACERO ESTRUCTURAL /BARRAS/CABLLAS,1.61
ACE443,PERFIL ESTRUCTURAL DE ACERO,2.34
ACE444,"PERFIL ACERO IPN 8 (6,10 KG/M)",2.72
ACE445,"TEE 1 1/2"" P/TUBERIA ACERO AL CARBONO",24.26
ACE446,PERNO PARA GUAYA D=95 MM,2.39
ACE447,"GRAPA-PERRO DE ACERO PARA GUAYA 0,11 KG/",2.96
ACE448,"CASQUILLO PARA GUAYA ACERO 3/8-1/2""",2.18
ACE449,MARCO Y TAPA HIERRO DE FUNDIDO HF,307.8
ACE450,"TUBO DE ACERO COST D=16""/400MM E=9,53MM ",391.61
ACE451,"CLAVO DE ACERO NEGRO LISO 1""",0.39
ACE452,VIGA/PERFIL ACERO UPE 160MMX12 M,2.72
ACE453,VIGA/PERFIL ACERO UPE 200MMX12 M,2.72
ACE454,LAMINA DE ACERO A36 6 X 2400 X 1200 MM,2.84
ACE455,MALLA GALVANIZADA P/CERCA CICLON CAL 10 ,18.74
ACE456,LAMINA DE ACERO A36 10 X 2400 X 1200 MM,2.84
ACE457,LAMINA DE ACERO A36-13 X 2400 X 1200 MM,2.84
ACE458,LAMINA DE ACERO A36 19 X 2400 X 1200 MM,2.84
ACE459,"PERNO ESTRUCTURAL CON TUERCA A-325 3/4""X",8.9
ACE460,"PERNO ESTRUCTURAL CON TUERCA A-325 3/4""X",4.97
ACE461,"TEE 1"" P/TUBERIA ACERO AL CARBONO",19.84
ACE462,"REDUCCION A234WPB 4"" X 3"" STD ACERO CARB",38.58
ACE463,"REDUCCION A234WPB 3"" X 2 1/2"" STD ACERO ",27.55
ACE464,"REDUCCION A234WPB 2 1/2"" X 2"" STD ACERO ",18.73
ACE465,"REDUCCION A234WPB 2"" X 1 1/2"" STD ACERO ",16.5
ACE466,"REDUCCION A234WPB 1 1/2"" X 1"" STD ACERO ",5.54
ACE467,"UNION D= 2 1/2"" TUBERIA HG 150 LBS",24.79
ACE468,"UNION D= 2"" TUBERIA HG 150 LBS",17.64
ACE469,"UNION D= 1 1/2"" TUBERIA HG 150 LBS",12.8
ACE470,CARTELA DE ACERO PARA UNION DE COLUMNA Y,4.41
ACE471,CONECTORES DE CORTE (DE ACERO),1.48
ACE472,ENERGIA/VARIOS %  TALLER MONTAJE EST. ME,1.08
ACE473,"CLAVOS DE ACERO 4""",6.07
ACE474,"MECHA DE D=1"" DE ALTA RESISTENCIA",49.54
ACE475,ARANDELA ESTRUCTURAL PARA PERNOS,0.8
ACE476,"BARRA ACERO REDONDA 3/4"" (19MM- 2,47 K/M",2.39
ACE477,TUBO DE ACERO CUADRADO 120 X120 X 4 MM 1,2.73
ACE478,LAMINA H.N. E=8.0 MM 1X2 M (128.00 KG/PI,3.5
ACE479,LAMINA H.N. E=20.0 MM,2.99
ACE480,LAMINA H.N. E=12.0 MM 1X2 M (192.00 KG/P,2.99
ACE481,PERFIL CONDUVEN ACERO RECTANG 140X60X 3M,2.96
ACE482,PERFIL ACERO SIDOR IPS-120 MM X 12M 133.,2.34
ACE483,"UNION UNIVERSAL D= 1"" TUBERIA HG 150 LBS",18.09
ACE484,MATERIALES P/SUMINISTRO Y COLOC. ESTRUCT,1.08
ACE485,MATERIAL P/MONTAJE COLUMNA/VIGA/CERCHA A,0.21
ACE486,COSTO ADICIONAL TRANSPORTE &M1,10.38
ACE487,MARCO Y TAPA HIERRO FUNDIDO HF C/BISAGRA,191.76
ACE488,BARRA ACERO REDONDA,2.04
ACE489,"ALAMBRON ESTRIADO/LISO 4.5 MM X 6M X 0,7",3.28
ACE490,"MALLA ELECTROSOLDADA 1""X1""  C-14 H=0,9M ",5.54
ACE491,"ALCANTARILLA MET. GALV. D= 24"" (60 CM) C",233.23
ACE492,"ALCANTARILLA MET. GALV. D= 24"" (60 CM) C",192.09
ACE493,PLANCHA DE ACERO DE REFUERZO Y SISTEMA B,7.69
ACE494,PASADOR LISO DE ACERO P/JUNTA PAVIMENTO ,6.62
ACE495,MARCO METALICO / HIERRO PARA TAPAS,3.28
ACE496,"ALAMBRON ESTRIADO/LISO 5 MM X 6M X 0,924",3.28
ACE497,ALAMBRON ESTRIADO/LISO 5.5 MM X 6M X 1.1,4.08
ACE498,"CABILLA D=5/8"" FY=4200 KGF/CM2  1.554 K/",1.82
ACE499,"CABILLA D=7/8"" FY=4200 KGF/CM2  3.997 K/",1.65
ACE500,"CABILLA S40 BAJA RESISTENCIA D=1/2"" L=6M",8.3
ACE501,PERFIL CONDUVEN DE ACERO NACIONAL,3.07
ACE502,"CABILLA S40 BAJA RESISTENCIA D=1/4""  L=6",3.75
ACE503,"TORNILLO P/TABIQUES DRY WALL 7 X 7/16"" -",3.76
ACE504,BARRA ACERO UNION CORRUGADA JUNTA PAV. C,1.48
ACE505,"PERFIL ACERO UPN 260 (37,9 KG/M)",3.28
ACE506,"TORNILLO P/TABIQUES DRY WALL 6 X 1"" -CAJ",3.28
ACE507,"ALCANTARILLA MET. GALV. D= 48"" CAL-8 MP6",690.56
ACE508,"ALCANTARILLA MET. GALV. D= 42"" CAL-8 MP6",654
ACE509,"ALCANTARILLA MET. GALV. D= 48"" CAL 10 MP",608.23
ACE510,"CABILLA S40 BAJA RESISTENCIA D=3/8"" L=6 ",6.63
ACE511,MALLA GALVANIZADA P/CERCA CICLON CAL 10,10.43
ACE512,"ALCANTARILLA MET. GALV. D= 60 "" 1,5 M CA",562.53
ACE513,"ALCANTARILLA MET. GALV. D= 84"" CAL-8 MP6",1221.07
ACE514,"ALCANTARILLA MET. GALV. D=60"" (1,50 M) C",873.51
ACE515,"TUBO DE ACERO COST D=20""/500MM E=6.35MM ",329.8
ACE516,"TUBO DE ACERO COST D=20""/500MM E=5.54MM ",266.7
ACE517,"TORNILLO NRO. 10 X 1 1/4""",0.11
ACE518,CABILLA ESTRIADA FY=2800 KGF/CM2 N40 #,1.97
ACE519,LAMINA ALUMINIO ACANALADA 0.5 MM ACAB.ST,19.19
ACE520,"ALCANTARILLA MET. GALV. D= 78"" (2,0 M) C",1166.18
ACE521,"ALCANTARILLA MET. ABOV 5-N L=1.07M F=0,6",338.4
ACE522,"ALCANTARILLA MET. ABOV 8-N L= 1.52M F=0,",644.83
ACE523,FULMINANTE P/PISTOLA DE FIJACION CAL 27,0.42
MZ0335,KILO DE GRASA,99.36
ACE524,TUBO DE ACERO CUADRADO 120X120MM E=4MM 1,2.69
ACE525,"PLETINA DE HIERRO 3/4"" X 3/16"" L= 6 M 4,",13.17
ACE526,ESTRUCTURAS PROV. DE ACERO P/PUENTES (AL,1.48
ACE527,"PERNO ESTRUCTURAL A-325 C/TUERCA 5/8""X4""",5.53
ACE528,"TUBO DE ACERO RECTANG. 80X40MM E=2,25MM ",3.28
ACE529,TUBO DE ACERO CUADRADO 220 X 220 X 9 MM ,2.72
ACE530,"TUBO ACERO CIRCULAR ECO D=5"" E= 3 MM 9,1",2.39
ACE531,"TUBO ACERO CIRCULAR ECO D=5 1/2"" E= 3,4M",2.39
ACE532,"TUBO ACERO CIRCULAR ECO D=6"" E= 4MM 14,6",2.39
ACE533,"TUBO ACERO CIRCULAR ECO D=6 5/8"" E= 4,3M",2.39
ACE534,"TUBO ACERO CIRCULAR ECO D=7 5/8"" E= 4,5M",2.39
ACE535,"TUBO ACERO CIRCULAR ECO D=8 5/8"" E= 5,5M",2.39
ACE536,"TUBO ACERO CIRCULAR ECO D=9 5/8"" E=5,5MM",2.39
ACE537,"TUBO ACERO CIRCULAR ECO D=9 5/8"" E=7 MM ",2.39
ACE538,"TUBO ACERO CIRCULAR ECO D=10 3/4"" E=7 MM",2.39
ACE539,"TUBO ACERO CIRCULAR ECO D=10 3/4"" E=9 MM",2.39
ACE540,"TUBO ACERO CIRCULAR ECO D=12 3/4"" E=9 MM",2.39
ACE541,"TUBO ACERO CIRCULAR ECO D=12 3/4"" E=11 M",2.39
ACE542,"PERNO/RAMPLUG HILTI D= 5/8""  HASTA L=6""",16.5
ACE543,LAMINA/PLANCHA ACERO P/APOYO 20 X 20 CM ,11.02
ACE544,"PERFIL CONDUVEN ECO 200 X 200 X7 MM 41,1",2.96
ACE545,PERFIL CONDUVEN ECO 300 X 100 E=7MM P=41,2.96
ACE546,"PERFIL CONDUVEN ECO 320 X 120 E=9MM 57,4",2.96
ACE547,PERFIL ACERO UPN 180 (22 KG/M),2.81
ACE548,"PERFIL ACERO UPN 220 (29,4 KG/M)",2.51
ACE549,"PERFIL ACERO UPN 240 (33,2 KG/M)",2.84
ACE550,"PERFIL ACERO UPN 280 (41,80 KG/M)",2.51
ACE551,"PERFIL ACERO UPN 320 (59,5 KG/M)",2.51
ACE552,"PERFIL ACERO UPN 350 (60,6 KG/M)",2.51
ACE553,"PERFIL ACERO UPN 380 (63,1 KG/M)",2.51
ACE554,"PERFIL ACERO UPN 400 (71,8 KG/M)",2.51
ACE555,PERFIL ACERO UPN,3.07
ACE556,"PERFIL ACERO HEA 120 (19,9 KG/M)",3.41
ACE557,"PERFIL ACERO HEA 140 (24,7 KG/M)",3.41
ACE558,"PERFIL ACERO HEA 160 (30,4 KG/M)",3.41
ACE559,"PERFIL ACERO HEA 180 (35,5 KG/M)",3.97
ACE560,ALCANTARILLA MET. ABOV 10-N L= 1.83M F=1,878.09
ACE561,"ALCANTARILLA MET. ABOV 3-N L= 0.76M F=0,",201.22
ACE562,TUERCA ESTRUCTURAL,0.64
ACE563,BARRA ACERO ANCLAJE APOYO PUENTE D=1 1/2,328.39
ACE564,PASADOR P/ PUENTES D= 6 X 40 CM PERF. CO,110.19
ACE565,ACERO Y ELEMENTOS DE ARRIOSTRAMIENTO,1.08
ACE566,"RAMPLUG EXPANSION MECANICA D=3/4""",11.02
ACE567,TUBO DE ACERO RECTANG. 350 X 170 X 11 MM,2.72
ACE568,TUBO DE ACERO RECTANG. 320 X 120 X 9 MM ,2.72
ACE569,"PERFIL ACERO HEA 100 (16,7 KG/M)",3.41
ACE570,"PERFIL ACERO HEA 200 (42,3 KG/M)",3.41
ACE571,"PERFIL ACERO HEA 220 (50,5 KG/M)",3.41
ACE572,"PERFIL ACERO HEA 240 (60,3 KG/M)",3.41
ACE573,"PERFIL ACERO HEA 260 (68,2 KG/M)",3.41
ACE574,"PERFIL ACERO HEA 280 (76,4 KG/M)",3.41
ACE575,"PERFIL ACERO HEA 300 (88,3 KG/M)",3.41
ACE576,"PERFIL ACERO HEA 320 (97,6 KG/M)",3.41
ACE577,"PERFIL ACERO HEA 340 (105,0 KG/M)",3.41
ACE578,"PERFIL ACERO HEA 360 (112,0 KG/M)",3.41
ACE579,"PERFIL ACERO HEA 400 (125,0 KG/M)",3.41
ACE580,"PERFIL ACERO HEA 450 (140,0 KG/M)",3.41
ACE581,"PERFIL ACERO HEA 500 (155,0 KG/M)",3.41
ACE582,"PERFIL ACERO HEA 550 (166,0 KG/M)",3.41
ACE583,"PERFIL ACERO HEA 600 (178,0 KG/M)",3.41
ACE584,"PERFIL ACERO HEA 650 (190,0 KG/M)",3.41
ACE585,"PERFIL ACERO HEA 700 (204,0 KG/M)",3.41
ACE586,"PERFIL ACERO HEA 800 (224,0 KG/M)",3.41
ACE587,"PERFIL ACERO HEA 900 (252,0 KG/M)",3.41
ACE588,"PERFIL ACERO HEA 1000 (272,0 KG/M)",3.41
ACE589,PERFIL ACERO HEA,3.41
ACE590,"VIGA/PERFIL ACERO UPE 270 MM 35,2 K/M",2.18
ACE591,"VIGA/PERFIL ACERO UPE 300 MM 44,4 K/M",2.07
ACE592,"VIGA/PERFIL ACERO UPE 330 MM 53,2 K/M",2.07
ACE593,"VIGA/PERFIL ACERO UPE 360 MM 61,2 K/M",2.07
ACE594,"VIGA/PERFIL ACERO UPE 400 MM 72,2 K/M",2.07
ACE595,"PERFIL ACERO UPEL C120 10,4 KG/M",2.07
ACE596,"PERFIL ACERO UPEL C140 12,3 KG/M",2.07
ACE597,"PERFIL ACERO UPEL C160 14,2 KG/M",2.07
ACE598,"PERFIL ACERO UPEL C180 16,3 KG/M",2.32
ACE599,"PERFIL ACERO UPEL C200 18,4 KG/M",2.07
ACE600,"PERFIL ACERO UPEL C270 27,7 KG/M",2.07
ACE601,"PERFIL ACERO UPEL C300 31,8 KG/M",2.07
ACE602,"PERFIL ACERO UPEL C400 48,3 KG/M",2.07
ACE603,"PERFIL ACERO UPAM A36 228,6 X 60,3MM 20K",3.26
ACE604,"PERFIL ACERO UPAM A36 381 X 86MM 50,5K/M",3.26
ACE605,"PERFIL ACERO UPL 100 - 8,20 KG/M",2.72
ACE606,"PERFIL ACERO HEB 100 - 20,4 KG/M",3.28
ACE607,"PERFIL ACERO HEB 120 - 26,7 KG/M",3.28
ACE608,"MALLA*  ACERO ELECTROSOLDADA 4""X4"" 1.98 ",2.28
ACE609,"BARRAS EN ACERO INOXIDABLE 1"" PESO:4 KG/",14.31
ACE610,"PERFIL ACERO IPN 300 (54,20 KG/M)",2.72
ACE611,PERFIL ACERO IPN 160 (17.9 KG/M),3.17
ACE612,PERFIL ACERO IPN 18 (21.9 KG/M),4.97
ACE613,PERFIL ACERO IPN 200 (26.2 KG/M),3.28
ACE614,PERFIL ACERO IPN 240 (36.2 KG/M),2.39
ACE615,PLETINA DE HIERRO P/CERCA DE MALLA TIPO ,3.28
ACE616,LAMINA ESTRIADA DE ACERO E= 6 MM (50.4 K,160.52
MZ0336,GRASA ANIMAL,27.55
ACE617,LAMINA LOSACERO CAL.22  ALTO=76.2MM 6.94,29.44
ACE618,"LAMINA LOSACERO CAL.20 H=76.2MM - 8,86K/",31.06
ACE619,"LAMINA LOSACERO CAL.24  ALTO= 76,2MM- 5.",18.75
ACE620,PLANCHA / LAMINA DE ACERO CORTADA P/APOY,7.69
ACE621,DOBLAJE/CORTE TALLER LAMINA HASTA 5 MM-2,1.61
ACE622,"TUBO ACERO CIRCULAR ECO D=3"" E=2,25 MM 4",2.39
ACE623,"MALLA ACERO SEN SEN 2,44 X 0,60 M RIPLEX",9.88
ACE624,"ROSCA TORNEADA P/BARRAS ACERO HASTA 1"" Y",0.64
ACE625,ANGULO DE ACERO,3.28
ACE626,PLETINA DE ACERO,3.28
ACE627,LAMINA DE HIERRO NEGRO (H.N.),3.04
ACE628,"POSTE 6"" ACERO GALVA DEFENSA FLEX BEAM C",91.59
ACE629,ALAMBRE LISO GALVANIZADO RECUBIERTO DE P,7
ACE630,MALLA DE ACERO TRUCKSON ELECTROSOLDADA,3.28
ACE631,ALAMBRE LISO GALVANIZADO CALIBRE Nº 18,6.84
ACE632,PERFIL ACERO IPN 12 (11.10 KG/M),30.85
ACE633,ACERO DE REFUERZO PARA MUROS DE ESCAMAS,4.74
ACE634,"TUBO ACERO CIRCULAR ECO D=3 1/2"" E=2,25M",2.39
ACE635,PERFIL ACERO UPN 100 - 10.6 K/M,3.28
ACE636,"PLETINA DE HIERRO 1/2"" X 1/4""  L=6 M 3,8",11.7
ACE637,POSTE METALICO PARA SEMAFORO,275.51
ACE638,"TUBO ACERO CIRCULAR ECO D=4 1/2"" E=2,5MM",2.39
ACE639,"CLAVOS ACERO L= 3""  CAL 10 (EN CAJA DE 2",5.32
ACE640,GRAPAS ACERO 25 KG P/CERCA ALAMBRE-MADER,121.22
ACE641,TUERCA Y ARANDELA,0.26
ACE642,"TORNILLO, TUERCA, ARANDELA Y SOPORTE",1.08
ACE643,CLAVOS ACERO RANURADO ROBUSTO ESTRIADO#,11.23
ACE644,TUBO DE ACERO CUADRADO 260 X 260 X 11 MM,2.72
ACE645,MARCO Y TAPA HIERRO FUNDIDO HF TIPO PESA,409.84
ACE646,MARCO Y TAPA HIERRO FUNDIDO HF TIPO LIVI,410.59
ACE647,REJA DE HIERRO PARA SUMIDEROS,3.07
ACE648,PLETINA ESTRIADA DE ACERO GALVANIZADO,2.72
ACE649,PLANCHA/LAMINA DE ACERO CALIBRE Nº 16 - ,31.49
ACE650,PERFIL ACERO UPN 100 - 10.6 K/M,35.23
ACE651,"TORNILLOS, TUERCAS, ARANDELAS, SOPORTES",1.08
ACE652,"PERFIL CONDUVEN 175 X 175 MM E=5.5 28,46",67.22
ACE653,"PERNO DE ACERO PARA ANCLAJE DE 1"" X L=1 ",29.74
ACE654,"TUERCA Y ARANDELA DE 1"" DE ACERO ESTRUCT",0.61
ACE655,"ANGULO DE ACERO PARA LA FIJACION 1,11 KG",3.28
ACE656,ANCLAJE C/PERNOS P/POSTES 12 M,43.05
ACE657,"EMPALMES ACERO, INCL. TORNILLERIA ALTA R",0.56
ACE658,PERFIL ACERO ESTRUCTURAL IPS O SIMILAR,2.18
ACE659,"ABRAZADERA DE DIAMETRO = 2 """,1.08
ACE660,PERFIL NORMAL ACERO SIDOR,2.18
ACE661,"GUAYA-CABLE ACERO D= 1/2 "" (12,7 MM) 0,6",9.1
ACE662,"PERFIL ACERO IPN 10 (8,34 KG/M)",21.79
ACE663,CESTA/MALLA P/GAVION METALICO 2 X 1 X 1 ,62.82
ACE664,PLANCHA DE ACERO (LAMINA),2.72
ACE665,MALLA GALVANIZADA P/CERCA CICLON CAL 10 ,20.17
ACE666,"PERFIL CONDUVEN ECO 260 X 260 X 9MM 68,7",2.96
ACE667,ELEMENTOS (CLAVO ACERO) FIJADORES DE GEO,0.53
ACE668,MALLA DE GALLINERO GALVANIZADO C-18 HUEC,4.91
ACE669,LANA / LANILLA DE ACERO X 400 GRS,8.22
ACE670,"CABILLA CUADRADA (BARRA) 1/2"" X 1/2"" (1.",2.39
ACE671,"PERFIL ACERO UPL 120 - 9,58 KG/M",2.89
ACE672,MATER. P/ELAB. TUBULAR ALUMINIO TRIDIMAL,11.02
ACE673,MATER. P/INST. ESTRUCTURA TRIDIMALLA 1X1,18.73
ACE674,POLICARBONATO 10 MM P/TRIDIMALLA,28.62
ACE675,MATER. INSTALAC. POLICARBONATO 10 MM P/T,20.55
ACE676,"MECHA DE 1/2"" ALTA RESISTENCIA",13.22
ACE677,"MECHA DE 5/8"" ALTA RESISTENCIA",19.84
ACE678,"BROCA PARA PERFORACION  5/8""",3.28
ACE679,"MECHA DE 3/4"" ALTA RESISTENCIA",22.02
ACE680,"PERNO POWER STUD 1/2"" X 2 3/4""",3.28
ACE681,"PERNO POWER STUD 5/8"" X 3 1/2""",3.43
ACE682,"REJILLA ACERO GRILL 1-1/2"" X 3/16"" G2 49",182.33
ACE683,ACERO DE REFUERZO /CABILLAS/BARRAS,3.13
ACE684,"PERFIL ACERO UPN 80 (8,65 KG/M)",2.84
ACE685,PERFIL ACERO UPN 140 (16 KG/M) #,3.28
ACE686,"PERFIL ACERO UPN 160 (18,8 KG/M) #",2.81
ACE687,"PERFIL ACERO UPN 300 (46,1 KG/M)",2.72
ACE688,"PERFIL ACERO IPN 6 (4,20 K/M)",2.39
ACE689,"CABILLA*  S40 BAJA DENSIDAD D=1/2"" L= 6M",7.15
ACE690,"CABILLA*  S40 BAJA DENSIDAD D=3/8"" L= 6 ",6.29
ACE691,"CABILLA ESTRIADA D=1/4"" N40 - 0,249 K/M ",1.97
ACE692,ALAMBRON*  ESTRIADO/LISO 4 MM X 6M PMVP,2.39
ACE693,ALAMBRON*  ESTRIADO/LISO 4.5 MM X 6M PMV,2.51
ACE694,ALAMBRON*  ESTRIADO/LISO 5 MM X 6M PMVP,3.28
ACE695,ALAMBRON*  ESTRIADO/LISO 5.5 MM X 6M PMV,3.41
ACE696,CABILLA*  ESTRIADA S40-1400 KGF/CM2 - PM,1.97
ACE697,"SUPLEMENTOS P/SOPORTE: BASE, BARRA ROSCA",3.28
ACE698,PERFIL ACERO UPEL C240 24 KG/M,2.07
ACE699,"ALCANTARILLA MET. GALV. D= 24"" (60 CM) C",320.13
ACE700,"ALCANTARILLA MET. GALV. D= 24"" (60) CM C",361.3
ACE701,"BARRA ATERRAMIENTO PAT TGB DE 20"" X 4"" X",187.34
ACE702,"LAMINA GALVAN. 15X15 CM CAL 16 (E=1,5 MM",1.29
ACE703,"ALCANTARILLA MET. GALV. D= 36"" 0,91 M CA",466.46
ACE704,"ALCANTARILLA MET. GALV. D= 36"" 0,91 M CA",525.91
ACE705,"TORNILLOS ACERO INOX. ASI 316L D= 3/8""",3.28
ACE706,"LAMINA ESTRIADA DE ACERO E=2.8 MM 23,6 K",3.41
ACE707,"LAMINA ESTRIADA DE ACERO E=2.8 MM 23,6 K",75.17
ACE708,TUBO DE HIERRO P/HERRERIA,3.76
ACE709,"TUBO DE ACERO RECTAN 2""X1"" 6M 0,9MM 1,05",24.26
ACE710,"ALCANTARILLA MET. GALV. D= 42"" CAL 10 MP",576.26
ACE711,"ALCANTARILLA MET. GALV. D= 42"" CAL 12 MP",420.74
ACE712,"ALCANTARILLA MET. GALV. D= 42"" CAL 14 MP",342.98
ACE713,"ALCANTARILLA MET. GALV. D= 48"" CAL 12 MP",443.58
ACE714,"ALCANTARILLA MET. GALV. D= 48"" CAL 14 MP",361.3
ACE715,"ALCANTARILLA MET. GALV. D= 50 - 51"" CAL-",763.71
ACE716,"ALCANTARILLA MET. GALV. D= 50 - 51"" CAL ",672.29
ACE717,"ALCANTARILLA MET. GALV. D= 50 - 51"" CAL ",493.9
ACE718,"ALCANTARILLA MET. GALV. D= 50 - 51"" CAL ",402.45
ACE719,"ALCANTARILLA MET. GALV. D=60"" (1,50 M) C",768.33
ACE720,ANGULOS DE ACERO INCLUYE PERFORACION Y P,3.76
ACE721,"ALCANTARILLA MET. GALV. D= 54"" CAL-8 MP6",818.61
ACE722,"ALCANTARILLA MET. GALV. D= 54"" CAL 10 MP",722.54
ACE723,"ALCANTARILLA MET. GALV. D= 54"" CAL 12 MP",525.91
ACE724,"ALCANTARILLA MET. GALV. D= 54"" CAL 14 MP",439
ACE725,"ALCANTARILLA MET. GALV. D=72"" (1,8 M) CA",1038.12
ACE726,"ALCANTARILLA MET. GALV. D= 72"" (1,8 M) C",914.66
ACE727,"PERFIL ACERO HEB 140 - 33,7 KG/M",3.28
ACE728,"PERFIL ACERO HEB 160 - 42,6 KG/M",3.28
ACE729,"PERFIL ACERO HEB 180 - 51,2 KG/M",3.28
ACE730,"PERFIL ACERO HEB 200 - 61,3 KG/M",3.28
ACE731,"ALCANTARILLA MET. GALV. D= 74 - 75"" CAL-",1111.29
ACE732,"ALCANTARILLA MET. GALV. D= 74 - 75"" CAL ",978.69
ACE733,"ALCANTARILLA MET. GALV. D= 12"" (0,30 M) ",155.5
ACE734,"ALCANTARILLA MET. GALV. D= 30"" CAL 14 MP",246.94
ACE735,"ALCANTARILLA MET. GALV. D= 30"" CAL 12 MP",301.83
ACE736,"ALCANTARILLA MET. GALV. D= 30"" CAL 10 MP",416.14
ACE737,"ALCANTARILLA MET. GALV. D= 30"" CAL-8 MP6",471.02
ACE738,"ALCANTARILLA MET. GALV. D= 36"" 0,91 M CA",365.87
ACE739,"ALCANTARILLA MET. GALV. D= 36"" 0,91 M CA",274.39
ACE740,"ALCANTARILLA MET. GALV. D= 40"" (1 M) CAL",306.4
ACE741,"ALCANTARILLA MET. GALV. D= 40"" (1 M) CAL",375.03
ACE742,"ALCANTARILLA MET. GALV. D= 40"" (1 M) CAL",512.2
ACE743,"ALCANTARILLA MET. GALV. D= 40"" (1 M) CAL",580.79
ACE744,"LAMINA TECHO ALUMINIO ACANALADO 0,94 M E",9.36
ACE745,"LAMINA TECHO ALUMINIO ACANALADO 0,94 M E",15.6
ACE746,"LAMINA TECHO ALUMINIO ACANALADO 0,94 M E",21.85
ACE747,"ALCANTARILLA MET. GALV. D= 21"" (53 M) CA",219.51
ACE748,"ALCANTARILLA MET. GALV. D= 18"" CAL 14",246.94
ACE749,"ALCANTARILLA MET. GALV. D=62 - 63 "" CAL-",928.37
ACE750,"ALCANTARILLA MET. GALV. D=62 - 63 "" CAL ",818.61
ACE751,"ALCANTARILLA MET. GALV. D= 62 - 63 "" CAL",599.11
ACE752,"ALCANTARILLA MET. GALV. D=66"" CAL-8 MP68",983.23
ACE753,"ALCANTARILLA MET. GALV. D=66"" CAL 10 MP6",864.35
ACE754,"ALCANTARILLA MET. GALV. D=66"" C-12 MP68 ",631.13
ACE755,ALCANTARILLA MET. ABOV. 1-N L= 0.46M F=0,132.6
ACE756,"ALCANTARILLA MET. ABOV 2-N L=0.61M F=0,4",169.2
ACE757,"ALCANTARILLA MET. ABOV 4-N L=0.91M F=0,5",237.79
ACE758,"ALCANTARILLA MET ABOV 6-N L= 1,22M F=0,7",384.16
ACE759,"ALCANTARILLA MET ABOV 7-N L= 1.37M F=0,8",425.3
ACE760,"ALCANTARILLA MET. ABOV 8-N L= 1.52M F=0,",471.02
ACE761,"ALCANTARILLA MET ABOV 9-N L=1,68M F=1,02",708.84
ACE762,"ALCANTARILLA MET ABOV 10-N L=1.83M F=1,1",772.88
ACE763,"PERFIL ACERO IPN 10 (8,34 KG/M)",2.55
ACE764,CONECTOR DE CORTE PARA LOSACERO,0.85
ACE765,CONECTOR DE CORTE PARA LOSACERO HILTI O ,0.64
ACE766,LAMINA LOSACERO/SOFITO CAL18 H=76.2MM 11,32.32
ACE767,TABLESTACAS ACERO TIPO AZ 18 O SIMILAR (,1.63
ACE768,"PERNO/RAMPLUG HILTI D= 3/4"" HASTA L=6""",18.73
ACE784,PERFIL ACERO HEB 320 - 127 KG/M,3.28
ACE785,PERFIL ACERO HEB 340 - 134 KG/M,3.28
ACE786,PERFIL ACERO HEB 360 - 142 KG/M,3.28
ACE787,PERFIL ACERO HEB 400 - 155 KG/M,3.28
ACE788,PERFIL ACERO HEB 450 - 171 KG/M,3.28
ACE789,PERFIL ACERO HEB 500 - 187 KG/M,3.28
ACE790,PERFIL ACERO HEB 550 - 199 KG/M,3.28
ACE791,PERFIL ACERO HEB 600 - 212 KG/M,3.28
ACE792,PERFIL ACERO HEB 650 - 225 KG/M,3.28
ACE793,PERFIL ACERO HEB 700 - 241 KG/M,3.28
ACE794,PERFIL ACERO HEB 800 - 262 KG/M,3.28
ACE795,PERFIL ACERO HEB 900 - 291 KG/M,3.28
ACE796,PERFIL ACERO HEB 1000 - 314 KG/M,3.28
ACE797,"ALAMBRE DE PUAS GALVANIZADO C-16,5 - 0,0",0.24
ACE798,"CABILLA D=3/4"" FY=4200 KGF/CM2  2,237 K/",1.75
ACE799,"CABILLA ESTRIADA D=1"" FY=4200 KGF/CM2-3,",2.51
ACE800,"TUBO DE ACERO RECTAN 2""X1"" L=6M 0,8MM 0,",20.48
ACE801,TUBO DE ACERO SECCION CERRADA,2.68
ACE802,TUBO DE ACERO SECCION CUADRADA,2.69
ACE803,TUBO DE ACERO SECCION RECTANGULAR,2.62
ACE804,"BARRA ROSCADA ACERO GALVANIZADO 3/4"" 2,2",24.26
ACE805,"BARRA ROSCADA ACERO GALVANIZADO 7/16"" 0,",8.22
ACE806,MARCO Y TAPA HIERRO FUNDIDO HF C/BISAGRA,330.58
ACE807,"ANGULO ACERO 90 X 90 X 8MM 10,9 K/M",3.28
ACE808,ANGULO ACERO 100 X 50 X 10 MM 11.43 K/M,3.28
ACE809,ANGULO ACERO 150 X 100 X 10 MM 19.6 K/M,3.28
ACE810,"PERFIL ACERO HEB 220 - 71,5,KG/M",3.44
ACE811,"PERFIL DE ACERO IPE 330 MM 49,1 KG/M",3.28
ACE812,ALAMBRE/HILO PARA SOLDADURA MIG AWS 1.2M,6.62
ACE813,"PERFIL ACERO HEM 100 - 41,8 KG/M",3.28
ACE814,"PERFIL ACERO HEM 120 - 52,1 KG/M",3.28
ACE815,"PERFIL ACERO HEM 140 - 63,2 KG/M",3.28
ACE816,"PERFIL ACERO HEM 160 - 76,2 KG/M",3.28
ACE817,"PERFIL ACERO HEM 180 - 88,9 KG/M",3.28
ACE818,PERFIL ACERO HEM 200 - 103 KG/M,3.28
ACE819,PERFIL ACERO HEM 220 - 117 KG/M,3.28
ACE820,PERFIL ACERO HEM 240 - 157 KG/M,3.28
ACE821,PERFIL ACERO HEM 260 - 172 KG/M,3.28
ACE822,PERFIL ACERO HEM 280 - 189 KG/M,3.28
ACE823,PERFIL ACERO HEM 300 - 238 KG/M,3.28
ACE824,PERFIL ACERO HEM 320/305 - 177 KG/M,3.28
ACE825,PERFIL ACERO HEM 320 - 245 KG/M,3.28
ACE826,PERFIL ACERO HEM 340 - 248 KG/M,3.28
ACE827,PERFIL ACERO HEM 360 - 250 KG/M,3.28
ACE828,PERFIL ACERO HEM 400 - 256 KG/M,3.28
ACE829,PERFIL ACERO HEM 450 - 263 KG/M,3.28
ACE830,PERFIL ACERO HEM 500 - 270 KG/M,3.28
ACE831,PERFIL ACERO HEM 550 - 278 KG/M,3.28
ACE832,PERFIL ACERO HEM 600 - 285 KG/M,3.28
ACE833,PERFIL ACERO HEM 650 - 293 KG/M,3.28
ACE834,PERFIL ACERO HEM 700 - 301 KG/M,3.28
ACE835,PERFIL ACERO HEM 800 - 317 KG/M,3.28
ACE836,PERFIL ACERO HEM 900 - 333 KG/M,3.28
ACE837,PERFIL ACERO HEM 1000 - 349 KG/M,3.28
ACE838,"PLETINA DE HIERRO 1 1/4"" X 1/8"" L=6 MT 4",3.28
ACE839,LAMINA DE HIERRO PULIDO (H.P.),3.41
ACE840,"LAMINA LOSACERO CAL 16 14,60 K/M",40.23
ACE841,"ALAMBRON ESTRIADO/LISO 9 MM X 6M X 2,996",3.07
ACE842,"ALAMBRON ESTRIADO/LISO 12 MM / 0,888 KG/",3.07
ACE843,"CABILLA ESTRIADA D=1 3/8"" FY=4200 KGF/CM",1.97
ACE844,"CABILLA ESTRIADA D=3/8"" FY=4200 KGF/CM2 ",2.37
ACE845,GANCHO TIPO OMEGA NORMAL P/CERCA ELECTRI,0.2
ACE846,POSTE METALICO PARA ACOMETIDAS ALTA Y BA,2.5
ACE847,ANGULO ACERO 75 X 75 X 5 MM 5.77 K/M,3.28
ACE848,ANGULO ACERO 90 X 90 X 6 MM 8.30 K/M,3.28
ACE849,ANGULO ACERO 65 X 65 X 4 MM 4.02 K/M,3.28
ACE850,ANGULO DE ACERO AE-25 O SIM FY= 2500 KG/,3.55
ACE851,ANGULO DE ACERO AE-35 O SIM FY= 3500 KG/,3.28
ACE852,PERFIL DE ACERO IPE 80 MM 6 KG/M,2.72
ACE853,"PERFIL DE ACERO IPE 100 MM 8,1 KG/M",3.07
ACE854,"PERFIL DE ACERO IPE 120 MM 10,4 KG/M",3.17
ACE855,"PERFIL DE ACERO IPE 140 MM 12,9 KG/M",3.07
ACE856,ANCLAJE C/PERNOS P/POSTES ALUMBRADO L=3 ,32.18
ACE857,"PLETINA ACERO L=28"" P/ARRIOSTRAR CRUCETA",9.88
ACE858,"PERNO ESTRUCTURAL A-325 C/TUERCA 5/8""X2""",4.4
ACE859,"ARANDELA ESTRUCTURAL A-325 D=5/8""",0.54
ACE860,"PERNO Y TUERCA ESTRUCTURAL A-325 D=7/8"" ",8.1
ACE861,"ARANDELA ESTRUCTURAL A-325 D=3/4""",0.72
ACE862,"MARCO/TAPA HF TIPO A CANTV 1,2 X 0,50 M ",1482.19
ACE863,"MARCO/TAPA HF TIPO B CANTV 0,60 X 0,50 M",749.34
ACE864,"MARCO/TAPA HF TIPO B CANTV 0,60 X 0,50 M",774.68
ACE865,"MARCO/TAPA MANHOLE CANTV LIVIANA D=0,80 ",793.44
ACE866,"MARCO/TAPA MANHOLE CANTV REFORZADA D=0,7",220.4
ACE867,ABRAZADERA PARA DUCTO DE BASURA DE 400 M,8.81
ACE868,FIBRA DE ACERO PARA REFUERZO DE CONCRETO,19.84
ACE869,"PERFIL DE ACERO IPE 160 MM 15,8 KG/M",3.51
ACE870,"PERFIL DE ACERO IPE 180 MM 18,8 KG/M",3.07
ACE871,"PERFIL DE ACERO IPE 200 MM 22,4 KG/M",3.23
ACE872,"PERFIL DE ACERO IPE 270 MM 36,1 KG/M",3.17
ACE873,"PERFIL DE ACERO IPE 300 MM 42,2 KG/M",3.28
ACE874,"PERFIL DE ACERO IPE 400 MM 66,3 KG/M",3.07
ACE875,"PERFIL DE ACERO IPE 450 MM 77,6 KG/M",3.07
ACE876,"PERFIL DE ACERO IPE 500 MM 90,7 KG/M",3.07
ACE877,PERFIL DE ACERO IPE 550 MM 106 KG/M,3.07
ACE878,PERFIL DE ACERO IPE 600 MM 122 KG/M,3.07
ACE879,"VIGA/PERFIL ACERO UPE 80 MM 7,9 K/M",2.07
ACE880,"VIGA/PERFIL ACERO UPE 100 MM 9,82 K/M",2.18
ACE881,"VIGA/PERFIL ACERO UPE 120 MM 12,1 K/M",2.18
ACE882,"VIGA/PERFIL ACERO UPE 140 MM 14,5 K/M",2.07
ACE883,VIGA/PERFIL ACERO UPE 160 MM 17 K/M,2.07
ACE884,"VIGA/PERFIL ACERO UPE 180 MM 19,7 K/M",2.07
ACE885,"VIGA/PERFIL ACERO UPE 200 MM 22,8 K/M",2.72
ACE886,"VIGA/PERFIL ACERO UPE 220 MM 26,6 K/M",2.07
ACE887,"PERFIL ACERO UPN 120 (13,4 KG/M)",28.62
ACE888,CESTA GAVION GALV. Y PLASTIF. DOBLE TORS,26.45
ACE889,CABILLA ESTRIADA FY=2800 KGF/CM2 N40,1.88
ACE890,"CABILLA ESTRIADA D=1/2"" FY=2800 KGF/CM2 ",1.88
ACE891,"LAMINA LISA GALVANIZADA CALIBRE 26 / 2,4",45.18
ACE892,"LAMINA LISA GALVANIZADA CALIBRE 26 / 2,0",33.35
ACE893,"CLAVO DE ACERO DE 1""",0.39
ACE894,"GUAYA DE ACERO D=1/4"" (6,35 MM) 0,16 KG/",3.97
ACE895,PERNO D= 5/8 CON BARRA PARA ANCLAJE Y RO,24.92
ACE896,"BARRA ROSCADA ACERO GALVANIZADO 5/16"" 0,",4.41
ACE897,TUERCA Y ARANDELA P/BARRA ROSCADA ACERO ,1.08
ACE898,"RAMPLUG HIERRO P/BARRA ROSCADA D=5/16""",4.08
ACE899,"VIGA/PERFIL ACERO UPE 240 MM 30,2 K/M",2.07
ACE900,"MALLA ELECTROSOLDADA 2""X2"" C-16 H=0,9M G",4.97
ACE901,"GUAYA DE ACERO D= 5/16"" (7,94 MM) 0,24 K",6.94
ACE917,"ANGULO ACERO INOXIDABLE 1 1/2""  E= 3/16""",31.95
ACE918,ANGULO ACERO INOXIDABLE,12.13
ACE919,LAMINA LOSACERO CAL 21 ANCHO UTIL 78CM -,7.8
ACE920,ALCANTARILLA MET. ACERO GALV. ARMCO TIPO,4.49
ACE921,ALCANTARILLA MET MINI MULTIPLATE 68 CIRC,3.87
ACE922,"ALCANTARILLA MET GALV D=3,99M C-5 MP152 ",3420.79
ACE923,"ALCANTARILLA MET GALV D=3,99M C-3 MP152 ",4056.51
ACE924,"ALCANTARILLA MET GALV D=3,99M C-1 MP152 ",4692.16
ACE925,"ALCANTARILLA MET. GALV. D= 28"" CAL 14 MP",224.09
ACE926,"ALCANTARILLA MET. GALV. D= 28"" CAL 12 MP",272.12
ACE927,MALLA ELECTROSOLDADA GALVANIZADA,5.54
ACE928,"ALCANTARILLA MET. GALV. D= 28"" CAL 10 MP",373.18
ACE929,"ALCANTARILLA MET. GALV. D= 28"" CAL-8 MP6",421.47
ACE930,LAMINA DE ACERO INOXIDABLE,9.37
ACE931,"ALCANTARILLA MET ABOV 10-N L=1.83M F=1,1",878.09
ACE932,"ALCANTARILLA MET GALV D=7,71M C-1 MP152 ",9000.16
ACE933,"ALCANTARILLA MET GALV D=6,78M C-3 MP152 ",6837.01
ACE934,"ALCANTARILLA MET GALV D=6,62M C-5 MP152 ",5643.39
ACE935,"ALCANTARILLA MET GALV D=5,85M C-8 MP152 ",4038.19
ACE936,"ALCANTARILLA MET GALV D=4,92M C-12 MP152",2332.33
ACE937,"MALLA ELECTROSOLDADA 2""X4"" C-16 H=0,91M ",3.28
ACE938,"MALLA ELECTROSOLDADA 2""X4"" C-16 H=0,91M ",4.41
ACE939,"MALLA ELECTROSOLDADA 1/2""X1"" C-16 H=0,91",4.97
ACE940,"MALLA ELECTROSOLDADA 1/2""X1"" C-16 H=0,91",5.54
ACE941,ALAMBRE DE PUAS GALVANIZADO,5.86
ACE942,TORNILLO P/TABIQUES DRY WALL,6.62
ACE943,MARCO Y TAPA HIERRO FUNDIDO HF PESADO B.,682.94
ACE944,"TUBO ACERO INOXIDABLE DECORATIVO D=1"" E=",10.49
ACE945,"TORNILLO 3/8"" X 3"" P/MOBILIARIO",3.28
ACE946,"TUBO ACERO INOXIDABLE DECORATIVO D=2"" E=",24.26
ACE947,TUBO ACERO INOXIDABLE DECORATIVO,10.08
ACE948,ESPARRAGO C/TUERCA D=3/4 X 11CM ACERO IN,7.69
ACE949,ESPARRAGO C/TUERCA D=3/4 X 8CM ACERO INO,5.54
ACE950,"TUBO DE ACERO-CARBONO SHC 80 D=2"" E=5,54",55.07
ACE951,"TUBO ACERO-CARBONO SCH80 D=3"" E=7,62MM 1",111.88
ACE952,"TUBO ACERO-CARBONO SCH80 D=6"" E=10,97MM ",211.06
ACE953,TUBO ACERO AL CARBONO C/COSTURA SCHEDULE,6.07
ACE954,"TUBO ACERO-CARBON SCH80 D=2 1/2"" E=7,01M",60.3
ACE955,"TUBO ACERO-CARBONO D=16"" SCH 10 E=6,35MM",310.76
ACE956,"TUBO ACERO-CARBO CC D=16"" SCH40 E=12,7MM",611.6
ACE957,"TUBO ACERO-CARBONO D=16"" SCH 30 E=9,52MM",214.88
ACE958,"TUBO ACERO-CARBONO CC SCH 10 D=20"" 78,55",288.72
ACE959,"TUBO ACERO-CARBONO CC SCH 30 D=20"" 155,1",769.2
ACE960,"FLEJE DE ACERO INOXIDABLE ANCHO=3/8"" L=1",52.49
ACE961,"HEBILLA ACERO INOXIDABLE FLEJE A= 3/8"" 9",0.55
ACE962,S/P/C ACERO REFUERZO - CABILLA RAT 4200 ,3.65
ACE963,"PERRO ACERO GALVANIZADO AMARRE D=1/2""",4.41
ACE964,"ABRAZADERA UNIVERSAL 3-1/2"" A 4"" X 3/8""",7.59
ACE965,S/P/C MALLA ELECTROSOLDADA EN LOSAS,4.18
ACE967,S/P/C ACERO REFUERZO RAT 4200 KG/CM2 D=1,4.63
ACE968,S/I ESCALERA VERTICAL C/PROTEC DORSAL PE,317.38
ACE969,PERGOLA ENSOMBRAMIENTO LARUS 'SOMBRA' 3X,1322.37
ACE970,"REJILLA ACEROGRILL 1-1/2""X3/16"" GALV G1 ",142.16
ACE971,S/I PLATAFORMA CAMINERIA REJILLA ACEROGR,154.29
ACE972,BARRA ROSCADA DE ACERO GALVANIZADO,9.88
ACE973,GUAYA DE ACERO,13.76
ACE974,TUBO GALVANIZADO PARA CERCAS,6.62
ACE975,LAMINA ALUMINIO ACANALADA 0.7 MM ACAB.ST,27.55
ACE976,CONCERTINA-TIPO ARPON GALVANIZADA,12.13
ACE977,CONCERTINA-TIPO ARPON ACERO INOXIDABLE,33.09
ACE978,"PERNO/RAMPLUG HILTI D=1/2"" X 5""",8.12
ACE979,"BARRA CUADRADA  LISA 1/2"" X 1/2"" (12 MM-",2.18
ACE980,"BARRA CUADRADA LISA 5/8"" X 5/8"" (16 MM- ",2.18
ACE981,"BARRA CUADRADA LISA 3/4"" X 3/4"" (20 MM- ",2.18
ACE982,"BARRA ACERO REDONDA 1"" (25 MM-3,65 K/M)",2.07
ACE983,"BARRA ACERO REDONDA 1/2"" (12,7 MM-0,89 K",2.07
ACE984,"BARRA ACERO REDONDA 5/8"" (16MM - 1.58K/M",2.07
ACE985,"BARRA ACERO REDONDA 3/8"" (10MM - 0.62K/M",2.07
ACE986,MARCO/TAPA HF ELECTRICIDAD 40 X 30 M PES,198.38
ACE987,MARCO Y TAPA HF 40 X 40 CM ELECTRICIDAD,189.55
ACE988,LAMINA TECHO ALUMINIO ACANALADA 0.8 MM X,30.85
ACE989,"TUBO ACERO-CARBONO CC SCH40 D=4"" E=6,02M",91.46
ACE990,"TUBO ACERO-CARBONO CC SCH40 D=8"" E=8,18M",234.44
ACE991,"TUBO ACERO-CARBON CC SCH40 D=10"" E=9,27M",332.18
ACE992,"TUBO ACERO-CARBO CC SCH40 D=12"" E=10,31M",439.11
ACE993,"TUBO ACERO-CARBONO CC SCH 40 D=1"" E=3,38",16.5
ACE994,"TUBO ACERO-CARBONO SC SCH 40 D=1"" E=3,38",28.47
ACE995,"TUBO ACERO-CARBONO SC SCH 40 D=2"" E=3,91",53.47
ACE996,"TUBO ACERO-CARBONO SC SCH40 D=4"" E=6,02M",134.89
ACE997,"TUBO DE ACERO-CARB SC SCH40 D=3"" E=5,49M",94.77
ACE998,"ANGULO ACERO 65 X 65 X 8MM 7,73 K/M",3.23
ACE999,"LAMINA ESTRIADA H.N. 4,5 MM 1,2 X 2,4 M ",2.99
ACEA01,"REJILLA ACEROGRILL 1-1/2""X3/16"" GALV G2 ",162.58
ACEA02,"PELDAÑO REJILLA ACERO GRILL G-1 0,9 X 0,",49.54
ACEA03,TUERCA Y ARANDELA P/BARRA ROSCADA ACERO ,2.18
ACEA04,TUERCA Y ARANDELA P/BARRA ROSCADA ACERO ,1.29
ACEA05,TUERCA Y ARANDELA P/BARRA ROSCADA ACERO ,0.85
ACEA06,"ANGULO ACERO INOXIDABLE 2"" E= 1/4"" 4,74 ",61.72
ACEA07,"ANGULO ACERO INOXIDABLE 1 1/2"" E=1/4"" 3,",36.68
ACEA08,BARRA ROSCADA ACERO A-36 C/TUERCA Y ARAN,14.31
ACEA09,PERNOS DE ANCLAJE DE ACERO A36,15.4
ACEA10,"TORNILLO, TUERCA, ARANDELA ACERO A36",15.4
ACEA11,PERFIL DE ACERO ELECTROSOLDADO,2.84
ACEA12,PERFIL DE ACERO LAMINADO NACIONAL,2.61
ACEA13,PERFIL DE ACERO SOLDADO NACIONAL,3.07
ACEA14,TUBO DE ACERO TUBULAR NACIONAL,2.84
MZ0488,MORTERO ,93.67
ACEA15,"PERNO ACERO NEGRO A325  5/8"" X 2"" C/TUER",3.28
ACEA16,"PERNO ACERO NEGRO A325  5/8"" X 4"" C/TUER",6.07
ACEA17,"PERNO ANCLAJE H.N. 1"" / 0,9 +0.1 M C/TUE",16.5
ACEA18,"LAMINA ACERO EN ""L"" GALV C/ORIFICIOS P/T",0.53
ACEA19,"MALLA ACERO EXPANDIDA HUECO 3/8"" C-20",46.29
ACEA20,"MALLA ACERO EXPANDIDA HUECO 1"" C-16",49.76
ACEA21,"MALLA ACERO EXPANDIDA HUECO 1/2"" C-20",35.23
ACEA22,"PERNO/RAMPLUG EXPANSION D= 5/8""  X 4""",7.15
ACEA23,"PERNO/RAMPLUG TURBO EXPANSION 5/8"" ACERO",8.81
ACEA24,"ANGULO ACERO INOXIDABLE 2"" E=1/8""",27.55
ACEA25,"ANGULO ACERO INOXIDABLE 2"" E=3/16""",41.31
ACEA26,"ANGULO ACERO INOXIDABLE 1"" E=1/4""",23.12
ACEA27,"PLETINA DE ACERO INOXIDABLE 1 1/2"" X 1/8",10.49
ACEA28,"PLETINA DE ACERO INOXIDABLE 2"" X 1/8""",12.8
ACEA29,"PLETINA DE ACERO INOXIDABLE 2"" X 1/4""",23.35
ACEA30,"BARRAS EN ACERO INOXIDABLE 1 1/2""",90.36
ACEA31,"TUBO ACERO INOXIDABLE DECORATIVO D=4"" E=",39.42
ACEA32,"TUBO ACERO INOXIDABLE DECORATIVO D=4"" E=",40.45
ACEA33,PERFIL ACERO VHICOA FABRICA NACIONAL C/L,2.81
ACEA34,PERFILES W-S (FABRICADO POR VHICOA),2.81
ACEA35,PERFILES HE-S-B (FABRICADO POR VHICOA),2.81
ACEA36,PERFILES HP-S (FABRICADO POR VHICOA),2.81
ACEA37,PERFILES WT-S (FABRICADO POR VHICOA),2.81
ACEA38,PERFILES REDONDEADO R-S (FABRICADO POR V,2.81
ACEA39,TUBERIA REDONDEADA T-S (FABRICADO POR VH,2.81
ACEA40,MARCO/TAPA HF ELECTRICIDAD 40 X 30 M LIV,187.34
ACEA41,GRAPA METALICA P/MADERA/DRYWAL PLYCEMX10,33.09
ACEA42,"CLAVO DE ACERO DE 2"" P/FIJAR LAMINAS MAD",0.39
ACEA43,"MALLA ELECTROSOLDADA 2""X2"" C-12",9.42
ACEA44,"MALLA ELECTROSOLDADA 1"" X 1"" C-17",8.72
ACEA45,"REJILLA ACEROGRILL 1-1/2""X3/16"" G1 SEP 1",137.03
ACEA46,"REJILLA ACEROGRILL 1-1/2""X3/16"" G2 SEP 1",145.32
ACEA47,"CLAVOS ACERO DULCE L= 3 1/2"" P/MADERA",6.29
ACEA48,"CLAVOS ACERO RANURADO-ESTRIADO L= 3 1/2""",7.15
ACEA49,CLAVOS ACERO RANURADO /ESTRIADO,7.15
ACEA50,ALAMBRE DE ACERO INOXIDABLE,39.67
ACEA51,ALAMBRE DE ACERO INOXIDABLE CAL 22,40.77
ACEA52,ALAMBRE DE ACERO INOXIDABLE CAL 18,40.77
ACEA53,ANCLAJE HILTI,11.02
ACEA54,SOPORTES FABRICADOS EN ACERO SEGUN DISEÑ,6.62
ACEA55,PLANCHA ACERO ESTRUCTURAL A-36 SIN CORTE,3.28
ACEA56,"PLANCHA ACERO A-36 FABRICADA E=1/4"" - 1/",9.88
ACEA57,SOPORTES ACERO FABRICADO CON PLETINA A-3,6.62
ACEA58,ACERO ESTRUCTURAL /PERFILES,2.18
ACEA59,ALAMBRE ACERADO - INOXIDABLE,16.5
ACEA60,ALAMBRE LISO GALVANIZADO/ROLLO 1 KG,6.62
ACEA61,PLANCHA ACERO GALV. EMBEBIDA C/ANCLAJES,13.22
ACEA62,PLANCHA ACERO GALVANIZADA EMBEBIDA ANCLA,27.55
ACP001,PERFIL ACERO IPN 220 (31.10 KG/M),3.28
ACP002,PERFIL ACERO IPN 260 (41.9 KG/M),2.72
ACP003,PERFIL ACERO IPN 280 (47.9 KG/M),2.89
ACP004,PERFIL ACERO IPN 320 (61 KG/M),2.72
ACP005,PERFIL ACERO IPN 340 (68 KG/M),2.72
ACP006,PERFIL ACERO IPN 340 (68 KG/M),2.72
ACP007,PERFIL ACERO IPN 380 (84 KG/M),2.72
ACP008,PERFIL ACERO IPN 400 (92.40 KG/M),2.72
ACP009,PERFIL ACERO IPN 425 (104 KG/M),2.72
ACP010,PERFIL ACERO IPN 450 (115 KG/M),2.72
ACP011,PERFIL ACERO IPN 475 (128 KG/M),2.72
ACP012,PERFIL ACERO IPN 500 (141 KG/M),2.72
ACP013,PERFIL ACERO IPN 550 (166 KG/M),2.72
ACP014,PERFIL ACERO IPN 600 (199 KG/M),2.72
ACP015,PERFIL ACERO UPL 80 (6.08 KG/M),3
ACP016,PERFIL CONDUVEN ECO 260 X 260 X 11MM (82,2.96
ACP017,PERFIL CONDUVEN ECO 350 X 170 E=11MM 82.,2.96
AGR001,AGUA USO INDUSTRIAL RED HIDROVEN,0.21
AGR002,ARENA LIGADA POLVILLO #,42.94
AGR003,AGUA SUMINISTRADA EN CAMION CISTERNA O T,11.02
AGR004,ARENA*  AMARILLA PMVP SIN TRANSPORTE,38.58
AGR005,ARENA - ARROCILLO,35.23
AGR006,MATERIAL GRAVA-ARENA CARGA SISTEMA FILTR,17.64
AGR007,ARENA PARA  RELLENO,12.13
AGR008,ARENA*  LAVADA PMVP SIN TRANSPORTE,37.45
AGR009,ARENA PARA RELLENO DE ZANJAS / COLOCAR T,14.31
AGR010,ARENA*  LIGADA POLVILLO PMVP SIN TRANSPO,38.58
AGR011,ARENA PARA FRISO TIPO MARACAY O SIMILAR#,37.24
AGR012,PIEDRA PICADA GRADADA (BASES Y MEZCLA AS,30.85
AGR013,PIEDRA*  PICADA DE CANTERA SITIO EXPLOTA,27.55
AGR014,PIEDRA NATURAL P/GAVIONES-ORNAMENTO (20 ,27.55
AGR015,PIEDRA PICADA PARA CONCRETO #,45.17
AGR016,GRAVA NRO. 3 PARA POZOS,41.85
AGR017,PIEDRA PICADA DE CANTERA PARA CONCRETO,37.45
AGR018,ARENA LAVADA #,45.17
AGR019,ARENA*  PARA FRISO PMVP SIN TRANSPORTE #,24.26
AGR020,POLVO DE PIEDRA / POLVILLO SCO 25 KG,2.72
AGR021,RIPIO DE 1RA,12.13
AGR022,GRAVA MARINA Nº 2,12.8
AGR023,POLVO DE MARMOL SCO DE 40 KG,33.09
AGR024,GRAVA EN CANTERA,11.02
AGR025,POLVO DE PIEDRA / POLVILLO,41.85
AGR026,POLVO DE ARCILLA,18.73
AGR027,POLVILLO EN SACO / BOLSA 25 KG,3.28
AGR028,POLVILLO LIGADO EN SACO / BOLSA,2.72
AGR029,PIEDRA BRUTA,25.36
AGR030,MARMOL POR M DE BASE/TOPE (65 M),319.57
AGR031,MARMOL PARA RECUBRIMIENTOS,100.28
AGR032,MATERIAL INTEGRAL 100% DE CANTERA,9.88
AGR033,ARENA*  LAVADA EN SITIO DE EXPLOTACION P,33.09
AGR034,ARENA AMARILLA,49.54
AGR035,AGREGADO ALIVEN EN SACO 50 LT PARA FRISO,4.41
AGR036,POLVILLO DE PIEDRA EN BOCA DE PLANTA,34.15
AGR037,ARENA PARA PREPARACION DE ARENA-ASFALTO,33.09
AGR038,PAGO DE ROYALTY POR EXTRACCION DE MATERI,3.28
AGR039,MATERIAL RELLENO EN PRESTAMO S/TRANSPORT,3.28
AGR040,ARENA LAVADA,44.07
AGR041,ARROCILLO EN BOCA DE PLANTA SIN TRANSPOR,26.45
AGR042,ARENA SILICE SECA PARA SAND BLASTING #,104.68
AGR043,"BALDOSA DE MARMOL TRAVERTINO E= 1,5",105.8
AGR044,AGREGADO ALIVEN FINO,22.02
AGR045,AGUA USO HUMANO/RES. (CAMION CISTERNA/TA,0.1
AGR046,POLVO DE MARMOL SCO DE 10  KG,16.28
AGR047,POLVO DE MARMOL SCO DE 30 KG,25.36
AGR051,ARENA AMARILLA,44.73
AGR052,GRANZA,23.12
AGR053,CANTO RODADO,60.63
AGR055,PIEDRA PICADA COLOR BLANCO ORNAMENTAL,52.91
AGR056,ARENA CERNIDA#,31.95
AGR057,ARENA GRUESA,24.26
AGR058,AGREGADO ALIVEN EN SACO,4.41
AGR059,AGREGADO ALIVEN GRUESO,20.91
AGR060,ARENA LAVADA EN SACO / BOLSA-SCO 25 KG,2.72
AGR061,ARENA LIGADA EN SACO / BOLSA,3.28
AGR062,PIEDRA PICADA  EN BOLSA  / SACO 25 KG,3.28
AGR063,AGREGADO DE RIO- MEZCLA. SIN TRANSPORTE ,2.18
AGR064,AGREGADOS SIN TRANSP P/MEZCLA ASFALTICA ,52.91
AGR065,AGREGADOS SIN TRANSP P/MEZCLA ASFALTICA ,60.63
AGR066,"PIEDRA DE RIO O MINA, EN SITIO DE EXPLOT",13.22
AGR067,GRANZON NATURAL EN SITIO DE SAQUE,6.62
AGR068,GRAVA EN SITIO DE EXPLOTACION,13.22
AGR069,ARENA DE RIO O MINA CON EVENTUAL CERNIDO,18.73
AGR070,ARENA DE RIO- MINA EN SITIO DE EXPLOTACI,18.73
AGR071,PIEDRA ORNAMENTAL CANTO RODADO PEQUEÑO,8.61
AGR072,MATERIAL GRADADO PARA FILTRO,16.5
AGR073,ARENA SILICE SECA  AL HORNO P/SAND BLAST,0.21
AGR074,SUELO PARA BASES ASFALTICAS,20.91
AGR075,SUELO PARA SUB-BASES ASFALTICAS,19.84
AGR076,SUELO PARA BASES DE SUELO CEMENTO,16.5
AGR077,SUELO PARA SUB-BASES DE SUELO CEMENTO,16.5
AGR078,SUELO PARA SUB-BASES DE SUELO CAL,18.73
AGR079,SUELO PARA BASES DE SUELO CAL,16.5
AGR080,ARENA CERNIDA EN SACO / BOLSA#,2.84
AGR081,PIEDRA PICADA PARA CONCRETO,45.17
AGR082,GRAVILLA - PIEDRA SACO / BOLSA X 10 KG,9.88
AGR083,"C/BASE DE ARENA RIO P/FUNDACION, ZANJAS ",44.07
AGR084,SUM/COLOCACION BASE PIEDRA PICADA FUNDAC,66.14
AGR085,BASE DE ARENA LAVADA P/FUNDACIONES Y ZAN,34.15
AGR086,ANTRACITA (FILTRO DE PARTICULAS),355.17
AGR087,ARROCILLO EN SACO DE 15 KGS,2.72
AGR088,AGUA P/USO RESIDENCIAL CAMION CISTERNA 5,44.07
AGR089,PIEDRA PICADA EN PLANTA. ZULIA SIN TRANS,27.55
AGU001,ANALISIS FISICO QUIMICO DEL AGUA,6.73
APA001,BEBEDERO SIMPLE DE AGUA SIN ENFRIADOR,19.84
APA002,BOMBA CENTRIFUGA 2 HP \,666.72
APA003,"BOMBA CENTRIFUGA, CONEXIONES. 3/4"" HP",259
APA004,CALENTADOR ELECTRICO RECORD 35 LTS O SIM,252.39
APA005,BOMBA CENTRIFUGA 10 HP \,2975.36
APA006,PUNTA GUIA 4J865 REEMPLAZO P/MOTOTRAILLA,330.58
APA007,SISTEMA HIDRONEUMATICO DUPLEX 82 GAL 1 H,1107.5
APA008,COSTO ASOCIADO DE TRANSPORTE &U,0.21
APA009,CALENTADOR ELECTRICO RECORD 40 LTS O SIM,279.92
APA010,CALENTADOR ELECTRICO RECORD R/F 50 LTS O,407.74
APA011,CALENTADOR ELECTRICO THERMOCL. 30 LTS O ,177.44
APA012,CALENTADOR ELECTRICO THERMOCL. 50 LTS O ,418.76
APA013,CALENTADOR ELECTRICO RECORD 120 LTS O SI,473.87
APA014,CALENTADOR ELECTRICO RECORD 200 LTS O SI,543.28
APA015,CENTRAL TELEF. PANASONIC KX-T30810 3 LIN,716.28
APA016,TELEF. PANASONIC KX-T700 12 LINEAS/ PROP,22.02
APA017,CALENTADOR ELECTRICO RECORD 80 LTS O SIM,429.76
APA018,CALENTADOR ELECTRICO RECORD 100 LTS O SI,429.76
APA019,BEBEDERO DE AGUA TIPO FUENTE CON ENFRIAD,661.2
APA020,BOMBA DOSIFICADORA MARCA ADVANCE C-480 O,2469.56
APA021,BEBEDERO/DISPENSADOR ENFRIADOR BOTELLON,585.17
APA022,BOMBA CENTRIFUGA SUMERGIBLE 25 HP \,6942.54
APA023,"BOMBA SUMERG. 3 ETAP DESC. 4"" 15 HP 3F 6",4297.76
APA024,TABLERO ARRANQUE-CONT. P/BOMBA SUMERG 15,1098.68
APA025,MANOMETRO RANGO 0-200 PSI,22.02
APA026,CABLE COBRE C/AISLAMIENTO GOMA ST 3X10 0,7.74
APA027,CABLE PARA PINZA ELECTRODOS SOLDAR 2/0-0,20.05
APA028,"TAPA SANITARIA 10"" X 4""",1.08
APA029,"ABRAZADERA REFORZADA 4""",6.62
APA030,BOMBA SUMERG. KSB UPH 293 25 HP 3 ETAPAS,4771.61
APA031,"BOMBA SUMERGIBLE TIPO FLYGT 5HP, 1750 RP",3704.89
APA032,TABLERO DE CONTROL CIRCUITOS/TAB M.G.R. ,235.82
APA033,BOMBA CENTRIFUGA 1 1/2 HP \,425.37
APA034,TABLERO ARRANQUE CONT P/BOMBA CENTR. 10H,2292.14
APA035,BOMBA BOMBAGUA 6L6-12 30 HP 230V 12 ETAP,6722.12
APA036,"BOMBA CENTRIFUGA 4.7 LPS 5 HP 1 1/2"" 350",991.78
APA037,"ABRAZADERA TIPO U / OMEGA NORMAL D= 3""",2.61
APA038,"ABRAZADERA TIPO U / OMEGA NORMAL D= 2""",2.18
APA039,"ABRAZADERA TIPO U / OMEGA NORMAL D= 6""",5.54
APA040,"ABRAZADERA TIPO U / OMEGA NORMAL D= 4""",3.28
APA041,BOMBA PRESION CONSTANTE P/PLOMERIA \,275.51
APA042,BOMBA CENTRIFUGA 1 HP \,339.38
APA043,JUEGO DE DIENTES COMPLETOS (144),60.63
APA044,JUEGO DE DIENTES COMPLETOS (86),47.38
APA045,DIENTES CORTADORES PARA CONCRETO/ASFALTO,55.1
APA046,PORTA DIENTE P/PERFILADORA DE ASFALTO,49.54
APA047,DIENTE COMPLETO-PERFILADORA ASFALTO,57.34
APA048,PORTA DIENTE-PERFILADORA ASFALTO,63.93
APA049,DIENTE COMPLETO-PERFILADORA ASFALTO,66.14
APA050,PUNTA DE MARTILLO,33.09
APA051,CALENTADOR A GAS PASO CONTINUO 11 LT/MIN,556.52
APA052,"DISCO DIAMANTE D=16"" PARA CORTE DE CONCR",330.58
APA053,BARRA DE ACERO P/ PERFORACION,7.69
APA054,"BROCA DE PERFORACION, DIAMETRO = 4 1/2 """,31.95
APA055,"GUIA DE 3 """,0.32
APA056,"BROCA DE PERFORACION, DIAMETRO = 2 """,13.22
APA057,"BARRA ACERO TENSIDOR DE 1""",4.41
APA058,CABEZAL DE ACERO CON 3 CUÑAS,16.5
APA059,CABEZAL DE ACERO CON 4 CUÑAS,22.02
APA060,CABEZAL DE ACERO CON 5 CUÑAS,27.55
APA061,CABEZAL DE ACERO CON 6 CUÑAS,33.09
APA062,BEBEDERO DISPENSADOR C/ENFRIADOR BOTELLO,661.2
APA063,BEBEDERO C/ENFRIADOR T/FUENTE ACERO INOX,573.04
APA064,CERCA ELECTRICA 5 HILOS/ENERGIZADOR/SIRE,12.36
APA065,BALANZA SP-036,495.91
APA066,BALANZA SP-100 2000 KG\,2203.96
APA067,BALANZA SP-120 2000 KG\,2203.96
APA068,BALANZA SP-144 2000 KG\,2203.96
APA069,BALANZA SP-150 6000 KG\,6611.93
APA070,BALANZA SP-180 6000 KG\,6611.93
APA071,BALANZA SP-240 6000 KG\,6611.93
APA072,BALANZA SP-370 6000 KG\,6611.93
APA073,BALANZA SP-400 10000 KG\,110199
APA074,BALANZA SP-576 10000 KG\,110199
APA075,BALANZA BC-170 1500 KG PORTATIL,1873.37
APA076,PUNTA DE MARTILLO DE PENETRACION,25.36
APA077,PUNTA DE MARTILLO TIPO CINCEL,8.81
APA078,PUNTA DE MARTILLO DE ACERO,77.13
APA079,PUNTA DE MARTILLO ALTA RESISTENCIA,15.4
APA080,"BROCA DE 2.5"" (DESGASTE)",11.02
APA081,"DISCO DIAMANTE D=14"" PARA CORTE DE CONCR",220.4
APA082,"DISCO DIAMANTE D=14"" PARA CORTE DE ASFAL",220.4
APA083,CALENTADOR ELECTRICO PASO CONTINUO 8 LT/,440.79
APA084,PROTECCION UPS SENCILLO PARA PC O SIMILA,132.23
APA085,"BROCA DE 3"" (DESGASTE)",13.22
APA086,BOMBA CENTRIFUGA 20 HP \,5247.66
APA087,TANQUE HORIZONTAL 3500 GALONES (PULMON),3902.13
APA088,CAJA PARA UNIDAD DE MEDICION DE GAS,16.5
APA089,TERMOSTATO RESISTENCIA P/CALENTADOR ELEC,42.94
APA090,TERMOMETRO INDICADOR P/CALENTADOR ELECTR,17.43
APA091,"BROCA DE 4"" (DESGASTE)",17.64
APA092,DESGASTE DE MECHA O BROCA,11.02
APA093,MECHA CINCEL PLOGA NEUMATICA,132.23
APA094,CINCELES NEUMATICOS JGO,220.4
APA095,MECHA ESPECIAL / BROCA PARA CONCRETO,110.19
ARB001,ARBUSTOS ORNAMENTALES P/SIEMBRA /PLANTA,3.28
ARB002,BOTE DE MALEZA Y/O ESCOMBROS MAX 1 CAMIO,44.07
ARB003,FAJINA DE MADERA O SIMILAR,0.42
ARB004,"GRAMA EN SACO (1,5 M2/SACO)",6.62
ARB005,BOTE DE RAMAS VEGETACION DESECHOS (CAMIO,20.91
ARB006,SUBE Y BAJA 2 UNID. 4 ASIENTOS (PARQUE),1258.48
ARB007,MANGUERA PARA RIEGO,2.28
ARB008,PLANTAS ORNAMENTALES / ARBUSTOS,2.96
ARB009,ACACIA PARA SIEMBRA / PLANTA-ARBUSTO MED,22.02
ARB010,CICATRIZANTE PARA CORTES DE RAMAS,1.08
ARB011,ALQUITRAN VEGETAL (1 LT APROXIMADAMENTE),97.98
ARB012,CARACUEY / PLANTA-ARBUSTO,5.54
ARB013,MANTENIMIENTO DE ARBORIZACION C/MES,0.21
ARB014,"PALMA - PALMERA (PLANTA/ARBUSTO) <1,5 M",27.55
ARB015,MANTENIMIENTO RIEGO-ARBORIZACION C/MES,0.11
ARB016,GRAMA PELO DE INDIO POR M2,4.51
ARB017,SUBE Y BAJA 3 UNID. 6 ASIENTOS (PARQUE),1601.21
ARB018,COLUMPIO DE 1 CUERPO 3 ASIENTOS (PARQUE),1018.23
ARB019,"APAMATE MEDIANO 1,5 M (PLANTA-ARBUSTO)",33.09
ARB020,"GRAMA PELO DE INDIO (1,5 M2/SACO)",6.07
ARB021,"GRAMA TIPO SAN AGUSTIN 1,5 M2/SACO",7.69
ARB022,GRAMA TIPO JAPONESA POR M2,11.02
ARB023,FAJINA LARGO=1.80 MTS PARA TALUDES (MADE,0.23
ARB024,TRINITARIA MEDIANA / PLANTA - ARBUSTO <1,9.88
ARB025,PINO ENANO 40 CM / PLANTA-ARBUSTO,17.64
ARB026,FICUS MEDIANO / PLANTA-ARBUSTO <1M,13.22
ARB027,PALMERA Y 4 SOPORTES PROV PLANTA-ARBUSTO,33.09
ARB028,"ARBUSTOS, VEGETACION Y DECORACION P/PAIS",0.74
ARB029,FAJINA LEÑOSA DE MADERA O SIMILAR,0.21
ARB030,"ARCO FUTBOLITO 2"" MALLA CICLON GALV. CAN",771.4
ARB031,"SABILA - ALOE (PLANTA ARBUSTO) <0,3M",6.62
ARB032,TOBOGAN RECTO L= 4 M LAMINA GALVAN. (PAR,1542.77
ARB033,RUEDA GIRATORIA P/PARQUE DIAM= 1.60 MT,991.78
ARB034,SILLAS METALICAS PLEGABLES,93.67
ARB035,BANCO DE MADERA P/PARQUE CON ESPALDAR L=,418.76
ARB036,"RUEDA GIRATORIA D=1,75 P/ PARQUE",859.57
ARB037,TOBOGAN RECTO L= 3 M LAMINA GALVANIZADA ,1237.54
ARB038,ASPERSOR P/RIEGO C/ESTACA 1 VIA,19.84
ARB039,CONECTOR DE BRONCE P/MANGUERA DE RIEGO A,4.41
ARB040,MANGUERA PLASTICA T/CULEBRA RIEGO D= 1/2,2.39
ARB041,MANGUERA PLASTICA T/CULEBRA RIEGO D= 3/4,3.28
MZ0489,MORTERO HIDROFUGO,198.38
ARB042,PICO DE BRONCE P/MANGUERA DE RIEGO,15.16
ARB043,BANCO DE MADERA P/PARQUE CON ESPALDAR L=,551.02
ARB044,MALLA VOLEY BALL CON PARALES (CANCHA/PAR,420.97
ARB045,"TABLERO, BASE Y MALLA BASKETBALL (CANCHA",595.07
ARB046,ARCO FUTBOLITO COMPLETO REMOVIBLE (CANCH,881.57
ARB047,TABLERO BASKET-TORRE ARO MALLA CANCHA/PA,738.34
ARB048,TABLERO BASKETBALL FIB. VIDRIO C/ARO MAL,1146.05
ARB049,TORRE P/SOPORTE TABLERO BASKETBALL/PARQU,71.65
ARB050,TIERRA NEGRA ABONADA (JARDINERIA) EN SAC,5.21
ARB051,GRAMA ARTIFICIAL / CESPED SINTETICO H=32,28.4
ARB052,MALLA DE FUTBOLITO,187.34
ARB053,SACO DE ABONO,12.13
ARB054,MALLA VOLEY BALL SIN PARALES (CANCHA/PAR,165.32
ARB055,MALLA BASKETBALL SIN PARALES (CANCHA/PAR,27.55
ARB056,MALLA DE FUTBOLITO  FLEXIBLE (CANCHA/PAR,273.32
ARB057,RUEDA GIRATORIA P/PARQUE DIAM= 1.90 MT,995.12
ARB058,"GRAMA ESMERALDA EN SACO (0,5 M2/SCO)",7.69
ARB059,ROSA/FLOR PLANTA-ARBUSTO <1M,13.22
ARB060,ARO FIJO Y MALLA P/BASKET (CANCHA/PARQUE,77.13
ARB061,TABLERO MOVIL BASKET-TORRE ARO MALLA /PA,1221.01
ARB062,ALQUITRAN VEGETAL ENVACE DE 125 ML,12.36
ARB063,SABILA - ALOE (PLANTA ARBUSTO) MEDIANA,11.02
ARB064,GRAMA ARTIFICIAL / CESPED SINTETICO H=40,29.74
ARB065,GRAMA ARTIFICIAL / CESPED SINTETICO H=15,19.84
ARB066,GRAMA ARTIFICIAL / CESPED SINTETICO H=30,26.45
ARB067,GRAMA ARTIFICIAL / CESPED SINTETICO H=22,22.02
ARB068,CHAGUARAMOS PEQUEÑO DE JARDIN,33.09
ARB069,"PALMA BISMARCKIA NOBILIS O SIM X 2,5 MT",104.68
ARB070,CEDRO P/SIEMBRA /PLANTA ARBUSTO,22.02
ARB071,FLAMBOYANT ENANO P/SIEMBRA /PLANTA ARBUS,11.02
ARB072,CEIBA P/SIEMBRA /PLANTA ARBUSTO <1M,33.09
ARB073,GRAMA ARTIFICIAL HOLANDESA H=28 MM,44.07
ARB074,NIÑA BONITA /PLANTA ARBUSTO,8.81
ARB075,TRINITARIA GRANDE / PLANTA - ARBUSTO >1M,22.02
ARB076,GRAMA ARTIFICIAL HOLANDESA H=26 MM,40.45
ARB077,GRAMA ARTIFICIAL HOLANDESA H=30 MM,47.7
ARB078,GRAMA ARTIFICIAL HOLANDESA H=30 MM,51.29
ARB079,ACACIA PARA SIEMBRA / PLANTA-ARBUSTO H=1,33.09
ARB080,PALMA - PALMERA (PLANTA/ARBUSTO) <2 M,55.1
ARB081,PLANTA-ARBUSTO VETIVER P/REFORESTAR TALU,0.34
ARB082,"APAMATE MEDIANO 2,0 M (PLANTA-ARBUSTO)",44.07
ARB083,CAOBA ANTILLAS (PLANTA - ARBUSTO) 2 M,33.09
ARB084,BASE DE HIERRO ANCLAJE EN CONCRETO DE PA,165.32
ARC001,"BLOQUE*  PLATABANDA ARCILLA 15X20X40-5,2",0.74
ARC002,BLOQUE ARCILLA PLATABANDA 25X20X40 8/M2 ,0.61
ARC003,BLOQUE*  PLATABANDA ARCILLA 25X20X40-10 ,0.76
ARC004,"BLOQUE TABELON ARCILLA 6 X 20 X 80 (6,20",2.31
ARC005,BLOQUE*  DE ARCILLA 10 X 20 X 30 CM PMVP,0.61
ARC006,BLOQUE*  DE ARCILLA 15 X 20 X 30 CM PMVP,0.69
ARC007,BLOQUE DE ARCILLA P/PARED 20 X 20 X 30 #,0.93
ARC008,TECHO DE TEJA CRIOLLA DE ARCILLA,26.45
ARC009,TABLITA LISA DE ARCILLA,18.73
ARC010,BALDOSA CAICO LISO / ARCILLA VITRIFICADA,26.45
ARC011,BLOQUE*  PLATABANDA ARCILLA 20X20X40 P=7,0.74
ARC012,BLOQUE*  PLATABANDA ARCILLA 30X20X40 14 ,0.79
ARC013,BLOQUE*  DE ARCILLA 12 X 20 X 30 CM PMVP,0.64
ARC014,BLOQUE DE ARCILLA P/PARED 08 X 20 X 30 #,0.37
ARC015,LADRILLO ARCILLA PERFORADO REDONDO-O.L 5,0.42
ARC016,LADRILLO ARCILLA MACIZO 06X12X25 CM O. L,1.31
ARC017,BALDOSA GRAVEUCA 20  X 20  ART 389,4.41
ARC018,BALDOSA DE CAICO LISO / ARCILLA,25.36
ARC019,LADRILLO ARCILLA PERFORADO SENCILLO O.L ,0.42
ARC020,LADRILLO ARCILLA CRIOLLITO 11X03X24,0.67
ARC021,TABLITA DOBLE ARCILLA OBRA LIMPIA (EN PL,0.32
ARC037,BLOQUE DE ARCILLA P/PARED 12 X 20 X 30 #,0.65
ARC038,BLOQUE ARCILLA VENTILAC. 2 HUECOS 11X11X,1.29
ARC039,BLOQUE ARCILLA VENTILACION ESTRELLA 15X1,1.18
ARC040,BLOQUE ARCILLA VENTILAC.1 HUECO 12X12X12,1.08
ARC041,ESQUINERO ARCILLA LISO 05X11X24,0.64
ARC042,ESQUINERO ARCILLA DE TACO 05X11X24,0.53
ARC043,BLOQUE*  PARED ARCILLA 20X20 X30 16/M2-6,0.74
ARC044,PANELA DOBLE DE ARCILLA 30 X 30 X 4 P/PI,1.08
ARC045,PANELA DOBLE DE ARCILLA 20 X 20 X 4 P/PI,0.74
ARC046,LADRILLO ARCILLA CRIOLLO MACIZO 5 X 11 X,1.6
ARC047,"BLOQUE TABELON ARCILLA 8 X 20 X 60 (8,33",2.31
ARC048,LADRILLO ARCILLA MACIZO 06X12X24 CM,1.34
ARC049,LADRILLO ARCILLA PERFORADO DE CUÑA 05X11,0.42
ARC050,LADRILLO ARCILLA PERFORADO CASITAS O.L 5,0.32
ARC051,MITAD TABLITA ARCILLA SENCILLA RUSTICA 0,0.32
ARC052,BLOQUE*  P/TECHO Y PLATABANDA TABLON 6X2,1.5
ARC053,BLOQUE*  P/TECHO Y PLATABANDA TABLON 8X2,1.61
ARC054,LADRILLO ARCILLA DE TACO 05X11X24,0.42
ARC055,LADRILLO ARCILLA MACIZO CORRIENTE 05 X 1,1.08
ARC056,PANELA RUSTICA DE ARCILLA 20 X 20 X 1 PI,0.69
ARC057,TEJA CRIOLLA ARCILLA 16X4O CM PRECIO DE ,1.08
ARC058,CUÑAS CIRCULARES (ARCILLA),0.21
ARC059,PANELA RUSTICA DE ARCILLA 15 X 15 X 1 PI,0.48
ARC060,TABLITA ARCILLA RUSTICA 5 X 24 X 1,0.64
ARC061,TABLITA RUSTICA ARCILLA 11 X 24 X 1 DOBL,0.48
ARC062,TABLITA RUSTICA ARCILLA 5.5 X 1 X 24,0.42
ARC063,TABLITA DOBLE LISA ARCILLA O.L 5X5X24 (3,0.56
QUI054,GEOMALLA VERDE,4.05
ARC064,TABLITA LISA DE ARCILLA O.L 05X05X24,0.53
ARC065,TABLITA DE TACO ARCILLA O.L 03 X 05 X 24,0.39
ARC066,ESQUINERO ARCILLA DOBLE DE TACO O.L 05X1,0.21
ARC067,ESQUINERO ARCILLA VERTICAL 05X05X24,0.23
ARC068,BLOQUE ARCILLA VENTILACION UN HUECO 11X1,0.97
ARC069,BLOQUE ARCILLA VENTILACION O.L 11X11X20,0.64
ARC070,BLOQUE DE ARCILLA ORNAMENTAL O.L 15X15X2,0.85
ARC071,TEJA*  CRIOLLA DE ARCILLA 16X4O CMS PMVP,0.64
ARC072,MEDIA PANELA DOBLE ARCILLA 12.5 X 25 X 4,0.64
ARC073,BLOQUE DE ARCILLA P/PARED 10 X 20 X 30 #,0.53
ARC074,LADRILLO ARCILLA PERFORADO REDONDO DOBLE,0.42
ARC075,LADRILLO ARCILLA PERFORADO 06 X12 X24 CM,0.42
ARC076,BLOQUE DE ARCILLA P/PARED 15 X 20 X 30 #,0.71
ARC077,BLOQUE DE ARCILLA PLATABANDA P/NERVIOS 1,0.5
ARC078,BLOQUE ARCILLA PLATABANDA 15X20X40 8/M2 ,0.67
ARC079,BLOQUE DE ARCILLA PIÑATA P/NERVIOS 20 X ,0.84
ARC080,LADRILLO ARCILLA 16 HUECOS 11X12X25,0.97
ARC081,LADRILLO ARCILLA16 HUECOS 12 X12 X25,1.5
ARC082,LADRILLO ARCILLA DE 3 HUECOS 06 X12 X25,0.97
ARC083,LADRILLO ARCILLA PERFORADO DE 3 HUECOS 0,0.94
ARC084,BLOQUE DE ARCILLA TRINCOTE 12 X 15 X 30,1.75
ARC085,BLOQUE DE ARCILLA TRINCOTE 12 X 15 X 30 ,1.08
ARC086,BLOQUE ARCILLA VENTIL.1 HUECO 15X15X15 C,1.34
ARC087,BLOQUE ARCILLA VENTILACION ORNAMENTAL 15,1.08
ARC088,BLOQUE ARCILLA VENT. 3 HUECOS (TRILUX) 1,1.29
ARC089,LADRILLO ARCILLA TAPON 5X5X24 (56/M2),0.64
ARC090,TEJA DE ARCILLA GRANDE REDONDA,0.58
ARC091,TEJA DE ARCILLA GRANDE CUADRADA 40 X 19 ,1.29
ARC092,TEJA DE ARCILLA PEQUEÑA REDONDA,0.85
ARC093,TEJA DE ARCILLA PEQUEÑA CUADRADA 25 X 10,0.53
ARC094,TEJA CRIOLLA EJECUTIVA ARCILLA 28 X44 CM,1.31
ARC095,TEJA CRIOLLA DE ARCILLA (CUMBRERA) 40X18,1.08
ARC096,BLOQUE DE ARCILLA P/PARED E=25 CM #,0.64
ARC097,TEJA VIEJA DE ARCILLA,0.64
ARC098,PANELA CAICO/ARCILLA VITRIFICADA 30 X 30,25.36
ARC099,PANELA DOBLE DE ARCILLA 25 X 25 X 4 PISO,1.08
ARC100,PANELA PARA PISOS DE TERRACOTA DOBLE 20 ,17.64
ARC101,PANELA PARA PISOS DE TERRACOTA DOBLE 25 ,16.5
ARC102,PANELA PARA PISOS DE TERRACOTA UNA CARA ,1.75
ARC103,PANELA ARCILLA TERRACOTA P/TECHO 25 X 25,0.97
ARC104,PANELA CAICO/ARCILLA VITRIFICADA 12 X 25,0.64
ARC105,PANELA ARCILLA CAICO VITRIFICADA 20 X 20,0.85
ARC106,PANELA ARCILLA CAICO VITRIFICADA 25 X 25,1.97
ARC107,TEJA DE ARCILLA CARIBE 45 X 27 X 01 EN P,0.69
ARC108,PANELA PARA PISOS DE TERRACOTA DOBLE 12 ,18.73
ARC109,LADRILLO ARCILLA CURVO 06 X 12 X 25,0.48
ARC110,LADRILLO CRIOLLO DE ARCILLA 03 X 12 X25,0.42
ARC111,LADRILLO ARCILLA 16 HUECOS 06X12X25,0.74
ARC112,TABLILLA DE ARCILLA DOBLE 12X25 CM,10.49
ARC113,TABLILLA DE ARCILLA DOBLE 06X25 CM,8.46
ARC114,TEJA DE ARCILLA MARSELLESA O SIM,0.66
ARC115,LADRILLO ARCILLA PERF. DOBLE 11 X11X24 (,0.42
ARC116,PANEL PREFABRICADO,9.88
ARC117,"BLOQUE*  TABELON ARCILLA 6X20X60 (8,33/M",2.31
ARC118,LADRILLO ARCILLA OBRA LIMPIA MACIZO 05 X,1.15
ARC119,BLOQUE DE ARCILLA P/PARED 15 X 20 X 40,0.78
ARC120,ADOQUIN PARA TRANSITO LIVIANO,16.5
ARC121,"BLOQUE ""U"" ARCILLA P/VIGA CORONA 15X20X3",0.42
ARC122,BLOQUE PIÑATA  DE ARCILLA E=20 CM,0.85
ARC123,BLOQUE PIÑATA  DE ARCILLA E=25 CM,0.97
ARC124,"BLOQUE ""U"" ARCILLA P/VIGA CORONA 10 X 20",0.37
ARC125,"BLOQUE ""U"" ARCILLA P/VIGA CORONA 20X20X3",0.48
ARC126,BLOQUE DE ARCILLA P/PARED 10 X 20 X 30,0.61
ARC127,BLOQUE DE ARCILLA PARED 15 CM ALFARERIA ,0.69
ARC128,BLOQUE DE ARCILLA PARED 12 CM ALFARERIA ,0.64
ARC129,BLOQUE DE ARCILLA PARED 10 CM ALFARERIA ,0.6
ARC130,ADOQUIN PARA TRANSITO PESADO E= 8 CM,18.73
ARC131,BLOQUE PLATABANDA TABELON ARCILLA 6 X 20,2.31
ARC132,BLOQUE PLATABANDA TABELON ARCILLA 8 X 20,2.31
ARC133,CONSTRUCCION MURO DE LADRILLO H=1M PROME,148.75
ASF001,AGREGADOS SIN TRANSPORTE MEZCLA ASFALT C,21.46
ASF002,ASFALTO LIQUIDO (IPA O SIMILAR) 5 GAL,69.95
ASF003,ASFALTO LIQUIDO (EDIL O SIMILAR) 5 GAL,66.14
ASF004,ASFALTO LIQUIDO RC-250 DETAL,1.61
ASF005,PINTURA DE ALUMINIO BASE ASFALTICA,57.66
ASF006,MATERIAL ASFALTICO CURADO RAPIDO RC-250,385.72
ASF007,ASFALTO SOLIDO,1.39
ASF008,MATERIAL ASFALTICO TIPO RC 250,330.58
ASF009,FIBRA DE VIDRIO ASFALTICA RLL= 50 M2,1.57
ASF010,FIBRA DE VIDRIO ASFALTICA RLL= 50 M2,1.57
ASF011,CEMENTO /MATERIAL ASFALTICO RC-250 PLANT,363.67
ASF012,FIBRA DE VIDRIO P/DUCTOS C/ALUMINIO A/C,6.07
ASF013,IMPERMEABILIZACION TRES CAPAS,1.08
ASF014,PRIMER IPA  O SIM. REND=0.10 GAL/M2 (ASF,22.02
ASF015,MANTO DE POLIESTER EDIL E= 3 MM O SIMILA,9.88
ASF016,MANTO ASFALT. REAL ADHESIVO EDIL COLOR  ,12.13
ASF017,MATERIAL ASFALTICO TIPO MC 60-70 / ASFAL,396.71
ASF018,ASFALTO RC-250 / MATERIAL ASFALTICO,1.61
ASF019,MEZCLA ASFALTICA BOCA DE PLANTA EN CALIE,99.2
ASF020,MEZCLA ASFALTICA EN BOCA DE PLANTA  EN C,99.2
ASF021,MEZCLA ASFALTICA CALIENTE (AGREGADOS DE ,88.17
QUI055,MALLA / DRENAJE,1.29
ASF022,MEZCLA ASFALTICA CALIENTE-BOCA D/PLANTA-,99.2
ASF023,PRIMER EDIL O SIMILAR (ASFALTICO),21.46
ASF024,MEZCLA ASFALTICA BOCA/PLANTA EN CALIENTE,99.2
ASF025,EMULSION ASFALTICA (EDIL O SIMILAR),30.85
ASF026,MANTO DE FIBRA DE VIDRIO STANDARD E= 4 M,5.54
ASF027,FIBRA DE VIDRIO ASFALTICA (VELO) ROLLO 5,1.57
ASF028,MANTO DE FIBRA DE VIDRIO E= 4 MM,5.76
ASF029,"ASFALTO SEMISOLIDO (55 GALONES - 208,2 L",88.17
ASF030,MANTO ASFALTICO IPA E=2MM 10 M2,3.7
ASF031,MANTO ASFALTICO IPA E= 3 MM 10 M2,7.16
ASF032,MANTO ASFALTICO IPA E= 4 MM ROLLO 10 M2,9.42
ASF033,TEJA ASFALTICA RECTANGULAR E=3MM,14.65
ASF034,PINTURA ASFALTICA ALUMINIO IPA O SIMILAR,55.1
ASF035,RELLENO P/JUNTA IPA-JUNTOL CARTON,1.97
ASF036,MEZCLA ASFALTICA EN BOCA DE PLANTA EN CA,88.17
ASF037,MANTO DE FIBRA DE VIDRIO E= 4 MM,5.54
ASF038,MANTO DE FIBRA DE VIDRIO STANDARD E= 3 M,5.65
ASF039,MANTO DE FIBRA DE VIDRIO EDIL E= 3 MM O ,6.94
ASF040,MANTO DE FIBRA DE VIDRIO EDIL E= 4 MM O ,7.01
ASF041,MANTO REAL ADHESIVO COLOR E= 2.2 MM,12.24
ASF042,MANTO DE POLIESTER EDIL E= 3 MM O SIMILA,9.88
ASF043,PINTURA DE ALUMINIO BASE ASFALTICA 5 GAL,178.53
ASF044,PINTURA COLOR PARA IMPERMEABILIZAR TECHO,187.34
ASF045,MEZCLA ASFALTICA TIPO IV BOCA PLANTA EN ,88.17
ASF046,LAMINA FIBRA DE VIDRIO 4 MM COVERIB,17.64
ASF047,MEZCLA ASFALTICA TIPO IV BOCA PLANTA EN ,99.2
ASF048,MEZCLA ASFALTICA PLANTA EN CALIENTE,104.68
ASF049,MEZCLA ASFALTICA TIPO IV BOCA PLANTA EN ,121.22
ASF050,MEZCLA ASFALTICA BOCA DE PLANTA  EN CALI,99.2
ASF051,SELLO P/ JUNTAS HORIZ. SELLOCRET GRIS I-,11.55
ASF052,MANTO ASFALTICO GRANULADO E= 4 MM,9.88
ASF053,MEZCLA ASFALTICA EN CALIENTE BOCA DE PLA,110.19
ASF054,MEZCLA ASFALTICA TIPO II EN CALIENTE BOC,110.19
ASF055,MEZCLA ASFALTICA IV EN CALIENTE BOCA DE ,110.19
ASF056,ASFALTO LIQUIDO (BITUPLAST O SIMILAR) 5 ,61.51
ASF057,MANTO DE FIBRA DE VIDRIO STANDARD E= 3 M,5.29
ASF058,MEZCLA ASFALTICA BOCA DE PLANTA EN CALIE,88.17
ASF059,PRIMER EDIL O SIMILAR (ASFALTICO),52.91
ASF060,MANTO REAL ADHESIVO EDIL NORMAL E= 2.2 M,11.03
ASF061,MANTO ASFALT. REAL ADHESIVO FOLIO ALUMIN,13.22
ASF062,"MANTO ASFALTICO GRANULADO E= 3,5 MM",9.88
ASF063,MANTO ASFALTICO GRANULADO E= 3 MM,7.49
ASF064,"TERMOMANTO CON ANIME E= 1""",3.65
ASF065,"TERMOMANTO CON ANIME E= 1.5""",4.41
ASF066,PRIMER BITUPLAST O SIMILAR (ASFALTICO),24.26
ASF067,ASFALTO LIQUIDO (CINDU O SIMILAR),18.73
ASF068,CEMENTO/MATERIAL ASFALTICO RC-250 /ZULIA,1.08
ASF069,ASFALTO DILUIDO RC-250 BOCA DE PLANTA-MA,1.08
ASF070,EMUL FLEX (EMULSION ASFALTICA),5.97
ASF071,IMPERMEABILIZANTE EDIL EMULGLASS/ASFALTI,12.13
ASF072,EMULSION ASFALTICA (IPA O SIMILAR),9.35
ASF073,SUPER PRIMER ASFALTICO BITUPLAST O SIMIL,60.63
ASF074,MEZCLA ASFALTICA C/CONTRATO GOBIERNO EN ,88.17
ASF075,ASFALTO RC-250 / MATERIAL ASFALTICO,275.51
ASF076,MEZCLA ASFALTICA PLANTA EN CALIENTE P/PA,110.19
ASF077,ASFALTO SEMISOLIDO,1.08
ASF078,MANTO ASFALTICO REFORZADO E= 3 MM EDIL O,6.62
ASF079,MANTO ASFALTICO REFORZADO E= 4 MM EDIL O,7.69
ASF080,MANTO ASFALTICO SUPER E= 4 MM,5.37
ASF081,COSTO DE TRANSPORTE MAT. ASFALTICOS &T,5.54
ASF082,"FIBRA DE VIDRIO CON ALUMINIO 2""",7.24
ASF083,MANTO ASFALTICO ADHESIVO BITU ALUMINIO E,13.21
ASF084,ASFALTO MEZCLA LISTA P/BACHEO SCO 20 KG,24.26
ASF085,ASFALTO LIQUIDO (CINDU O SIMILAR) 5 GAL,58.41
ASF086,ASFALTO LIQUIDO 5 GAL,56.2
ASF087,ASFALTO LIQUIDO (COBERVENCA O SIMILAR),19.84
ASF088,FIBRA DE VIDRIO (VELO COBERGLASS O SIMIL,1.43
ASF089,MANTO*  ASFALTICO STANDARD E= 3 MM PMVP,6.07
ASF090,MANTO*  ASFALTICO STANDARD E= 4 MM PMVP,6.84
ASF091,MANTO ASFALTICO E= 2.8 MM COBERVENCA O S,4.29
ASF092,MANTO CON REFUERZO DE POLIESTER E= 3 MM,9.02
ASF093,MANTO CON REFUERZO DE POLIESTER E= 4 MM,13.22
ASF094,PRIMER IPA O SIMILAR (ASFALTICO) 5 GL,54.02
ASF095,MATERIAL ASFALTICO TIPO MC 60-70 PDVSA R,30.85
ASF096,MATERIAL ASFALTICO PDVSA REGULADO PLANTA,110.19
ASF097,CEMENTO PLASTICO EDIL O SIMILAR (ASFALTO,71.65
ASF098,ASFALTO OXIDADO TIPO IV TMB-55 GALONES -,88.17
ASF099,MEZCLA ASFALTICA EN BOCA DE PLANTA EN CA,123.41
ASF100,PRIMER COBERVENCA O SIMILAR (ASFALTICO),54.24
ASF101,CEMENTO PLASTICO (ASFALTO)  IPA 5 GAL O ,77.13
ASF102,"PRO MANTO ASFALTICO BITUPLAST E= 2,7 MM",5.91
ASF103,PINTURA DE ALUMINIO ASFALTICA 5 GLN,187.34
ASF104,MANTO*  ASFALTICO STANDARD E= 2 MM PMVP,3.28
ASF105,CEMENTO ASFALTICO,285.98
ASF106,JUNTA ASFALTICA A= 15 CMS E= 1CM,1.18
ASF107,MANTO REAL ADHESIVO EDIL FOLIO ALUMINIO ,13.21
ASF108,PINTURA P/TECHOS COLOR VERDE (IPA O SIM),203.87
ASF109,PINTURA ASFALTICA BITUPLAST O SIM 5 GLN,190.66
ASF110,EMULSION ASFALTICA PARA SLOURRY ROTURA L,1.61
ASF111,PINTURA COBERCOLOR P/TECHOS,198.38
ASF112,MANTO ASFALTICO STANDARD 3 MM ROLLO 10 M,60.52
ASF113,MANTO ASFALTICO STANDARD 4 MM ROLLO 10 M,68.32
ASF114,ASFALTO PENETRACION TIPO MC 60-70 (PTA C,110.19
ASF115,EMULSION ASFALTICA PARA SLOURRY SUPER,0.97
ASF116,MEZCLA ASFALTICA CALIENTE - ARAGUA,88.17
ASF117,MEZCLA ASFALTICA CALIENTE (LOBATERA ANZ/,99.2
ASF118,MEZCLA ASFALTICA EN CALIENTE / AGREG. CA,88.17
ASF119,CEMENTO PLASTICO IPA O SIMILAR (ASFALTO),24.26
ASF120,MATERIAL ASFALTICO TIPO RC 250 EN PLANTA,33.09
ASF121,ASFALTO RC-250 EN PLANTA/MATERIAL ASFALT,2.18
ASF122,ASFALTO LIQUIDO (IPA O SIMILAR),20.91
ASF123,MANTO ASFALTICO C/REFUERZO FIBRA POLIEST,8.82
ASF124,ASFALTO DILUIDO RC-250 (BOCA DE PLANTA A,1.08
ASF125,MATERIAL ASFALTICO TIPO MC 60-70,242.42
ASF126,CEMENTO ASFALTICO RC-250 (DISTRIBUIDORA),385.72
ASF127,MANTO ASFALTICO E = 3 MM C/VELO DE POLIE,8.82
ASF128,PINTURA ASFALTICA VERDE,52.91
ASF129,EMULSION ASFALTICA E33 IPA O SIMILAR,6.84
ASF130,EMULSION ASFALTICA E-33 IPA  CUÑETE=5 GL,28.62
ASF131,MANTO ASFALTICO C/REFUERZO INT. FIBRA VI,7.01
ASF132,TELA DE FIBRA DE VIDRIO ASFALTADA (ROLLO,2.18
ASF133,ASFALTO PLASTICO,18.73
ASF134,FIBRA D/VIDRIO ASFALTICA ROLLO = 50 M2,1.57
ASF135,TEJA ASFALTICA HEXAGONAL E=3 MM,16.15
ASF136,"MANTO ASFALTICO BITUPLAST E= 3,2 MM O SI",6.08
ASF137,MEZCLA ASFALTICA P/CANCHA (FINA) EN CALI,110.19
ASF138,MEZCLA ASFALTICA- BOCA DE PLANTA EN CALI,88.17
ASF139,ASFALTO SOLIDO CILINDRO DE 45 KG,63.93
ASF140,MEZCLA ASFALTICA ANZOATEGUI EN CALIENTE,99.2
ASF141,MANTO ASFALTICO ADHESIVO E= 3 MM FOLIO A,12.14
ASF142,MANTO ASFALTICO FOLIO ALUMINIO E=3 MM - ,9.25
ASF143,MANTO ASFALTICO ADHESIVO E=4 MM FOLIO AL,22.33
ASF144,ASFALTO PLASTICO (BITUPLAST O SIMILAR),66.14
ASF145,MANTO ASFALTICO STANDARD 3 MM,6.06
ASF146,MANTO ASFALTICO REFORZADO P/TRAFICO 4 MM,9.16
ASF147,S/T/C MEZCLA ASFALTICA CON IMPRIMACION+A,187.34
ASF148,MEZCLA ASFALTICA EN CALIENTE - CARABOBO,88.17
ASF149,MEZCLA ASFALTICA EN CALIENTE (ZULIA- POC,93.67
ASF150,MEZCLA-CONCRETO ASFALTICO EN CALIENTE TI,88.17
ASF151,MEZCLA ASFALTICA EN CALIENTE,110.19
ASF152,MEZCLA ASFALTICA EN CALIENTE-CARABOBO,88.17
ASF153,ASFALTO P/BACHEO BITUPLAS O SIMILAR SCO ,31.95
ASF154,MEZCLA ASFALTICA EN CALIENTE-ANZ EL TIGR,121.22
ASF155,MEZCLA ASFALTICA CALIENTE-CARACAS/YAGUAR,105.8
ASF156,PRIMER IPA O SIMILAR (ASFALTICO) PAILA 4,49.54
ASF157,PINTURA ASFALTICA GRIS 5 GL,168.61
ASF158,PINTURA ASFALTICA BLANCA 5 GL,180.74
ASF159,MEZCLA-CONCRETO ASFALTICO EN CALIENTE TI,88.17
ASF160,MEZCLA ASFALTICA EN CALIENTE (ZULIA/ EL ,92.57
ASF161,MEZCLA ASFALTICA CALIENTE (MONAGAS- BAJO,105.8
ASF162,MATERIAL ASFALTICO TIPO M4 / ASFALTO,30.85
ASF163,S/T/C MEZCLA ASFALTICA C/IMPRIMACION+ADH,242.42
ASF164,S/T/C MEZCLA ASFALTICA C/ RIEGO ADHEREN.,170.8
ASF165,S/T/C MEZCLA ASFALTICA  CALIENTE T-III -,170.8
ASF166,COLOCACION MEZCLA ASFALTICA CALIENTE-EST,52.91
ASF167,MATERIAL ASFALTICO MC-60 70 O SIMILAR AL,0.42
ASF168,MEZCLA ASFALTICA-CALIENTE BOCA DE PLANTA,99.2
ASF169,MEZCLA ASFALTICA-CALIENTE EN PLANTA-ZULI,88.17
ASF170,MEZCLA ASFALTICA-CALIENTE BARQUISIMETO,88.17
ASF171,RIEGO ADHERENCIA C/MATERIAL DE EMULSION ,1.08
ASF172,S/T/C MEZCLA ASFALTICA EN CALIENTE /BARQ,132.23
ASF173,"MANTO ASFALTICO SUPER BITUPLAST E= 4,2 M",6.3
ASF174,ASFALTO RC-250 PLANTA-DETAL A CONSTRUCTO,3.28
ASF175,S/T/C MEZCLA ASFALTICA EN CALIENTE AREA ,170.8
BAS001,GRANZON DE RIO,7.69
BAS002,"GRANZON NATURAL, SIN CARGA NI TRANSPORTE",5.54
BAS003,PIEDRA BRUTA / ZONA ANDINA,22.02
BAS004,GRANZON NATURAL DE MINA EN SITIO DE SAQU,5.54
BAS005,GRAVA ESTABILIZADA,20.91
BAS006,MATERIAL GRANULAR INTEGRAL,6.62
BAS007,GRANZON MEZCLADO,13.22
BAS008,MATERIAL DE EXCAVACION EN PRESTAMO,3.28
BAS011,GRAVA,22.02
BAS012,GRANZON NATURAL DE MINA (SIN CARGA),7.69
BAS013,PIEDRA*  TRITURADA RIO/MINA SITIO EXPLOT,11.02
BAS014,GRANZON NATURAL,12.13
BAS015,MATERIAL DE PRESTAMO PARA RELLENO,2.18
BAS017,GRAVA MENUDA,26.45
BAS018,RIPIO EN SITIO DE VENTA,18.73
BAS019,PIEDRA BRUTA EN CANTERA,18.73
BAS021,ROCA DE CANTERA,3.28
BAS022,MATERIAL ROCOSO DE DESECHO DE CANTERA,3.28
BAS023,EXCAVACION C/RETROEXCAV DE ZANJA-VR-CUNE,7.38
BAS024,EXTEND/COMPAC SUELO 95% PROCTOR STD C/EQ,9.03
C-0001,CONCRETO F'C 200 KG/CM2 A LOS 28 DIAS (M,159.93
C-0002,CONCRETO F'C 250 KG/CM2 A LOS 28 DIAS (M,164.69
C-0003,CONCRETO F'C 300 KG/CM2 A LOS 28 DIAS (M,181.49
C-0006,CONCRETO F'C 210 KG/CM2 A LOS 28 DIAS (M,161.82
C-0008,CONCRETO F'C 120 KG/CM2 A LOS 28 DIAS (M,135.17
C-0009,ACERO DE REFUERZO P/CONCRETO (MATERIALES,2.46
C-0010,JUEGO DE LIJAS (MATERIALES),11.03
C-0011,MORTERO CEMENTO ARENA 1:3 (MATERIALES),201.08
SAN107,MANOMETRO,28.95
C-0012,MORTERO CAL-ARENA-CEMENTO 1:2:+10% (MATE,441.12
C-0013,MORTERO PARA ENLUCIR GRUESO (MATERIALES),238.24
C-0014,CONCRETO F'C 150 KG/CM2 (MATERIALES),149.47
C-0015,MATERIALES TIPO 1 PARA PINTAR-EXCLUYE PI,39.55
C-0016,"MORTERO CEMENTO ARENA 1:2,5 (MATERIALES)",214.82
C-0017,MORTERO CEMENTO POLVO DE PIEDRA 1:1 (MAT,287.01
C-0018,MORTERO FINO PARA ENLUCIR (MATERIALES),177.04
C-0019,MORTERO GRANITO 1:2 (SOLO MATERIALES),1929.34
C-0020,MORTERO GRANITO CEMENTO GRIS 1:2 (MATERI,1315.13
C-0022,MORTERO CEMENTO ARENA 1:7 (MATERIALES),130.52
C-0023,MATERIALES P/ACOMETIDA ELECTRICA PROVISI,132.81
C-0024,CONCRETO F'C 220 KG/CM2 (MATERIALES),159
C-0025,CONCRETO F'C 200 KG/CM2,165.14
C-0026,"MORTERO DE CEMENTO 1:8 (PAREDES, PISOS)",129.15
C-0028,"MORTERO DE CEMENTO 1:6 (PAREDES, PISOS)",126.55
C-0029,MORTERO DE CEMENTO Y ARENA LAVADA 1:5,159.3
C-0030,MORTERO DE CEMENTO 1:4 FRISO/REVOQUE PAR,180.16
C-0033,"MORTERO CEMENTO ARENA 1:1 (CAPA IMPERM, ",288.26
C-0035,MORTERO DE CAL 1:2 +2%,220.28
C-0037,MORTERO GRANITO CEMENTO BLANCO 1:2 (MATE,2475.76
C-0038,BROCAL DE CONCRETO F'C 200 KG/CM2. CERCA,37.23
C-0040,"MORTERO CEMENTO ARENA 1:2,5",214.82
C-0041,MORTERO DE CEMENTO 1:4,179.96
C-0043,MEZCLILLA DE YESO,198.14
C-0048,MORTERO GROUT AUTONIVELANTE,2122.79
C-0050,MORTERO PEGA CEMENTO-ARENA 1:2,231.98
CAR001,BISAGRA HIERRO GALVANIZADO P/PORTON CERC,9.88
CAR002,CERRADURA AMBOS POMOS LIBRES,26.45
CAR003,"CERRADURA DE POMO CROMOMATE, EXTERIOR LI",49.54
CAR004,CERRADURA DE POMO EXT. C/LLAVE-INT. C/BO,29.74
CAR005,CERRADURA SOBREPONER P/PUERTA EXTERIOR M,46.5
CAR006,CERRADURA POMO CROMO BRILLANTE AMBOS POM,26.45
CAR007,CERRADURA POMO SCHLAGE A40-S MATE,44.07
CAR008,CERRADURA POMO SCHLAGE AS40-S MATE O SIM,52.91
CAR009,CERRADURA POMO SCHLAGE A40-S CROMADA,41.85
CAR010,HOJA DE PUERTA MADERA ENTAMBORADA Y FORM,96.98
CAR011,PLIEGO DE LIJA GRANO 320,2.66
CAR012,HOJA DE PUERTA ENTAMBORADA MADERA (VAIVE,49.54
CAR013,HOJA PUERTA METALICA ENTAMBORADA C/LAMIN,221.49
CAR014,LAMINA DE FORMICA,13.43
CAR015,LAMINA DE MADERA ENTAMBORADA,27.23
CAR016,LIQUIDOS AEROSOLES PARA FORMICA,2.18
CAR017,CERRADURA ELECTRICA EMBUTIR CISA O SIM,88.17
CAR018,MATERIALES PARA INSTALACION,0.06
CAR019,MATERIALES PARA INSTALACION Y FIJACION,0.11
CAR020,"PASADOR DE 5"" PARA PUERTAS",7.38
CAR021,"PASADOR VERTICAL 5"" PARA PUERTA",6.62
CAR022,PASAMANO DE MADERA ACABADO NATURAL,6.62
CAR023,PEGA AMARILLA DE CONTACTO P/RODAPIE,78.25
CAR024,PEGAMENTO DE CONTACTO P/RODAPIE O SIMILA,60.63
CAR025,PEGAMENTO P/FORMICA /PITRE/CHAPILLA,56.2
CAR026,POMO FIJO PARA PUERTAS,2.18
CAR027,PUERTA DE MADERA ENTAMB. REVESTIDA FORMI,143.23
CAR028,PUERTA DE MADERA P/MUEBLES,88.17
CAR029,PASADOR P/PUERTA DE MALLA CICLON (DOS HO,6.07
CAR030,PUERTA ENTAMBORADA DE MADERA,48.02
CAR031,PUERTA CON LAMINA SENCILLA HIERRO TIPO B,104.68
CAR032,PUERTA DE HIERRO DE LAMINA SENCILLA,99.2
CAR033,PUERTA C/LAMINA HIERRO PTA DIAMANTE ANCH,198.38
CAR034,PUERTA METALICA ENTAMB. HIERRO/ VISOR VI,330.58
CAR035,PUERTA*  METALICA ENTAMBORADA PMVP,176.32
CAR036,PUERTA METALICA ENTAMBORADA CAL 18 SEGUR,1432.57
CAR037,PUERTA SANTA MARIA ENRROLLABLE <15M2,252.39
CAR038,MUEBLE PARA RECEPCION (MADERA Y FORMICA),440.79
CAR039,TABIQUE DE MADERA PARA TAQUILLAS,19.84
CAR040,TIRADOR PLASTICO P/PUERTA DE GABINETE,3.28
CAR041,TIROS METALICOS/ ACERO,2.18
CAR042,CERRADURA  ACAB. ACERO NIQUEL CIL. MOV. ,33.3
CAR043,CERRADURA ANTIPANICO APERTURA EXTERIOR,577.45
CAR044,PUERTA PLASTICA PLEGABLE CON MARCO,39.67
CAR045,PUERTAS DE MADERA PLEGABLES TIPO ROMANIL,60.63
CAR046,MARCO DE MADERA,19.84
CAR047,HOJA DE PUERTA ENTAMBORADA MADERA PARDIL,78.25
CAR048,HOJA DE PUERTA ENTAMBORADA METALICA,143.23
CAR049,MUEBLE TIPO ESTANTE,110.19
CAR050,RODAPIE DE MADERA,8.01
CAR051,RODAPIE DE MADERA PARDILLO LISO,8.01
CAR052,CERRADURA P/ EDIFICACIONES,26.45
CAR053,"BISAGRA DE HIERRO LATONADO 3"" X 3"" E= 2M",6.07
SAN108,VALVULA DE SEGURIDAD,165.32
CAR054,"BISAGRA HIERRO NIQUELADO C/ROLINERA 3"" X",8.33
CAR055,BISAGRA DE HIERRO SIMPLE DE VAIVEN,42.57
CAR056,CILINDRO PARA CERRADURA NORMAL CON 3 LLA,61.72
CAR057,CERRADURA DE EMBUTIR NK 53211-25 CISA O ,41.85
CAR058,PUERTA DE HIERRO SENCILLA C/LAMINA Y CER,130.02
CAR059,PUERTA ENTAMBORADA DE MADERA,77.13
CAR060,"MARCO HIERRO PUERTA 90CM DRY WALL E=0,9M",77.15
CAR061,PUERTA DE MADERA ENTAMBORADA CON VIDRIO,176.32
CAR062,CERRADURA DE EMBUTIR NK 52011-25 CISA,51.84
CAR063,CERRADURA ANTIPANICO VERT. CISA EUROPA,661.2
CAR064,"PUERTA ENTAMBORADA DE MADERA (0,70M)",83.74
CAR065,"HOJA/LAMINA DE MADERA ENTAMBORADA 2,40 X",60.63
CAR066,"PUERTA ENTAMBORADA DE MADERA (0,90M X 2,",131.14
CAR067,PUERTA ENTAMBORADA DE MADERA ECONOMICA (,101.38
CAR068,"PUERTA DE VIDRIO TEMPLADO 10 MM, 0.91 X ",661.2
CAR069,CERRADURA POMO PC 40S ALUMINIO PLY 8,42.94
CAR070,PUERTA METALICA ENTAMBORADA RELLENO POLI,176.32
MAU029,BOLSA PARA BASURA,1.08
CAR071,"BISAGRA DE HIERRO 3""X3"", E =2 MM TIPO BR",5.97
CAR072,PUERTA MADERA PLEGABLE CAOBITA 0.9 X 2.1,77.13
CAR073,PUERTA PLEGABLE 0.8 X 2.10 M,99.2
CAR074,PUERTA PLEGABLE 0.8 X 2.10 MADERA,104.68
CAR075,PUERTA ENTAMBORADA MADERA ECONOMICA 0.9 ,108
CAR076,PUERTA DE MADERA FORMICA 0.9 X 2.10-PAÑO,113.49
CAR077,PUERTA DE MADERA CON FORMICA CLARA 0.7 X,132.23
CAR078,PUERTA MADERA Y FORMICA 0.7 X 2.10,125.62
CAR079,PUERTA MADERA REVESTIDA FORMICA  0.9 X 2,128.93
CAR080,PUERTA DE HIERRO TIPO ROMANILLA,128.93
CAR081,CERRADURA PARA PUERTAS DE VIDRIO,39.52
CAR082,PICAPORTE DE ALUMINIO,0.42
CAR083,CERRADURA POMO PESTILLO SIMPLE LIBRE/BOT,22.02
CAR084,CERRADURA POMO A.80PD TULIP 625 SCHLAGE,41.85
CAR085,CERRADURA POMO A80 PD TULIP 625/626 SCHL,42.94
CAR086,CERRADURA SOBREPONER CISA O SIM,55.1
CAR087,CERRADURA SOBREPONER PTA. BATIENTE CISA ,44.07
CAR088,CERRADURA DE EMBUTIR NK 52311-35 CISA,55.1
CAR089,CERRADURA DE GANCHO CISA O SIMILAR,47.7
CAR090,CERRADURA DE EMBUTIR NK 52310-60 CISA,66.14
CAR091,CERRADURA POMO A53 PD CROMADO OFICINA TU,26.45
CAR092,CERRADURA LATERAL 41420 CISA P/SANTAMARI,66.14
CAR093,CERRADURA POMO A10 S CROMADO M-1 COMUNIC,30.85
CAR094,CERRADURA POMO A40 S CROMADO M-8 BAÑOS,36.34
CAR095,CERRADURA POMO A53 WS-CROMADO M-10 DORMT,30.85
CAR096,CERRADURA POMO A87 BRILLANTE M-16 PLY 62,27.55
CAR097,CERRADURA POMO A40 S,44.07
CAR098,CERRADURA DE EMBUTIR NK 52310-45 CISA O ,72.07
CAR099,CERRADURA POMO PC 10S ALUMINIO M-1 PLY 8,24.26
CAR100,CERRADURA DE EMBUTIR NK 52111-35 CISA,51.84
CAR101,CERRADURA DE GANCHO PICO DE LORO CISA O ,40.77
CAR102,CERRADURA POMO A87 MATE M-16 PLY 625,25.57
CAR103,MADERA CONTRAENCHAPADO CAOBA,44.07
CAR104,"CHAPILLA DE MADERA CEDRILLO 0,80 M X 2,2",5.54
CAR105,COLA - PEGA BLANCA PARA CARPINTERIA,47.38
CAR106,MADERA SAQUI-SAQUI EN TABLAS,1322.37
CAR107,FRANJA DE MADERA DE CEDRO H=0.30 M,13.22
CAR108,ROMANILLA DE MADERA 0.57X0.3 M P/VENTIL.,20.91
CAR109,PICAPORTE DE BRONCE,3.28
CAR110,RIEL DE HIERRO PARA CLOSET,2.61
CAR111,"LAMINA TIPO COMPUESTO DE MADERA 15 MM 2,",66.14
CAR112,MADERA DE CEDRO EN TABLAS,931.19
CAR113,POMOS DE MADERA P/GABINETES,0.53
CAR114,"GAVETA DE MADERA 0,40 X 0,60 M",33.09
CAR115,PAÑOS DE MADERA,9.88
CAR116,CORTINERO Y RIEL,1.08
CAR117,MUEBLE PARA CENTRO HOSPITALARIO,220.4
CAR118,CIERRAPUERTA EMBUTIDO P/PUERTA TEMPLEX,82.64
CAR119,MANILLA PARA CERRADURA TIPO EMBUTIDA,60.63
CAR120,CERRADURA POMO PC 51S ALUMINIO PLY 8,27.55
CAR121,CERRADURA ANTIPANICO VERT. CISA 59315,567.52
CAR122,CERRADURA ANTIPANICO HORIZ. CISA 59300,442.99
CAR123,"LAMINA TIPO COMPUESTO MDF 9 MM (2,4X1,2 ",46.85
CAR124,PISO LAMINADO MDF FLOTANTE / ACABADO MAD,21.46
CAR125,RODAPIE MDF P/PISO LAMINADO FLOTANTE H=8,5.92
CAR126,"LAMINA MDF 18 MM (2,4 X 1,2 M)",85.71
CAR127,"LAMINA TIPO COMPUESTO MDF 25 MM (2,4X1,2",119
CAR128,CERRADURA EMBUTIR  ALTA SEGURIDAD CISA 4,473.87
CAR129,CERRADURA SOBREPONER ELECTRICA CISA O SI,161.01
CAR130,MUEBLE TIPO MODULO PARA ARCHIVO,440.79
CAR131,MADERA MACHIHEMBRADO TIPO SAMAN,41.85
CAR132,MADERA MACHIHEMBRADO TIPO PUY - PISO,57.34
CAR133,MADERA MACHIHEMBRADO TIPO ALGARROBO,77.13
CAR134,MADERA TIPO ALGARROBO,1102
CAR135,MADERA TIPO ALGARROBO P/PISO PARQUET O S,52.91
CAR136,GAVETERO ESTANDARD DE MADERA P/CLOSET,88.17
CAR137,TRAMO DE MADERA  P/CLOSET,6.62
CAR138,CAJA FUERTE/SEGURIDAD30X20X42 ELECTRONIC,66.14
CAR139,CAJA FUERTE/SEGURIDAD 3 DISCOS 24X20X36,71.65
CAR140,CAJA FUERTE/SEGURIDAD ELECTRONICA 24X20X,60.63
CAR141,CAJA FUERTE/SEGURIDAD3 DISCOS 30 X 20 X ,77.13
CAR142,MADERA PUY,716.28
CAR143,"LAMINA TIPO COMPUESTO MDF 12 MM (2,4X1,2",62.76
CAR144,MADERA PARA HUELLAS EN ESCALERAS,6.62
CAR145,GAVETA PARA PORTA TECLADO DE COMPUTADOR,16.5
CAR146,CERRADURA PARA MUEBLES CISA O SIMILAR,22.02
CAR147,PIE DE AMIGO EN MADERA REVESTIDO,5.54
CAR148,"LAMINA DE MADERA EN PANFORTE 2,4 X 1,20 ",20.91
CAR149,ARCHIVO RODANTE TIPO ARTURITO-MUEBLE,220.4
CAR150,ESCALONES DE MADERA DURA TIPO ALGARROBO,55.1
CAR151,ESCRITORIO PANFORTE/MDF -FORMICA SECRETA,220.4
CAR152,MESON P/CAJEROS MUEBLE BANCARIOS,121.22
CAR153,MESON PANFORTE- MUEBLE FORMICA (TOPE SIN,88.17
CAR154,RODAPIE DE MADERA TIPO ALGARROBO,13.22
CAR155,TABURETE/BANCO/ SILLA DE MADERA,33.09
CAR156,BRAZO HIDRAULICO PARA PUERTA,48.99
CAR157,BOCA LLAVE PARA CERRADURAS,6.62
CAR158,CERRADURA SEGURIDAD CISA O SIMILAR,60.63
CAR159,HEMBRILLA ELECTRICA 110V CERRADURA CISA ,82.64
CAR160,OJO MAGICO P/PUERTAS,7.05
CAR161,TIRADOR SENCILLO PARA PUERTAS,1.46
CAR162,TOPE PARA PUERTAS CROMADO,11.02
CAR163,CERRADURA P/PUERTA DE VIDRIO TEMPLEX 1 H,55.1
CAR164,CERRADURA BLINDADA CISA,576.37
CAR165,CERRADURA SOBREPONER DIENTE PERRO CISA,60.63
CAR166,"PUERTA ENTAMBORADA DE MADERA (0,80M)",90.36
CAR167,"BOCA DE VISITA P/ DRY WALL 36X36 CM-14""X",27.55
CAR168,TABIQUE DE MADERA REVESTIDO UNA CARA E=1,44.07
CAR169,"CHAPILLA MADERA CEDRO 1,6 X 2,2 MT E= 2.",33.09
CAR170,"CHAPILLA DE MADERA DE CEDRO 1 X 0,30 M",22.02
CAR171,MADERA DE CEDRO IMPORTADA P/CARPINTERIA\,1322.37
CAR172,"LAMINA TIPO COMPUESTO MDF 15 MM (2,4X1,2",74.75
CAR173,BISAGRA DE HIERRO DE 35 MM,3.65
CAR174,MANILLA CROMADA P/PUERTA CROMADA,22.02
CAR175,MANILLA ROSETA ACERO INOXIDABLE,20.91
CAR176,MATERIALES VARIOS,0.13
CAR177,MATERIALES VARIOS,0.11
CAR178,CERRADURA PARA EMBUTIR CISA DE 45 MM,72.76
CAR179,"LAMINA TIPO COMPUESTO MDF 10 MM (2,4X1,2",57.48
CAR180,CERRADURA POMO ACERO INOXIDABLE SATINADA,38.58
CAR181,CERRADURA DE 60 MM PARA PUERTA,42.94
CAR182,PUERTA DE MADERA MACIZA ROBLE/CAOBA,220.4
CAR183,MARCO DE MADERA P/TABIQUES/BASE,18.73
CAR184,MANILLA IMPORTADA PARA PUERTA\,33.09
CAR185,CERRADURA POMO P/SANITARIO ACABADO MADER,26.68
CAR186,CERRADURA POMO P/OFICINA ACABADO MADERA,33.09
CAR187,CERRADURA POMO P/EXTERIOR ACABADO MADERA,33.09
CAR188,PISO LAMINADO MDF FLOTANTE COLOR MADERA,16.98
CAR189,CERRADURA DE POMO TIPO PALANCA,40.34
CAR190,VENTANA ROMANILLA MADERA 50 X 30 CM P/PU,28.62
CAR191,PUERTA DE HIERRO LAMINA LISA Y TUBO DE 3,84.87
CAR192,PERFIL DE HIERRO GUIA DESLIZANTE P/PORTO,3.28
CAR193,PORTON DE HIERRO CORREDIZO DECORATIVO,19.84
CAR194,PORTON DE HIERRO BATIENTE DECORATIVO,20.91
CAR195,"PUERTA PLASTICA PLEGABLE 1 X 2,10 M C/MA",93.67
CAR196,"BISAGRA 4"" DE HIERRO LATONADO P/PUERTA M",6.39
CAR197,"MUEBLE /CLOSET/VESTIER MADERA H=2,40 M",451.81
CAR198,MADERA MACHIHEMBRADO TIPO TECA,20.91
CAR199,MANTENIMIENTO PISO MADERA TIPO PARQUET,2.18
CAR200,CILINDRO P/CERRADURA SEGURIDAD C/4 LLAVE,71.2
CAR201,HOJA/HOJILLA P/CEPILLO CARPINTERO-DESGAS,7.15
CAR202,CERRADURA DE POMO MATE METALICA LUJO,44.07
CAR203,CORREDERA P/GAVETA 35 - 40 CM,9.88
CAR204,CERRADURA PARA GAVETERO,19.84
CAR205,"LAMINA TIPO COMPUESTO MDF 3 MM (2,4X1,2 ",39.67
CAR206,"LAMINA MDF MELAMINA UNA CARA 3 MM (2,4X1",41.85
CAR207,"LAMINA MDF MELAMINA UNA CARA 15 MM (2,4X",88.17
CAR208,"LAMINA MDF 15 MM DOS CARAS BLANCAS (2,4X",99.2
CAR209,"LAMINA MDF 15 MM C/ALTO BRILLO CLARO (2,",159.78
CAR210,"LAMINA MDF 15 MM ALTO BRILLO 2,4 X 1,20 ",176.32
CAR211,"LAMINA MDF 18 MM  ACANALADA BLANCA (2,4X",121.22
CAR212,"LAMINA TIPO COMPUESTO MDF 30 MM (2,4X1,2",132.23
CAR213,"LAMINA DE PINO CONTRAENCHAPADO 2,4X1,2M ",115.7
CAR214,"LAMINA DE PINO CONTRAENCHAPADO 2,4X1,2M ",88.17
CAR215,"LAMINA DE PINO CONTRAENCHAPADO 2,4X1,2M ",71.65
CAR216,LAMINA MDF 18 MM COLOR CALA TROPICAL  (2,105.8
CAR217,"LAMINA MDF 18 MM MELAMINA NEGRA  (2,4X1,",181.83
CAR218,"MADERA PINO TABLA 18X366X2,5 CM",11.34
CAR219,MADERA DE PINO EN TABLAS CEPILLADAS,661.2
CAR220,MADERA MACHIHEMBRADO DE PINO,16.5
CAR221,"TABLA DE PINO 1,20 X 10CM X 2CM SIN CEPI",1.86
CAR222,"TABLA DE PINO 1,20 X 10CM X 2CM CEPILLAD",2.18
CAR223,MADERA DE PINO EN TABLAS SIN CEPILLAR,551.02
CAR224,VIGA DE PINO 366 X 12 X 6CM CONSTRUCCION,9.88
CAR225,VIGA DE PINO 366 X 12 X 6CM CONSTRUCCION,396.71
CAR226,ASERRIN DE PINO P/DERRAME/LIMPIEZA SCOX2,16.5
CAR227,CORTEZA VIRUTA PINO DECORATIVA JARDIN SC,8.81
CAR228,"ESCALON MADERA CAOBA 1 X 0,3 M E=5 CM",55.1
CAR229,DESCANSO DE MADERA CAOBA 1 X 1 M E=5 CM,198.38
CAR230,MADERA CAOBA PREPARADA E=5 CM,187.34
CAR231,MESON BACTERIOLOGIA FORMICA C/TOPE GRANI,1570.34
CAR232,PUERTA DE MADERA MACIZA CON VISOR DE VID,330.58
CAR233,RODAPIE MDF P/PISO LAMINADO FLOTANTE H=6,5.92
CAR234,"RODAPIE DE PVC E= 1,5 CM H=8 CM",8.28
CAR235,"RODAPIE DE PVC E= 1,5 CM H=10 CM",9.62
CAR236,RODAPIE /ZOCALO DE ALUMINIO H=15 CM,11.02
CAR237,RODAPIE /ZOCALO PARA BICHOS DE ALUMINIO ,12.13
CAR238,RODAPIE /ZOCALO PARA BICHOS DE ALUMINIO,11.55
CAR239,RODAPIE DE PVC / H=15 CM,8.22
CAR240,"ESCRITORIO SECRETARIAL L=1,6MT 2 GAV LAS",220.4
CAR241,ESCRITORIO MDF SECRETARIAL C/ALA Y ARTUR,385.72
CAR242,CERRADURA P/PUERTA DE VIDRIO TEMPLEX 2 H,60.63
CAR243,"TABLERO MADERA PINO ENCOFRADO 1,20 X 0,6",5.54
CAR244,BOCA LLAVE DE ALUMINIO P/CERRADURA,4.41
CAR245,BOCA LLAVE ACERO INOXIDABLE P/CERRADURA,8.81
CAR246,MADERA DE TECA,991.78
CAR247,MADERA DE APAMATE,771.4
CAV001,PUESTO TRABAJO SENCILLO FREE STANDING TI,881.57
CAV002,PUESTO TRABAJO/VISITAS FREE STANDING TIP,1983.59
CAV003,PUESTO TRABAJO/VISITAS FREE STANDING TIP,1983.59
CAV004,PUESTO TRABAJO/VISITAS FREE STANDING TIP,6611.93
CAV005,PUESTO TRABAJO ESCRITORIO AUTOSOPORT TIP,4407.96
CAV006,PUESTO TRABAJO ESCRITORIO AUTOSOPORT. TI,1763.2
CAV007,PUESTO TRABAJO SENCILLO FREE STANDING TI,771.4
CAV008,PUESTO TRABAJO SENCILLO FREE STANDING TI,1102
CAV009,"ESCRITORIO SENCILLO FS 1,20 X 0,60 MT TI",341.61
CAV010,"ESCRITORIO SENCILLO FS 1,50 X 0,60 MT TI",429.76
CAV011,MESA PARA AREA DE ESPERA 40 X 40 CM TIPO,110.19
CAV012,MESA ESQUINERA AREA DE ESPERA 60X60 CM T,137.72
CAV013,MESA REDONDA D= 1MT TIPO CANTV,242.42
CAV014,"MESA DE REUNION 0,75 X 1,5 MT TIPO CANTV",418.76
CAV015,"ARCHIVADOR 0,6 X 0,5 X 1M 3 GAVETAS TIPO",573.04
CAV016,"ARCHIVADOR 0,9 X 0,5 X 1M 3 GAVETAS TIPO",738.34
CAV017,"ARCHIVADOR 0,6 X 0,5 X 1,3M 4 GAVETAS TI",771.4
CAV018,"ARCHIVADOR 0,9 X 0,5 X 1,3M 4 GAVETAS TI",947.69
CAV019,SILLAS OPERATIVAS EN TELA AZUL TIPO CANT,164.22
CAV020,SILLAS PARA VISITANTES TELA AZUL TIPO CA,109.09
CAV021,SILLA SEMI EJECUTIVAS NEGRA BIPIEL TIPO ,330.58
CAV022,SILLA SEMI EJECUTIVA VISITA NEGRA BIPIEL,306.34
CAV023,SILLAS TIPO CAJERO EN TELA AZUL TIPO CAN,264.48
CAV024,SILLAS TANDEM 2 PUESTOS EN TELA AZUL TIP,374.69
CAV025,SILLAS TANDEM 3 PUESTOS EN TELA AZUL TIP,446.29
CAV026,MUEBLE/SOFA 2 PUESTOS EN TELA AZUL TIPO ,495.91
CAV027,MUEBLE/SOFA 3 PUESTOS EN TELA AZUL TIPO ,650.13
CAV028,"LOCKER 2 PUERTAS H= 1.96 M X 0,34 X 0,34",148.75
CAV029,"LOCKER 4 PUERTAS H= 1.96 M X 0,34 X 0,34",165.32
CAV030,SILLAS TANDEM 3 PUESTOS METAL MICROPERFO,339.38
CAV031,SILLAS TANDEM 2 PUESTOS METAL MICROPERFO,341.61
CAV032,SILLAS TANDEM 2 PUESTOS MICROPERFORADO C,209.36
CAV033,SILLAS TANDEM 3 PUESTOS FORRADA BIPIEL,484.88
CAV034,SILLAS TANDEM 2 PUESTOS FORRADA BIPIEL,429.76
CAV035,SILLAS 1 PUESTOS VISITA FORRADA BIPIEL,159.78
CAV036,SILLAS TANDEM 3 P MICROPERFORADO SIN ESP,339.38
CAV037,BANQUETA-SILLA NEGRA BASE CROMADA C/RUED,181.83
CAV038,"SILLA SECRETARIAL EJECUTIVA: RUEDAS, BRA",198.38
CAV039,"ESCRITORIO SENCILLO FS 1,60 X 0,80 M",176.32
CAV040,SILLA EJECUTIVA EN PIEL CON RUEDAS Y BRA,308.56
CAV041,MESA DE MUESTRAS C/CAPTACION DIRECTA AGU,2203.96
CAV042,"MESA REUNION 0,9 X 2,7 M MELAMINA Y META",440.79
CAV043,TELA P/TAPIZAR SILLAS DE OFICINA AZUL O ,5.54
CAV044,BASE P/SILLAS OFICINA 5 PATAS EJECUTIVA ,16.5
CAV045,BASE P/SILLAS OFICINA 5 PATAS EJECUTIVA ,22.02
CAV046,HIDRAULICO CROMADO P/SILLAS OFICINA EJEC,22.02
CAV047,RUEDA PLASTICA DE PIN P/SILLA OFICINA EJ,3.28
CAV048,TELA LINO REFORZADO E IMPORTADO P/TAPIZA,12.13
CAV049,GOMA ESPUMA REFUERZO P/TAPIZAR SILLA,2.72
CAV050,"GOMA ESPUMA H=2"" P/TAPIZAR SILLA",15.4
CAV051,"GOMA ESPUMA H=1"" P/TAPIZAR SILLA",5.54
CAV052,APOYA BRAZO PLASTICO TIPO PRESIDENCIAL P,22.02
CAV053,APOYA BRAZO PLASTICO SENCILLO P/SILLA OF,11.02
CAV054,APOYA BRAZO PLASTICO AJUSTABLE P/SILLA O,22.02
CAV055,APOYA BRAZO PLASTICO OVALADO P/SILLA OFI,16.5
CAV056,RUEDA PLASTICA REFORZADA P/SILLA OFIC PR,13.22
CAV057,CUERO / PIEL P/TAPIZAR SILLAS-MUEBLES,88.17
CAV058,SEMI CUERO / BIPIEL P/TAPIZAR SILLAS-MUE,16.5
CAV059,MANTENIMIENTO DEL HIDRAULICO P/SILLA OFI,7.69
CAV060,TAPA DE HIDRAULICO P/SILLAS OFICINA EJEC,22.02
CAV061,APOYA BRAZO BASICO PLASTICO  P/SILLA BUE,7.69
CAV062,RUEDA PLASTICA DE PIN ECONOMICA P/SILLA ,1.75
CAV063,SILLA EJECUTIVA DE CUERO,440.79
CAV064,SILLAS TANDEM 3 PUESTOS DE PLASTICO,275.51
CAV065,"MESA DE REUNION PARA 8 PERSONAS 2,4 X1,2",661.2
CAV066,"MESA DE REUNION PARA 6 PERSONAS 1,8 X1,1",661.2
CAV067,MESA REDONDA D= 1MT DE LUJO,385.72
CEM001,CAL EN PASTA - HIDRATADA SACO DE 10 KG #,7.8
CEM002,SACO DE CAL 8 KG #,4.97
CEM003,CEMENTO* GRIS PORTLAND TIPO III,8.81
CEM004,PASTA PROFESIONAL-MASTIQUE P/FIBROCEMENT,16.5
CEM005,CEMENTO BLANCO PORTLAND - 22.5 KG/SACO,26.79
CEM006,CAL EN POLVO POR KG,2.18
CEM007,CEMENTO*  GRIS P/FRISO ACABADO PMVP,8.46
CEM008,"CEMENTO BLANCO PORTLAND SACO DE 22,5 KG",26.45
CEM009,CEMENTO BLANCO PORTLAND POR KG / DETAL,2.72
CEM010,CEMENTO*  GRIS PORTLAND TIPO I PMVP,8.81
CEM011,MEZCLA LISTA CEMENTO P/PEGAR/FRISAR SCO ,7.48
CEM012,CEMENTO GRIS PORTLAND CPCA1-SACO,11.02
CEM013,YESO -  SACO DE 30 KG,24.26
CEM014,CAL EN PASTA HIDRATADA/TAMBOR 200 LT (CO,154.29
CEM015,CEMENTO GRIS PORTLAND POR KG / DETAL,1.08
CEM016,CEMENTO GRIS TIPO I / FERRETERIA SACO,12.13
CEM017,PIPOTE / TAMBOR VACIO CON TAPA CAP=200 L,55.1
CEM018,CEMENTO GRIS SACO 42.5 KG PORTLAND CPCA2,11.13
CEM019,"CEMENTO GRIS PORTLAND SACO 42.5 KG/93,7 ",11.88
CEM020,CEMENTO GRIS PORTLAND 42.5 KG SACO ROJO,11.66
CEM021,MEZCLA LISTA P/PEGAR BLOQUES ALFACEM 20 ,7.69
CEM022,SIKALISTO 22 MEZCLA LISTA PREDOSIFICADA ,50.73
CEM023,YESO EN POLVO AL DETAL POR KG,2.19
CEM024,CEMENTO GRIS PORTLAND TIPO I SACO-CONSTR,9.88
CEM025,"YESO EN POLVO. SACO DE 11,5 KG",11.6
CEM026,YESO EN POLVO. SACO DE 25 KG,22.02
CEM028,CAL EN PASTA CONTENIDO SIN ENVASE TAMBOR,110.19
CEM033,SACO DE CAL EN POLVO 8 KG,6.07
CEM034,SACO DE CAL EN POLVO 8 KG P/CONSTRUCCION,5.76
CEM035,CAL APAGADA POLVO 10 KG P/TRATAR AGUA SC,8.81
CEM037,CEMENTO GRIS PORTLAND SACO A GRANEL/SILO,7.69
CEM039,CEMENTO GRIS PORTLAND ULTRA SACO 42.5 KG,10.38
CEM040,CEMENTO GRIS PORTLAND A GRANEL EN SILOS,220.4
CEM041,CEMENTO GRIS PORTLAND SACO 42.5 KG #,9.88
CEM042,CEMENTO GRIS PORTLAND SACO 42.5 KG (MERC,11.44
CEM043,"CEMENTO GRIS ULTRA SACO 42.5 KG/93,7 LB",13.01
CER001,MATERIALES TIPO 3 PARA CERCAS,1.08
CER002,PASADOR PARA PUERTA TIPO MALLA CICLON,7.69
CER003,BRAZO DOBLE P/ALAMBRE PUAS EN CERCA GALV,9.88
CER004,"TUBO GALVANIZADO D=2"" E=1,1 MM CERCA 1.4",10.02
CER005,"TUBO GALVANIZADO D=1 1/4"" HORIZ. CERCA 0",6.54
CER006,CONCERTINA GALVANIZADA CUCHILLA LARGA,6.62
CER007,MALLA GALVANIZADA P/CERCA CICLON CAL. 9 ,22.79
CER008,BRAZO CORONAMIENTO DOBLE P/CERCA MALLA C,10.49
CER009,ALAMBRE DE PUAS GALVANIZADO C-15 P=0.053,0.26
CER010,"CONCERTINA D= 900 MM TIPO ARPON, ACERO I",39.67
CER011,"CONCERTINA D= 450 MM TIPO ARPON, ACERO I",24.79
CER012,ABRAZADERA PARA FIJACION DE CONCERTINA,0.16
CER013,MALLA GALV. CERCA CICLON PLASTIFICADA CA,21.76
CER014,ALAMBRE LISO GALVANIZADO PLASTIFICADO CA,7.15
CER015,"UNION NIPLE D=1 1/4"" P/CERCAS MALLA GALV",0.53
CER016,"MALLA GALVANIZADA P/CERCA CICLON CAL 13,",8.96
CER017,MALLA GALVANIZADA P/CERCA CICLON CAL 12 ,12.6
CER018,"BRAZO TERMINAL DOBLE P/CERCA 2"" X 1 1/14",12.13
CER019,"BRAZO DOBLE DE ESQUINA P/CERCA 2"" X 1 1/",12.76
CER020,BRAZO DOBLE PASANTE CERCA MALLA CICLON 2,11.31
CER021,"TORNILLO P/ABRAZADERA 1/4""X1"" CERCA MALL",0.53
CER022,"ABRAZADERA 2"" P/POSTE CERCA MALLA CICLON",1.1
CER023,"PLETINA ACERO 3/4""X3/16"" L=2,1M 1,5 KG/P",4.63
CER024,"PLETINA ACERO 3/4"" X 3/16"" P/CERCA 0,712",2.17
CER025,"TUBO GALVANIZADO D=2"" VERT. CERCA 8,972 ",60.31
CER026,"TUBO GALV HG D=1 1/4"" E=0,9MM - 4.285 K/",33.09
CER027,POSTE ESTANTILLO METALICO CERCA A-PUA H=,13.22
CER028,GRAPAS ACERO P/CERCA ALAMBRE PUAS CAJA 2,137.72
CER029,CABEZALE-BOLA PASANTE DE ESQUINA PARA CE,7.69
CER030,CABEZAL-BOLA PASANTE SENCILLO P/CERCAS 2,6.62
CER031,"BISAGRA, PASADOR, ABRAZADERAS Y ELECTROD",6.62
CER032,MALLA GALVANIZADA P/CERCA CICLON CAL 11 ,13.86
CER033,CRUCETA-TE P/FIJAR TUBERIA CERCA MALLA G,1.81
CER034,MODULO ENERGIZADOR P/CERCA ELECTRICA HAS,341.61
CER035,"CERCA ELECTRICA P/ENERGIZAR, AISLADOR Y ",18.73
CER036,CERCA PREFABRICADA,44.07
CER037,"BRAZO PASANTE 2"" SENCILLO P/CERCA MALLA",9.88
CER038,"CRUCETA P/CERCA MALLA GALV  2"" X 1 1/4""",1.75
CER039,"CERCA GALV C10 H=1,8M CON BROCAL SEC PET",39.67
CER040,"CERCA GALV C10 H=1,8M SIN BROCAL SEC PET",26.45
CER041,"CESTA GAVION 1 X 0,5 X 6 MT MACCAFERRI O",22.79
CER042,CESTA GAVION 1 X 1 X 4 MT MACCAFERRI O S,55.1
CER043,CESTA GAVION 1 X 1 X 6 MT MACCAFERRI  O ,77.13
CER044,"CESTA GAVION 1 X 0,5 X 4 MT MACCAFERRI  ",25.91
CER045,ALAMBRE ACERO GALVANIZADO P/AMARRE GAVIO,6.07
CER046,ALAMBRE GALV. PLASTIFI. P/AMARRE EN GAVI,6.62
CER047,"MALLA MOSQUITERO DE ALUMINIO H= 1,05 M",4.41
CER048,"MALLA PAJARERA GALVANIZADA 1/2"" C-20  H=",5.86
CER049,"MALLA POLLITO GALVANIZADA C-21 H=1,5 M X",6.4
CER050,PERFIL PARA MALLA MOSQUITERO,1.61
CER051,"MODULO ENERGIZADOR P/CERCA ELECTRICA 1,2",330.58
CER052,MALLA GALV. CERCA CICLON PLASTIFICADA CA,16.19
CER053,CABLE/HILO P/ CERCA ELECTRICA ENERGIZADA,0.16
CER054,POSTE/ESTANTILLO ACERO P/CERCAS H=2.40 M,14.53
CER055,MALLA GALV. CERCA CICLON PLASTIFICADA CA,19.83
CER056,MALLA GALVANIZADA CERCA CICLON C-10 H=2.,27.42
CER057,ESTANTILLO METALICO P/CERCA ALAMBRE PUA ,9.84
CER058,"POSTE ESTANTILLO ACERO CERCA A-PUA H=1,8",12.12
CER059,ESTANTILLO METALICO P/CERCA ALAMBRE PUA ,6.19
CER060,MALLA GALV CAMPO DEPORT PLASTIFIC-REPLAX,25.23
CER061,"ALAMBRE LISO GALVANIZADO CAL 17,5",5.54
CER062,CESTA GAVION 2X1X1 HUECO 10X10 CAL14,55.1
CER063,CESTA GAVION 2X1X1 HUECO 10X10 CAL12,66.14
CER064,CESTA GAVION 2X1X1 HUECO 8X10 CAL14,68.32
CER065,"PASADOR VERTICAL 5/8"" P/PORTON",23.12
CER066,CESTA GAVION 2X1X1 HUECO 8X10 CAL12,77.13
CER067,CESTA GAVION 2X1X1 HUECO 24X15 CAL12,44.07
CER068,"MALLA POLLITO GALVANIZADA C-21 H=0,90 M ",3.87
CER069,ESTANTILLO MADERA PLASTICA 7X7 CM L=2 MT,9.35
CER070,ESTANTILLO MADERA PLASTICA 6X6 CM L=2 MT,8.81
CER071,ESTANTILLO MADERA PLASTICA 8X8 CM L=2 MT,9.88
CER072,"ESTANTILLO MADERA PLASTICA 9X9 CM L=2,5 ",14.31
COC001,BLOQUE DE CONCRETO 15 X 20 X 40 CM#,1.21
COC002,BLOQUE*  DE CONCRETO 20 X 20 X 40 CM PMV,1.29
COC003,ESCALON DE CONCRETO PREFAB. ACAB. MARTIL,11.02
COC004,BLOQUE*  DE CONCRETO 15 X 20 X 40 CM PMV,1.08
COC005,BLOQUE DE CONCRETO ORNAMENTAL 4 HUECOS E,1.61
COC006,BROCAL CUNETA CONCRETO PREFABRICADO TIPO,13.22
COC007,CILINDRO CONCRETO B.V. TIPO A D= 1.2 M 4,269.28
COC008,DEFENSA CONCRETO TIPO A ISLA CENT. P/PAS,26.45
COC009,JUNTA ESPECIAL DE CONSTRUCCION,5.76
COC010,TEJA PREFABRICADA DE CONCRETO,7.69
COC011,"TUBO DE CONCRETO J.M. D = 0,25 M (10"") C",41.85
COC012,"TUBO DE CONCRETO J.M. D = 0,38 M (15"") C",85.97
COC013,PARED BLOQUE CONCRETO OL 15 CM SIN ESTRU,33.09
COC014,BLOQUE DE CONCRETO LIVIANO 10 X20X 40 AL,0.97
COC015,PARED BLOQUE CONCRETO OL 15 CM SIN ESTRU,31.95
COC016,"TUBO DE CONCRETO J.M. CL C-2 D= 6"" / 0,1",17.64
COC017,BLOQUE*  DE CONCRETO 12 X 20 X 40 CM PMV,1.24
COC018,BLOQUE DE CONCRETO 20 X 20 X 40 CM#,2.18
COC019,ESCALON DE CONCRETO PREFABRICADO ACAB. L,16.5
COC020,"CONO CONCRETO B.V.TIPO A D=61/120 CM-24""",214.2
COC021,POSTE D/CONCRETO P/ CERCA DE ALAMBRE PUA,9.88
COC022,"TUBO DE CONCRETO J.M. D = 0,30 M (12"") C",61.72
COC023,"TUBO DE CONCRETO J.M. D = 0,45 M (18"") C",126.73
COC024,"TUBO DE CONCRETO J.M. D = 0,60 M (24"") C",167.18
COC025,"TUBO DE CONCRETO J.M. D = 0,60 M (24"") C",158.63
COC026,"TUBO DE CONCRETO J.M. D = 0,70 M (27"") C",147.98
COC027,"TUBO DE CONCRETO J.M. D = 0,75 M (30"") C",301.5
COC028,PARED BLOQUE CONCRETO OL 15 CM CON ESTRU,33.09
COC029,"TUBO DE CONCRETO J.M. D = 1,05 M (42"") C",468.37
COC030,"TUBO DE CONCRETO J.M. D = 1,20 M (48"") C",716.28
COC031,BLOQUE*  DE CONCRETO 10 X 20 X 40 CM PMV,1.08
COC032,CILINDRO CONCRETO B.V. TIPO II D=0.6M 24,116.84
COC033,"CILINDRO CONCRETO B.V. TIPO B D=1.5M 60""",245.6
COC034,BLOQUE DE CONCRETO VENTILACION 2 HUECOS,1.61
COC035,"TUBO DE CONCRETO J.M. D = 1,20 M (48"") C",991.78
COC036,"TUBO DE CONCRETO J.M. D = 1,20 M (48"") C",621.52
COC037,"TUBO PERFORADO DE CONCRETO 12"" (30 CM) R",43.63
COC038,"TUBO CONCRETO MC J.M. D = 0,20 M (8"") C-",20.91
COC039,TAPA DE CONCRETO PARA CACHIMBO 8 PULG,3.28
COC040,"MITAD TUBO DE CONCRETO  D=6"" (150 MM) L=",9.88
COC041,"MITAD TUBO DE CONCRETO  D=8"" P/CANALES",14.31
COC042,"TUBO CONCRETO MC J.M. D = 0,15 M (6"") L=",16.5
COC043,"TUBO DE CONCRETO J.M. D = 0,38 M (15"") C",99.2
COC044,"CILINDRO CONCRETO B.V. TIPO B D=1.5M 60""",402.84
COC045,BLOQUE DE CONCRETO 10 X 20 X 40 CM P/PAR,1.29
COC046,BLOQUE DE CONCRETO SEMI ALIGERADO DE 10 ,1.29
COC047,BLOQUE DE CONCRETO LIVIANO (ALIGERADO) D,0.97
COC048,BLOQUE DE CONCRETO TIPO PATA DE GALLINA ,1.86
COC049,"TUBO CONCRETO LISO J.M. D = 0,20 M (8"") ",16.5
COC050,BLOQUE DE CONCRETO LIVIANO (ALIGERADO) D,1.29
COC051,DEFENSA CONCRETO TIPO L ISLA CENT. P/PAS,29.74
COC052,BLOQUE DE CONCRETO SEMI ALIGERADO DE 15 ,1.61
COC053,"BLOQUE DE CONCRETO EN ""U"" DE 15 CM",1.29
COC054,BLOQUE DE CONCRETO LIVIANO (ALIGERADO) D,1.18
COC055,BLOQUE DE CONCRETO ORNAMENTAL 2 HUECOS E,1.61
COC056,DEFENSA CONCRETO TIPO L ISLA CENTRAL,33.09
COC057,BLOQUE DE CONCRETO LIVIANO (ALIGERADO) D,1.29
COC058,"BLOQUE DE CONCRETO EN ""U"" DE 20 CM",1.29
COC059,"TUBO DE CONCRETO J.M. D = 0,70 M (27"") C",352.65
COC060,"CILINDRO CONCRETO B.V. TIPO A D=1.2M 48""",164.39
COC061,"JUNTA WATER STOP PVC 15 CM CON BULBOS 8""",16.5
COC062,BLOQUE DE CONCRETO LIVIANO 15X20X40 ALIV,1.08
COC063,"JUNTA WATER STOP PVC 15 CM CON BULBOS 4""",7.69
COC064,BLOQUE DE CONCRETO PERSIANA 15 CM VENTIL,2.18
COC065,BLOQUE DE CONCRETO VENTILACION ESTRELLA ,1.5
COC066,BLOQUE DE CONCRETO VENTILACION 15X20X20,1.4
COC067,"POSTE D/CONCRETO PARA DEFENSAS, L= 1.44 ",20.91
COC068,BLOQUE DE CONCRETO 2 HUECOS E=15 CM,1.4
COC069,BLOQUE DE CONCRETO ORNAMENTAL 8 HUECOS E,1.61
COC070,BLOQUE DE CONCRETO PLATABANDA PIÑATA ALI,1.4
COC071,BLOQUE PLATABANDA PIÑATA ALIG CONCRETO D,1.34
COC072,BLOQUE PLATABANDA PIÑATA ALIG CONCRETO D,1.5
COC073,BLOQUE PLATABANDA PIÑATA ALIG CONCRETO D,1.86
COC074,BLOQUE PLATABANDA PIÑATA ALIG.CONCRETO E,1.75
COC075,BLOQUE PLATABANDA PIÑATA ALIG.CONCRETO E,1.97
COC076,TAPONEO PROVISIONAL DE TUBERIA Y TRATAMI,66.14
COC077,"TUBO DE CONCRETO J.M. D = 0,60 M (24"") C",257.2
COC078,"PRUEBA TUBERIA A PRESION HASTA 2""",11.02
COC079,"TUBO DE CONCRETO J.M. D = 0,60 M (24"") C",441.53
COC080,TUBO ASBESTO CEMENTO ET L=4 M D=100MM P=,4.97
COC081,TUBO ASBESTO CEMENTO ET L=4 M D=150 MM P,6.62
COC082,TUBO ASBESTO CEMENTO LT L=4 M D=200 MM P,6.07
COC083,"CODO TUBO DE CONCRETO 45º, D= 15 CM (6"")",8.81
COC084,CORTE DE YEE TUBO DE CONCRETO A 45º D= 6,8.81
COC085,"TUBO DE CONCRETO J.M. D = 2,10 M (84"") C",2216.65
COC086,BLOQUE DE CONCRETO ALIGERA. PLATABANDA 2,1.5
COC087,LOSETA DE CONCRETO PREFABRICADA,8.81
COC088,DEFENSA CONCRETO TIPO A ISLA CENTRAL,30.85
COC089,BLOQUE DE CONCRETO LOCK JOINT O SIM E=15,1.29
COC090,BLOQUE DE CONCRETO A1 PARED CARGA LOCK J,1.97
COC091,BLOQUE DE CONCRETO A1 VIGA CORONA LOCK J,2.18
COC092,BLOQUE DE CONCRETO A1 ESQUINA LOCK JOINT,2.07
COC093,BLOQUE DE CONCRETO A1 P/COLUMNA LOCK JOI,0.53
COC094,"TUBO DE CONCRETO J.M. D = 0,60 M (24"") C",441.53
COC095,"TUBO DE CONCRETO J.M. D = 0,70 M (27"") C",209.36
COC096,INSTALACIONES PROVISIONALES PREFABRICADA,484.88
COC097,"TUBO DE CONCRETO J.M. D = 0,45 M (18"") C",132.23
COC098,MORTERO BASE P/PISOS GRANITO COLOR GRIS ,88.17
COC099,MORTERO BASE EN PISOS GRANITO COLOR OSCU,99.2
COC100,MORTERO BASE ACABADO PISOS,26.45
COC101,MORTERO CEMENTO-ARENA BASE PARA PISOS,24.26
COC102,BLOQUE DE CONCRETO LIVIANO 12X20X40 ALIV,1.29
COC103,BLOQUE DE CONCRETO OBRA LIMPIA 10 CM PAR,1.5
COC104,BLOQUE DE CONCRETO OBRA LIMPIA 15 CM,1.86
COC105,BLOQUE DE CONCRETO OBRA LIMPIA 20 CM,1.86
COC106,"TUBO DE CONCRETO J.M. D = 0,70 M (27"") C",319.57
COC107,"TUBO DE CONCRETO J.M. D = 0,25 M (10"") C",27.55
COC108,"TUBO DE CONCRETO J.M. D = 0,60 M (24"") C",170.8
COC109,"TUBO DE CONCRETO J.M. D = 0,90 M (36"") C",341.61
COC110,"TUBO DE CONCRETO J.M. D = 0,90 M (36"") C",374.69
COC111,"TUBO CONCRETO MC J.M. D = 0,15 M (6"") C-",16.5
COC112,"TUBO CONCRETO MC J.M. D = 0,15 M (6"") C-",15.4
COC113,"TUBO CONCRETO MC J.M. D = 0,20 M (8"") C-",17.64
COC114,"TUBO DE CONCRETO J.M. D = 0,25 M (10"") C",28.62
COC115,"TUBO DE CONCRETO J.M. D = 0,30 M (12"") C",54.02
COC116,"TUBO DE CONCRETO J.M. D = 0,30 M (12"") C",59.33
COC117,"TUBO DE CONCRETO J.M. D = 0,30 M (12"") C",60.85
COC118,"TUBO DE CONCRETO J.M. D = 0,38 M (15"") C",104.68
COC119,"TUBO DE CONCRETO J.M. D = 0,38 M (15"") C",88.17
COC120,"TUBO DE CONCRETO J.M. D = 0,38 M (15"") C",104.68
COC121,"TUBO DE CONCRETO J.M. D = 0,45 M (18"") C",125.62
COC122,"TUBO DE CONCRETO J.M. D = 0,45 M (18"") C",132.23
COC123,"TUBO DE CONCRETO J.M. D = 0,45 M (18"") C",125.62
COC124,"TUBO DE CONCRETO J.M. D = 0,50 M (21"") C",176.32
COC125,"TUBO DE CONCRETO J.M. D = 0,50 M (21"") C",110.19
COC126,"TUBO DE CONCRETO J.M. D = 0,50 M (21"") C",123.41
COC127,"TUBO DE CONCRETO J.M. D = 0,50 M (21"") C",127.82
COC128,"TUBO DE CONCRETO J.M. D = 0,50 M (21"") C",274.63
COC129,"TUBO DE CONCRETO J.M. D = 0,60 M (24"") C",154.33
COC130,"TUBO DE CONCRETO J.M. D = 0,60 M (24"") C",132.23
COC131,"TUBO DE CONCRETO J.M. D = 0,60 M (24"") C",132.23
COC132,"TUBO DE CONCRETO J.M. D = 0,60 M (24"") C",176.32
COC133,"TUBO DE CONCRETO J.M. D = 0,60 M (24"") C",209.96
COC134,"TUBO DE CONCRETO J.M. D = 0,60 M (24"") C",275.51
COC135,"TUBO DE CONCRETO J.M. D = 0,70 M (27"") C",154.29
COC136,"TUBO DE CONCRETO J.M. D = 0,70 M (27"") C",181.83
COC137,"TUBO DE CONCRETO J.M. D = 0,70 M (27"") C",220.4
COC138,"TUBO DE CONCRETO J.M. D = 0,70 M (27"") C",319.57
COC139,"TUBO DE CONCRETO J.M. D = 0,75 M (30"") C",242.42
COC140,"TUBO DE CONCRETO J.M. D = 0,75 M (30"") C",209.36
COC141,"TUBO DE CONCRETO J.M. D = 0,75 M (30"") C",402
COC142,"TUBO DE CONCRETO J.M. D = 0,75 M (30"") C",540.16
COC143,"TUBO DE CONCRETO J.M. D = 0,80 M (33"") C",342.66
COC144,"TUBO DE CONCRETO J.M. D = 0,80 M (33"") C",357.61
COC145,"TUBO DE CONCRETO J.M. D = 0,80 M (33"") C",454.45
COC146,"TUBO DE CONCRETO J.M. D = 0,80 M (33"") C",566.18
COC147,"TUBO DE CONCRETO J.M. D = 0,90 M (36"") C",360.36
COC148,"TUBO DE CONCRETO J.M. D = 0,90 M (36"") C",606.09
COC149,"TUBO DE CONCRETO J.M. D = 1,05 M (42"") C",418.76
COC150,"TUBO DE CONCRETO J.M. D = 1,05 M (42"") C",495.91
COC151,"TUBO DE CONCRETO J.M. D = 1,05 M (42"") C",440.79
COC152,"TUBO DE CONCRETO J.M. D = 1,05 M (42"") C",775.82
COC153,"TUBO DE CONCRETO J.M. D = 1,20 M (48"") C",440.79
COC154,"TUBO DE CONCRETO J.M. D = 1,20 M (48"") C",771.4
COC155,"TUBO DE CONCRETO J.M. D = 1,20 M (48"") C",1087.68
COC156,"TUBO DE CONCRETO J.M. D = 1,20 M (48"") C",1212.18
COC157,"TUBO DE CONCRETO J.M. D = 1,35 M (54"") C",1102
COC158,"TUBO DE CONCRETO J.M. D = 1,35 M (54"") C",1013.85
COC159,"TUBO DE CONCRETO J.M. D = 1,35 M (54"") C",1300.36
COC160,"TUBO DE CONCRETO J.M. D = 1,35 M (54"") C",1652.99
COC161,"TUBO DE CONCRETO J.M. D = 1,50 M (60"") C",1229.73
COC162,"TUBO DE CONCRETO J.M. D = 1,50 M (60"") C",1399.32
COC163,"TUBO DE CONCRETO J.M. D = 1,50 M (60"") C",1441.75
COC164,"TUBO DE CONCRETO J.M. D = 1,50 M (60"") C",2099.02
COC165,"TUBO DE CONCRETO J.M. D = 1,65 M (66"") C",881.57
COC166,"TUBO DE CONCRETO J.M. D = 1,65 M (66"") C",1675
COC167,"TUBO DE CONCRETO J.M. D = 1,65 M (66"") C",2081.05
COC168,"TUBO DE CONCRETO J.M. D = 1,65 M (66"") C",2690.17
COC169,"TUBO DE CONCRETO J.M. D = 1,80 M (72"") C",2099.99
COC170,"TUBO DE CONCRETO J.M. D = 1,80 M (72"") C",2307.03
COC171,"TUBO DE CONCRETO J.M. D = 1,80 M (72"") C",2366.19
COC172,"TUBO DE CONCRETO J.M. D = 1,80 M (72"") C",2721.13
COC173,"TUBO DE CONCRETO J.M. D = 2,10 M (84"") C",2216.65
COC174,"TUBO DE CONCRETO J.M. D = 2,10 M (84"") C",1900.02
COC175,"TUBO DE CONCRETO J.M. D = 2,10 M (84"") C",2810.4
COC176,"TUBO DE CONCRETO J.M. D = 2,40 M (96"") C",2766.27
COC177,"TUBO DE CONCRETO J.M. D = 2,40 M (96"") C",2527.76
COC178,"TUBO DE CONCRETO J.M. D = 2,70 M (108"") ",2975.36
COC179,"TUBO DE CONCRETO J.M. D = 2,70 M (108"") ",2975.36
COC180,"TUBO DE CONCRETO J.G. D = 0,15 M (6"") C-",41.85
COC181,"TUBO DE CONCRETO J.G. D = 0,20 M (8"") C-",37.67
COC182,"TUBO DE CONCRETO J.G. D = 0,25 M (10"") C",79.28
COC183,"TUBO DE CONCRETO J.G. D = 0,30 M (12"") C",143.23
COC184,"TUBO DE CONCRETO J.G. D = 0,38 M (15"") C",121.22
COC185,"TUBO DE CONCRETO J.G. D = 0,45 M (18"") C",209.79
COC186,"TUBO DE CONCRETO J.G. D = 0,50 M (21"") C",209.36
COC187,"TUBO DE CONCRETO J.G. D = 0,50 M (21"") C",249.04
COC188,"TUBO DE CONCRETO J.G. D = 0,50 M (21"") C",352.65
COC189,"TUBO DE CONCRETO J.G. D = 0,60 M (24"") C",396.1
COC190,"TUBO DE CONCRETO J.G. D = 0,60 M (24"") C",221.99
COC191,"TUBO DE CONCRETO J.G. D = 0,60 M (24"") C",396.1
COC192,"TUBO DE CONCRETO J.G. D = 0,60 M (24"") C",474.47
COC193,"TUBO DE CONCRETO J.G. D = 0,60 M (24"") C",596.34
COC194,"TUBO DE CONCRETO J.G. D = 0,70 M (27"") C",348.43
MAU030,PRODUCTOS DE LIMPIEZA,9.88
COC195,"TUBO DE CONCRETO J.G. D = 0,70 M (27"") C",312.57
COC196,"TUBO DE CONCRETO J.G. D = 0,70 M (27"") C",466.3
COC197,"TUBO DE CONCRETO J.G. D = 0,70 M (27"") C",404.81
COC198,"TUBO DE CONCRETO J.G. D = 0,75 M (30"") C",341.61
COC199,"TUBO DE CONCRETO J.G. D = 0,75 M (30"") C",606.09
COC200,"TUBO DE CONCRETO J.G. D = 0,75 M (30"") C",848.51
COC201,"TUBO DE CONCRETO J.G. D = 0,75 M (30"") C",980.78
COC202,"TUBO DE CONCRETO J.G. D = 0,80 M (33"") C",759.85
COC203,"TUBO DE CONCRETO J.G. D = 0,80 M (33"") C",968.45
COC204,"TUBO DE CONCRETO J.G. D = 0,80 M (33"") C",1020.58
COC205,"TUBO DE CONCRETO J.G. D = 0,80 M (33"") C",1087.64
COC206,"TUBO DE CONCRETO J.G. D = 0,90 M (36"") C",885.35
COC207,"TUBO DE CONCRETO J.G. D = 0,90 M (36"") C",979.92
COC208,"TUBO DE CONCRETO J.G. D = 0,90 M (36"") C",1177.58
COC209,"TUBO DE CONCRETO J.G. D = 0,90 M (36"") C",1590.18
COC210,"TUBO DE CONCRETO J.G. D = 1,05 M (42"") C",1101.56
COC211,"TUBO DE CONCRETO J.G. D = 1,05 M (42"") C",1551.17
COC212,"TUBO DE CONCRETO J.G. D = 1,05 M (42"") C",1865.89
COC213,"TUBO DE CONCRETO J.G. D = 1,05 M (42"") C",2068.22
COC214,"TUBO DE CONCRETO J.G. D = 1,20 M (48"") C",1745.79
COC215,"TUBO DE CONCRETO J.G. D = 1,20 M (48"") C",1930.35
COC216,"TUBO DE CONCRETO J.G. D = 1,20 M (48"") C",2086.49
COC217,"TUBO DE CONCRETO J.G. D = 1,20 M (48"") C",2526.46
COC218,"TUBO DE CONCRETO J.G. D = 1,35 M (54"") C",2432.43
COC219,"TUBO DE CONCRETO J.G. D = 1,35 M (54"") C",2747.42
COC220,"TUBO DE CONCRETO J.G. D = 1,35 M (54"") C",2869.94
COC221,"TUBO DE CONCRETO J.G. D = 1,35 M (54"") C",3849.9
COC222,"TUBO DE CONCRETO J.G. D = 1,50 M (60"") C",1632.56
COC223,"TUBO DE CONCRETO J.G. D = 1,50 M (60"") C",2947.13
COC224,"TUBO DE CONCRETO J.G. D = 1,50 M (60"") C",3392.37
COC225,"TUBO DE CONCRETO J.G. D = 1,50 M (60"") C",4028.42
COC226,"TUBO DE CONCRETO J.G. D = 1,65 M (66"") C",3070.83
COC227,"TUBO DE CONCRETO J.G. D = 1,65 M (66"") C",3426.16
COC228,"TUBO DE CONCRETO J.G. D = 1,65 M (66"") C",1928.79
COC229,"TUBO DE CONCRETO J.G. D = 1,65 M (66"") C",2639.39
COC230,"TUBO DE CONCRETO J.G. D = 1,80 M (72"") C",3430.97
COC231,"TUBO DE CONCRETO J.G. D = 1,80 M (72"") C",3490.15
COC232,"TUBO DE CONCRETO J.G. D = 1,80 M (72"") C",2314.17
COC233,"TUBO DE CONCRETO J.G. D = 1,80 M (72"") C",2454.95
COC234,"TUBO DE CONCRETO J.G. D = 2,10 M (84"") C",2612.48
COC235,"TUBO DE CONCRETO J.G. D = 2,10 M (84"") C",2414.57
COC236,"TUBO DE CONCRETO J.G. D = 2,10 M (84"") C",2889.61
COC237,"TUBO DE CONCRETO J.G. D = 2,40 M (96"") C",3863.24
COC238,"TUBO DE CONCRETO J.G. D = 2,40 M (96"") C",3481.68
COC239,"TUBO DE CONCRETO J.G. D = 2,70 M (108"") ",4297.76
COC240,"TUBO DE CONCRETO J.G. D = 2,70 M (108"") ",3967.18
COC241,"JUNTA DE GOMA P/TUBERIA DE CONCRETO D=0,",0.64
COC242,"JUNTA DE GOMA P/TUBERIA DE CONCRETO D=0,",0.74
COC243,"JUNTA DE GOMA P/TUBERIA DE CONCRETO D=0,",1.18
COC244,"JUNTA DE GOMA P/TUBERIA DE CONCRETO D=0,",1.08
COC245,"JUNTA DE GOMA P/TUBERIA DE CONCRETO D=0,",1.08
COC246,"JUNTA DE GOMA P/TUBERIA DE CONCRETO D=0,",1.08
COC247,JUNTA DE GOMA P/TUBERIA DE CONCRETO D=50,1.29
COC248,JUNTA DE GOMA P/TUBERIA DE CONCRETO D=60,3.28
COC249,JUNTA DE GOMA P/TUBERIA DE CONCRETO D=70,1.4
COC250,JUNTA DE GOMA P/TUBERIA DE CONCRETO D=75,1.61
COC251,JUNTA DE GOMA P/TUBERIA DE CONCRETO D=80,1.86
COC252,JUNTA DE GOMA P/TUBERIA DE CONCRETO D=90,1.97
COC253,"JUNTA DE GOMA P/TUBERIA DE CONCRETO D=1,",2.84
COC254,"JUNTA DE GOMA P/TUBERIA DE CONCRETO D=1,",3.17
COC255,"JUNTA DE GOMA P/TUBERIA DE CONCRETO D=1,",4.97
COC256,"JUNTA DE GOMA P/TUBERIA DE CONCRETO D=1,",5.54
COC257,"JUNTA DE GOMA P/TUBERIA DE CONCRETO D=1,",7.59
COC258,"JUNTA DE GOMA P/TUBERIA DE CONCRETO D=1,",8.22
COC259,"JUNTA DE GOMA P/TUBERIA DE CONCRETO D=2,",9.25
COC260,"JUNTA DE GOMA P/TUBERIA DE CONCRETO D=2,",8.81
COC261,"JUNTA DE GOMA P/TUBERIA DE CONCRETO D=2,",11.66
COC262,JUNTA DE GOMA PARA TUBERIA DE CONCRETO D,0.74
COC263,JUNTA DE GOMA PARA TUBERIA DE CONCRETO D,0.74
COC264,BLOQUE DE CONCRETO 12 X 20 X 40,1.29
COC265,JUNTA DE GOMA PARA TUBERIA DE CONCRETO D,9.88
COC266,JUNTA DE GOMA PARA TUBERIA DE CONCRETO D,0.97
COC267,JUNTA DE GOMA PARA TUBERIA DE CONCRETO D,1.29
COC268,JUNTA DE GOMA P/TUBERIA DE CONCRETO D= 5,1.4
COC269,"JUNTA DE GOMA P/TUBERIA DE CONCRETO D=0,",3.55
COC270,"MITAD TUBO DE CONCRETO  D=10"" P/CANALES",17.64
COC271,JUNTA DE GOMA PARA TUBERIA DE CONCRETO D,1.62
COC272,JUNTA DE GOMA PARA TUBERIA DE CONCRETO D,1.93
COC273,JUNTA DE GOMA PARA TUBERIA DE CONCRETO D,2.05
COC274,JUNTA DE GOMA PARA TUBERIA DE CONCRETO D,2.51
COC275,JUNTA DE GOMA PARA TUBERIA DE CONCRETO D,2.96
COC276,JUNTA DE GOMA PARA TUBERIA DE CONCRETO D,4.41
COC277,JUNTA DE GOMA PARA TUBERIA DE CONCRETO D,6.62
COC278,JUNTA DE GOMA PARA TUBERIA DE CONCRETO D,7.69
COC279,JUNTA DE GOMA PARA TUBERIA DE CONCRETO D,7.69
COC280,JUNTA DE GOMA PARA TUBERIA DE CONCRETO D,9.88
COC281,"MITAD TUBO DE CONCRETO  D=12"" P/CANALES",25.36
COC282,"MITAD TUBO DE CONCRETO  D=15"" P/CANALES",33.09
MT145,VIDRIO PLANO E= 6 MM,112.38
COC283,JUNTA DE GOMA P/TUBERIA DE CONCRETO D=45,4.41
COC284,JUNTA DE GOMA P/TUBERIA DE CONCRETO D=50,4.97
COC285,JUNTA DE GOMA P/TUBERIA DE CONCRETO D=60,6.62
COC286,JUNTA DE GOMA P/TUBERIA DE CONCRETO D=70,4.86
COC287,JUNTA DE GOMA P/TUBERIA DE CONCRETO D=75,5.65
COC288,JUNTA DE GOMA P/TUBERIA DE CONCRETO D=80,6.18
COC289,JUNTA DE GOMA P/TUBERIA DE CONCRETO D=90,6.67
COC290,"JUNTA DE GOMA P/TUBERIA DE CONCRETO D=1,",7.38
COC291,"JUNTA DE GOMA P/TUBERIA DE CONCRETO D=1,",11.02
COC292,"JUNTA DE GOMA P/TUBERIA DE CONCRETO D=1,",19.84
COC293,"JUNTA DE GOMA P/TUBERIA DE CONCRETO D=1,",30.85
COC294,"JUNTA DE GOMA P/TUBERIA DE CONCRETO D=1,",38.58
COC295,"JUNTA DE GOMA P/TUBERIA DE CONCRETO D=1,",44.07
COC296,"JUNTA DE GOMA P/TUBERIA DE CONCRETO D=2,",60.63
COC297,"JUNTA DE GOMA P/TUBERIA DE CONCRETO D=2,",66.14
COC298,"JUNTA DE GOMA P/TUBERIA DE CONCRETO D=2,",99.2
COC299,JUNTA DE GOMA P/TUBERIA DE CONCRETO D=30,3.76
COC300,"CILINDRO CONCRETO B.V. TIPO A D=1.2M 48""",246.43
COC301,"CILINDRO CONCRETO B.V. TIPO B D=1.5M 60""",122.89
COC302,"MITAD TUBO DE CONCRETO  D=18"" P/CANALES",77.13
COC303,"CONO CONCRETO B.V.TIPO B D=120/150CM 48""",190.83
COC304,ESCAMA PREFABRICADA DE CONCRETO,39.67
COC305,"CONCRETO  F'C=150 KG/CM2, PREPARADO EN S",119
COC306,"CONCRETO  F'C= 210 KG/CM2, PREPARADO EN ",143.23
COC307,CABEZAL TERMINAL DE CONCRETO PARA DEFENS,8.81
COC308,CABEZAL TERMINAL DE CONCRETO PARA DEFENS,7.69
COC309,PLACA LATERAL P/DEFENSA DE CONCRETO 2.00,5.54
COC310,PLACA LATERAL P/DEFENSA DE CONCRETO 2.40,5.54
COC311,PLACA LATERAL TERMINAL PARA DEFENSA DE C,4.41
COC312,HORQUILLAS ACERO P/DEFENSAS DE CONCRETO,1.08
COC313,TERMINAL P/DEFENSAS DE CONCRETO,5.54
COC314,INSTALACIONES PROVISIONALES PREFAB. DE S,473.87
COC315,BLOQUE DE CONCRETO LIVIANO 20X20X40 ALIV,1.29
COC316,"CILINDRO CONCRETO B.V. TIPO A D=1.2M 48""",82.08
COC317,"TUBO DE CONCRETO J.M. D = 0,75 M (30"") C",320.36
COC318,"TUBO DE CONCRETO J.M. D = 0,75 M (30"") C",402
COC319,"TUBO DE CONCRETO J.M. D = 0,75 M (30"") C",540.16
COC320,"TUBO DE CONCRETO J.M. D = 0,80 M (33"") C",379.93
COC321,"TUBO DE CONCRETO J.M. D = 0,80 M (33"") C",476.77
COC322,"TUBO DE CONCRETO J.M. D = 0,80 M (33"") C",566.18
COC323,MOSAICO HEXAGONAL 20 X 20 CM P/PAVIMENTO,5.54
COC324,"TUBO DE CONCRETO J.M. D = 0,90 M (36"") C",542.19
COC325,"TUBO DE CONCRETO J.M. D = 0,90 M (36"") C",639.13
COC326,"TUBO DE CONCRETO J.M. D = 1,05 M (42"") C",495.91
COC327,"TUBO DE CONCRETO J.M. D = 1,05 M (42"") C",782.41
COC328,VIPOQUIN/ADOQUIN E=4 CM P/PAVIMENTO PEAT,11.02
COC329,VIPOQUIN/ ADOQUIN E=6 CM PAVIMENTO TRAFI,17.64
COC330,"TUBO DE CONCRETO J.M. D = 1,35 M (54"") C",1013.85
COC331,"TUBO DE CONCRETO J.M. D = 1,35 M (54"") C",1223.2
COC332,"TUBO DE CONCRETO J.M. D = 1,35 M (54"") C",1763.2
COC333,BLOQUE DE CONCRETO LIVIANO 8X20X40 ALIVE,0.64
COC334,"TUBO DE CONCRETO J.M. D = 1,50 M (60"") C",1632.56
COC335,"TUBO DE CONCRETO J.M. D = 1,50 M (60"") C",2099.02
COC336,"TUBO DE CONCRETO J.M. D = 1,65 M (66"") C",1675
COC337,"TUBO DE CONCRETO J.M. D = 1,65 M (66"") C",2081.05
COC338,"TUBO DE CONCRETO J.M. D = 1,65 M (66"") C",2690.17
COC339,"TUBO DE CONCRETO J.M. D = 1,80 M (72"") C",2307.03
COC340,"TUBO DE CONCRETO J.M. D = 1,80 M (72"") C",2366.19
COC341,MOSAICO BISELADO 20 X 20 CM P/PAVIMENTOS,6.62
COC342,"TUBO DE CONCRETO J.M. D = 2,10 M (84"") C",2414.57
COC343,"TUBO DE CONCRETO J.M. D = 2,10 M (84"") C",2810.4
COC344,"TUBO DE CONCRETO J.M. D = 2,40 M (96"") C",2432.38
COC345,"TUBO DE CONCRETO J.M. D = 2,70 M (108"") ",2821.09
COC346,"TUBO PERFORADO DE CONCRETO D=6"" (15 CM) ",18.49
COC347,"TUBO PERFORADO DE CONCRETO D=6"" (15 CM) ",18.49
COC348,"TUBO PERFORADO DE CONCRETO 8"" (20 CM) 8 ",27.01
COC349,"TUBO PERFORADO DE CONCRETO 10"" (25 CM) 8",40.01
COC350,"TUBO PERFORADO DE CONCRETO 10"" (25 CM) 1",42.74
COC351,"TUBO PERFORADO DE CONCRETO 12"" (30 CM) 8",43.63
COC352,"TUBO PERFORADO DE CONCRETO 15"" (38 CM) 8",64.59
COC353,"TUBO PERFORADO DE CONCRETO 15"" (38 CM) 1",64.59
COC354,"TUBO PERFORADO DE CONCRETO 18"" (45 CM) 8",80.04
COC355,"TUBO PERFORADO DE CONCRETO 18"" (45 CM) 1",80.04
COC356,"TUBO DE CONCRETO J.G. D = 0,60 M (24"") C",391.76
COC357,"JUNTA WATER STOP PVC 15 CM CON BULBOS 6""",9.35
COC358,ENSAYO CILINDRO CONCRETO COMPRESION,2.18
COC359,VIPOQUIN/ ADOQUIN E=8 CM P/PAVIMENTOS,17.64
COC360,ESCALON PREFABRICADO GRANITO PULIDO,63.93
COC361,"TUBO RANURADO (PERFORADO) DE 10"" CONCRET",36.9
COC362,BLOQUE DE CONCRETO ORNAMENTAL 6 HUECOS E,1.75
COC363,DESCANSO DE CONCRETO PREFABRICADO,30.85
COC364,"MITAD TUBO DE CONCRETO  D=6"" P/CANALES",9.88
COC365,"TUBO DE CONCRETO J.M. D=4"" (102 MM)",7.69
COC366,"TUBO DE CONCRETO J.M. D = 0,50 M (21"") C",134.44
COC367,BLOQUE DE CONCRETO ORNAMENTAL 3 HUECOS E,1.66
COC368,BLOQUE DE CONCRETO OBRA LIMPIA 30 CM,2.96
COC369,S/T/C CILINDRO CONCRETO TIP A D=1.2 M 48,551.02
COC370,S/T/C CONO BOCA DE VISITA TIPO A D=61/12,363.67
COC371,BLOQUE DE CONCRETO OBRA LIMPIA 25 CM,2.39
COC372,BANCO PREFAB CONCRETO MOD- AMOP MODULAR ,551.02
COC373,CONCRETO 250 KG/CM2 P/TANQUILLA-SUMIDERO,366.42
COC374,"MESA CONCRETO AMOP MODULAR 2X0,8X0,7 M",771.4
COC375,"TUBO DE CONCRETO J.M. D = 2,10 M (84"") C",1823.5
COC376,"TUBO DE CONCRETO J.M. D = 2,10 M (84"") C",2133.9
COC377,"TUBO DE CONCRETO J.M. D = 1,65 M (66"") C",1016.45
COC378,"TANQUILLA CONCRETO EMPOTRAMIENTOS 6"" A 1",30.85
COC379,"TUBO DE CONCRETO J.M. D = 2,10 M (84"") C",2427.68
COC380,"TUBO DE CONCRETO J.M. D = 1,80 M (72"") C",1918.57
COC381,"TUBO DE CONCRETO J.M. D = 1,65 M (66"") C",1429.29
COM001,ACEITE CD-40 PARA MOTOR DIESEL,11.02
COM002,ACEITE CD-40 PARA MOTOR DIESEL TAMBOR=21,1873.37
COM003,ACEITE PARA FORMALETA DE ENCOFRADOS,2.18
COM004,ACEITE LUBRICANTE USO GENERAL,8.81
COM005,ACEITE PARA MOTOR IMPORTADO,16.5
COM006,ACEITE PARA MOTOR DE GASOLINA,11.02
COM007,ACEITE PARA TRANSMISION,15.4
COM008,ACEITE PARA TRANSMISION 85W140 TAMBOR=21,13.22
COM009,ACEITE 40 PARA MOTOR GASOLINA TAMBOR=210,11.02
COM010,COMBUSTIBLE Y GRASA,1.08
COM012,ACEITE PARA LAVADO MOTOR MEZCLA 1:1 ACEI,7.96
COM013,GASOIL / DIESEL * REGULADO EN BS,0.53
COM014,GASOLINA*  REGULADA EN DOLARES BAJO OCTA,0.53
COM015,GRASA GRAFITADA PAILA DE 18 KG,165.32
COM016,GASOLINA* EN DECALITROS (10 LITROS) REGU,5.54
COM017,GRASA GRAFITADA P/VEHICULOS PAILA=18 KG,1.08
COM019,GASOLINA* REGULADA EN BS/DOLAR,0.53
COM020,GASOIL* EN DECALITROS (10 LTS) REG. EN B,5.54
COM021,GASOLINA* REGULADA EN BOLIVARES,0.53
COM022,GASOIL / DIESEL CON TRANSPORTE A OBRA,1.08
COM027,KEROSENE TAMBOR (SOLO EL CONTENIDO),606.09
COM028,KEROSENE,3.87
COM029,MECHURRIO GASOLINA PARA ILUM. DE EMERGEN,2.18
COM030,MECHURRIO GASOIL PARA ILUM. DE EMERGENCI,1.61
COM031,GRASA DIELECTRICA PENETROX,12.13
COM032,ACEITE PARA MAQUINAS/MOTORES,11.55
COM033,ACEITE HIDRAULICO,16.5
COM034,ACEITE PARA MOTORES,19.84
COM036,GRASA INDUSTRIAL,771.4
COM037,GRASA CHASIS PDV TAMBOR 181 KG,881.57
COM038,ACEITE PARA MOTOR GASOLINA TAMBOR=210 LT,1851.36
COM040,GASOIL /DIESEL  EN TAMBOR REGULADO EN BS,0.53
COM041,KEROSENE AL DETAL,4.41
COM043,LUBRICANTES,2.26
CON001,ADITIVO ACELERADOR DE FRAGUADO,4.41
CON002,EPOCRET I (ADHESIVO EPOXICO) JGO 2 GLN,358.17
CON003,ADITIVOS PARA CONCRETO,2.18
CON004,CONCRETO PREMEZCLADO F'C 250 KG/CM2 AS=5,154.29
CON005,CONCRETO PREMEZCLADO F'C 250 KG/CM2 AS=3,148.75
CON006,CONCRETO PREPARADO F'C=100 K/CM2,99.2
CON007,LECHADA DE CEMENTO PARA INYECCION,55.1
CON008,CONCRETO PREMEZCLADO F'C 210 KG/CM2 AS=5,137.72
CON009,CONCRETO PREMEZCLADO F'C 230 KG/CM2  AS=,146.52
CON010,CONCRETO PREMEZCLADO RCC 400 KG/CM2 NORM,156.48
CON011,TENSADO DE ACERO EN DUCTOS DE ANCLAJES Y,0.64
CON012,CONCRETO PREPARADO F'C= 150 KG/CM2,119
CON013,SELLADOR SIKA T68 PARA JUNTAS ENV 1GAL=8,88.17
CON014,CONCRETO RCC 210 KG/CM2 A LOS 28 DIAS AS,137.72
CON015,CONCRETO PREPARADO  F'C= 250 KG/CM2,143.23
CON016,CONCRETO PREMEZCLADO F'C 280 KG/CM2 AS=3,148.75
CON017,CONCRETO POBRE F'C 80 KG/CM2,68.32
CON018,CUMBRERA PREFABRICADA DE CONCRETO,5.54
CON019,CONCRETO PREMEZCLADO F'C 250 KG/CM2 AS=3,148.75
CON020,ADITIVO ENDURECEDOR PISO SIKA DURACOLOR ,1.75
CON021,SONOGROUT MORTERO ALTA RESISTENCIA,31.95
CON022,MORTERO DE ARENA CEMENTO 1:7,131.14
CON023,MORTERO DE CEMENTO-ARENA 1:3,202.74
CON024,MORTERO DE CEMENTO-CAL-ARENA (1:2:10%),442.99
CON025,MORTERO DE CEMENTO,11.02
CON026,ADITIVO SELLADOR SELLO-CAPA (TECNI CUARZ,88.17
CON027,MORTERO DE GRANITO CON CEMENTO BLANCO 1:,2478.41
CON028,MORTERO DE GRANITO LAVADO,1983.59
CON029,MORTERO DE CEMENTO C/POLVO-PIEDRA,288.72
CON030,MORTERO PARA REVOQUE,165.32
CON031,PEDESTAL DE CONCRETO,6.62
CON032,PEDESTAL DE CONCRETO ARMADO 0.40X0.40X0.,5.54
CON033,SEPARADORES DE ACERO PARA VACIADO DE CON,0.53
CON034,"SEPARADORES VACIADO CONCRETO DIAM. 1/4""",0.32
CON035,SEPARADORES EN VACIADO DE CONCRETO D=1/4,0.16
CON036,SEPARADOR PLASTICO VACIADO CONCRETO,0.16
CON037,CONCRETO PREMEZCLADO F'C 250 KG/CM2 AS=5,154.29
CON038,TAPA DE CONCRETO 60 X 60 CM,4.41
CON039,TAPA DE CONCRETO E= 10 CMS 80 X 100 CM,4.41
CON040,CONCRETO PREMEZCLADO F'C 210 KG/CM2 AS=3,132.23
CON041,ADITIVO SIKA RECUBRIMIENTO EPOXICO GUARD,181.83
CON042,CONCRETO PREMEZCLADO F'C 250 KG/CM2 AS=5,154.29
CON043,CONCRETO PREMEZCLADO F'C 100 KG/CM2 AS=3,88.17
CON044,CONCRETO PREMEZCLADO F'C 310 KG/CM2 AS=3,132.23
CON045,CONCRETO PREMEZCLADO F'C 280 KG/CM2 AS=3,148.75
CON046,TAPA DE CONCRETO E 10 CMS. X 50 X 70 CM,3.28
CON047,TAPA DE CONCRETO E 10 CMS. X 30 X 40 CM,2.18
CON048,MORTERO DE GRANITO CON CEMENTO GRIS 1:2,1322.37
CON049,CONCRETO PREMEZCLADO F'C 250 KG/CM2 AS=7,154.29
CON050,CONCRETO PREMEZCLADO F'C 150 KG/CM2 AS=3,96.98
CON051,CONCRETO PREMEZCLADO F'C 150 KG/CM2 AS=5,107.01
CON052,CONCRETO PREMEZCLADO F'C 125 KG/CM2 AS=3,94.44
CON053,CONCRETO PREMEZCLADO F'C 125 KG/CM2 AS=5,98.09
CON054,CONCRETO PREMEZCLADO F'C 280 KG/CM2 AS=5,154.29
CON055,CONCRETO PREMEZCLADO F'C 230 KG/CM2  AS=,141.04
CON056,CONCRETO PREMEZCLADO F'C 230 KG/CM2 AS=5,143.23
CON057,CONCRETO PREMEZCLADO F'C 280 KG/CM2 AS=5,154.29
CON058,TEJA DE CONCRETO 42 X 33.4 CM VERDE FOLL,7.69
CON059,TEJA CONCRETO TIPO ASCOT 42 X 33.4 CM DE,7.69
CON060,CONCRETO PREMEZCLADO F'C 330 KG/CM2 AS=5,139.83
CON061,CONCRETO PREMEZCLADO F'C 330 KG/CM2 AS=3,135.97
CON062,CONCRETO PREMEZCLADO F'C 350 KG/CM2 AS=3,159.78
CON063,CONCRETO PREMEZCLADO F'C 350 KG/CM2 AS=7,159.78
CON064,EPOCRET III (ADHERENTE EPOXICO) JGO 2 GL,396.71
CON065,EPOCRET III JGO 2 GL (AGLOMERANTE EPOXIC,385.72
CON066,ADITIVO SONOGROUT STD (MORTERO ALTA RESI,38.58
CON067,ADITIVO SONOGROUT PATCH (SCO DE 25 KG + ,49.54
CON068,SACO FIVE STAR CONCRETO (TECNOCONCRET-AD,66.14
CON069,ADITIVO PDA 25--RM PLASTIFICANTE RETARDA,85.97
CON070,ADITIVO PDA 25-R PLASTIFICANTE RETARDADO,71.65
CON071,ADITIVO PDA HAIG EARLY ( ACELERADOR),74.95
CON072,ADITIVO ACELCRET 202 ACELERADOR DE FRAGU,101.7
CON073,CONCRETO PREMEZCLADO F'C 230 KG/CM2  AS=,141.04
CON074,ADHERENTE EPOXICO EPOCRET I-R (JGO 2 GL ,396.71
CON075,ADITIVO AQUAPEL-TECNOCONCRET HIDROFUGO,13.22
CON076,ADITIVO AQUAPEL 2 GRIS SCO 10K+GAL RESIN,30.85
CON077,ADITIVO XYPEX (IMPERMEAB. CONC.POR CRIST,19.84
CON078,ADITIVO CUARZOCRET (ENDURECEDOR PISOS) 2,22.02
CON079,ADITIVO METALCRET (ENDURECEDOR DE PISOS),20.91
CON080,ADITIVO LITHOPLATE (ENDURECEDOR PISO) PA,73.85
CON081,RESINA EPOXICA EPOCOTE 485 JGO - RECUBRI,253.48
CON082,ADITIVO EPOCOTE BREA 478 CUBRIM. EPOXICA,424.26
CON083,ADITIVO PROCOTE ANTIADHERENTE PARA ENCOF,19.84
CON084,ADITIVO FIVE STAR P/RELLENOS PRECISION V,69.41
CON085,CONOS PARA ENCOFRADO,0.85
CON086,CONCRETO PREMEZCLADO F'C 300 KG/CM2 AS=3,165.32
CON087,MORTERO P/ENLUCIDO GRUESO 1:2:3,214.88
CON088,MORTERO P/ENLUCIDO FINO 1:2:3,225.92
CON089,CONCRETO PREMEZCLADO F'C 180 KG/CM2 AS=3,110.19
CON090,PINTURA/RECUBRIMIENTO CAPA TECNI CUARZ O,152.1
CON091,ADHESIVO EPOXICO SIKA DUR (A+B) 2 KG,143.23
CON092,ADITIVO SIKA-2  ACELERADOR S/CLORUROS,93.67
CON093,ADITIVO SUPERPLASTIFICANTE CODE-PLAS 37,2.18
CON094,MORTERO AUTONIVELANTE PAGEL V-1 O SIMILA,60.63
CON095,ADITIVO ACELCRET 202 (ACELERADOR). 55 GA,1838.11
CON096,ADITIVO HIDROFUGO CONCRETO AQUAPEL 55 GA,551.02
CON097,CONCRETO PREMEZCLADO F'C 280 KG/CM2 AS=5,154.29
CON098,ADITIVO FRAGUACRET (ACELERADOR FRAG.) 55,1102
CON099,ADITIVO PDA HAIG EARLY ( ACELERADOR) 55G,1792.94
CON100,ADITIVO PDA 25-R (PLASTIF. FRAG. NORMAL),848.51
CON101,TEJA DE CONCRETO  42 X 33.4 CM VERDE CAÑ,7.69
CON102,ADITIVO PROCOTE ANTIADHERENTE P/ENCOFRAD,551.02
CON103,ADITIVO ENDURECEDOR PISO SIKA DURACOLOR ,1.97
CON104,MORTERO DE CEMENTO-ARENA 1:4,181.28
CON105,CONCRETO PREMEZCLADO F'C 230 KG/CM2  AS=,143.23
CON106,CONCRETO PREMEZCLADO F'C 230 KG/CM2  AS=,143.23
CON107,CONCRETO PREMEZCLADO F'C 230 KG/CM2  AS=,154.29
CON108,CONCRETO PREMEZCLADO F'C 250 KG/CM2 AS=3,148.75
CON109,CONCRETO PREMEZCLADO F'C 250 KG/CM2 AS=5,165.32
CON110,TEJA DE CONCRETO COLORIZADA,7.69
CON111,CONCRETO PREMEZCLADO F'C 250 KG/CM2 AS=5,154.29
CON112,CONCRETO PREMEZCLADO F'C 250 KG/CM2 AS=7,154.29
CON113,CONCRETO PREMEZCLADO F'C 280 KG/CM2 AS=3,148.75
CON114,CONCRETO PREMEZCLADO F'C 280 KG/CM2 AS=5,159.78
CON115,CONCRETO PREMEZCLADO F'C 280 KG/CM2 AS=5,154.29
CON116,TEJA DE CONCRETO BLANCO CEMENTO,12.13
CON117,CUMBRERAS P/TECHO TIPO LIT,7.15
CON118,"PERFIL P/REMATE DE BORDE CERAMICA 2,60 M",1.18
CON119,SELLADOR P/GRIETAS CRACK FILLER O SIMILA,11.02
CON120,MORTERO DE CEMENTO ARENA (1:1),266.7
CON121,ADITIVO SELLADOR AQUAPEL II O SIM,1.08
CON122,FIBRA SINTETICA SEGUN ESPECIFICACION,1.12
CON123,CONCRETO PREMEZCLADO F'C 210 KG/CM2 AS=5,146.52
CON124,CONCRETO PREMEZCLADO F'C 280 KG/CM2 AS=7,154.29
CON125,ADITIVO ENDURECEDOR PISO SIKA DURACOLOR ,1.97
CON126,ADITIVO EPOXY GROUT,9.88
CON127,FRAGUACRET EN PAILA,0.21
CON128,CONCRETO PREMEZCLADO F'C 200 KG/CM2  AS.,110.19
CON129,CONCRETO PARA BANCADA,60.63
CON130,CONCRETO PREMEZCLADO,99.2
CON131,PINTURA SELLADOR EPOXICO EPOCOTE 365-2 G,72.76
CON132,TECNO/MICROFIBRA P/CONCRETO 2 LB,15.4
CON133,FIBRA MICROFIBRA P/CONCRETO 300 GRS (1PA,8.81
CON134,GROUT SIKA (SIKAGROUT) 104 GRUESO 20 KG,49.54
CON135,CONCRETO PREMEZCLADO F'C 210 KG/CM2 AS=7,148.75
CON136,CONCRETO PREMEZCLADO F'C 210 KG/CM2 AS=5,146.52
CON137,CONCRETO PREMEZCLADO F'C 210 KG/CM2 AS=5,132.23
CON138,CONCRETO PREMEZCLADO F'C 210 KG/CM2 AS=3,132.23
CON139,CONCRETO PREMEZCLADO F'C 180 KG/CM2 AS=7,126.73
CON140,CONCRETO PREMEZCLADO F'C 180 KG/CM2 AS=5,121.22
CON141,CONCRETO PREMEZCLADO F'C 180 KG/CM2 AS=5,115.7
CON142,CONCRETO PREMEZCLADO F'C 180 KG/CM2 AS=3,110.19
CON143,CONCRETO PREMEZCLADO F'C 150 KG/CM2 AS=7,113.38
CON144,CONCRETO PREMEZCLADO F'C 150 KG/CM2 AS=3,96.98
CON145,CONCRETO PREMEZCLADO F'C 150 KG/CM2 AS=5,104.68
CON146,CONCRETO PREMEZCLADO F'C 150 KG/CM2 AS=5,107.01
CON147,CONCRETO PREMEZCLADO F'C 125 KG/CM2 AS=5,99.2
CON148,CONCRETO PREMEZCLADO F'C 125 KG/CM2 AS=3,94.44
CON149,CONCRETO PREMEZCLADO F'C 100 KG/CM2 AS=5,88.17
CON150,CONCRETO PREMEZCLADO F'C 100 KG/CM2 AS=3,82.64
CON151,CONCRETO PREMEZCLADO F'C 350 KG/CM2 AS=5,159.78
CON152,CONCRETO PREMEZCLADO F'C 330 KG/CM2 AS=7,147.32
CON153,CONCRETO PREMEZCLADO F'C 330 KG/CM2 AS=5,143.57
CON154,CONCRETO PREMEZCLADO F'C 310 KG/CM2 AS=7,148.75
CON155,CONCRETO PREMEZCLADO F'C 310 KG/CM2 AS=5,139.17
CON156,CONCRETO PREMEZCLADO F'C 310 KG/CM2 AS=5,132.23
CON157,CONCRETO PREMEZCLADO F'C 280 KG/CM2 AS=7,154.29
CON158,CONCRETO PREMEZCLADO F'C 280 KG/CM2 AS=5,154.29
CON159,CONCRETO PREMEZCLADO F'C 150 KG/CM2 AS=7,110.19
CON160,CONCRETO PREMEZCLADO F'C 150 KG/CM2 AS=5,107.01
CON161,CONCRETO PREMEZCLADO F'C 100 KG/CM2 AS=5,80.47
CON162,"CONCRETO PREMEZCL F'C 230 KG/CM2  AS=7,5",132.23
CON163,CONCRETO PREMEZCLADO F'C 230 KG/CM2  AS=,143.23
CON164,CONCRETO PREMEZCLADO F'C 310 KG/CM2 AS=3,132.23
CON165,CONCRETO PREMEZCLADO F'C 310 KG/CM2 AS=5,134.77
CON166,CONCRETO PREMEZCLADO F'C 310 KG/CM2 AS=5,139.17
CON167,CONCRETO PREMEZCLADO F'C 310 KG/CM2 AS=7,148.75
CON168,CONCRETO PREMEZCLADO F'C 330 KG/CM2 AS=3,135.97
CON169,CONCRETO PREMEZCLADO F'C 330 KG/CM2 AS=5,139.83
CON170,CONCRETO PREMEZCLADO F'C 330 KG/CM2 AS=5,143.57
CON171,CONCRETO PREMEZCLADO F'C 330 KG/CM2 AS=7,147.32
CON172,CONCRETO PREMEZCLADO F'C 350 KG/CM2 AS=3,170.8
CON173,CONCRETO PREMEZCLADO F'C 350 KG/CM2 AS=5,187.34
CON174,CONCRETO PREMEZCLADO F'C 350 KG/CM2 AS=5,159.78
CON175,CONCRETO PREMEZCLADO F'C 350 KG/CM2 AS=7,159.78
CON176,CONCRETO PREMEZCLADO F'C 180 KG/CM2 AS=5,121.22
CON177,CONCRETO PREMEZCLADO F'C 180 KG/CM2 AS=5,121.22
CON178,CONCRETO PREMEZCLADO F'C 180 KG/CM2 AS=7,121.22
CON179,"CONCRETO PREMEZCLADO F'C 80 KG/CM2 AS=3""",87.07
CON180,"CONCRETO PREMEZCLADO F'C 80 KG/CM2 AS=5""",88.17
CON181,CONCRETO PREMEZCLADO F'C 100 KG/CM2 AS=3,80.47
CON182,CONCRETO PREMEZCLADO F'C 100 KG/CM2 AS=5,99.2
CON183,CONCRETO PREMEZCLADO F'C 125 KG/CM2 AS=3,93.67
CON184,CONCRETO PREMEZCLADO F'C 125 KG/CM2 AS=5,99.2
CON185,CONCRETO PREMEZCLADO F'C 150 KG/CM2 AS=3,99.2
CON186,CONCRETO PREMEZCLADO F'C 150 KG/CM2 AS=5,107.01
CON187,CONCRETO PREMEZCLADO F'C 150 KG/CM2 AS=5,104.68
CON188,CONCRETO PREMEZCLADO F'C 150 KG/CM2 AS=7,113.38
CON189,CONCRETO PREMEZCLADO F'C 180 KG/CM2 AS=3,110.19
CON190,CONCRETO PREMEZCLADO F'C 180 KG/CM2 AS=5,115.7
CON191,CONCRETO PREMEZCLADO F'C 180 KG/CM2 AS=5,121.22
CON192,CONCRETO PREMEZCLADO F'C 180 KG/CM2 AS=7,141.04
CON193,CONCRETO PREMEZCLADO F'C 210 KG/CM2 AS=3,132.23
CON194,CONCRETO PREMEZCLADO F'C 210 KG/CM2 AS=5,137.72
CON195,CONCRETO PREMEZCLADO F'C 210 KG/CM2 AS=5,146.52
CON196,CONCRETO PREMEZCLADO F'C 210 KG/CM2 AS=7,148.75
CON197,CONCRETO PREMEZCLADO F'C 230 KG/CM2  AS=,141.04
CON198,CONCRETO PREMEZCLADO F'C 230 KG/CM2  AS=,141.04
CON199,CONCRETO PREMEZCLADO F'C 230 KG/CM2  AS=,143.23
CON200,"ADHESIVO EPOXICO EPOCRET III-C JGO 1,5 G",363.67
CON201,CONCRETO PREMEZCLADO F'C 250 KG/CM2 CON ,148.75
CON202,MORTERO SPEED PLUG DE FRAGUADO RAPIDO,66.14
CON203,PANEL PREFABRICADO PARA TECHOS,24.26
CON204,GROUT SIKA (SIKAGROUT) 101 FINO SCOX10KG,28.62
CON205,ADITIVO SIKASET ACELERADOR DE FRAGUADO P,330.58
CON206,CONCRETO PREMEZCLADO F'C 350 KG/CM2 AS=7,192.86
CON207,CONCRETO PREMEZCLADO F'C 380 KG/CM2 AS=7,152.1
CON208,CONCRETO PREMEZCLADO F'C 250 KG/CM2 AS=7,154.29
CON209,CONCRETO PREMEZCLADO F'C 210 KG/CM2 AS=7,148.75
CON210,ADITIVO SIKALITE IMPERMEBILIZANTE,1.4
CON211,ADITIVO SIKA 1 IMPERMEABILIZANTE DE FRIS,132.96
CON212,SIKA 101 MORTERO IMPERMEABILIZANTE,2.18
CON213,ADITIVO HIDROFUGO PARA CONCRETO,49.54
CON214,AGLOMERANTE EPOXICO Y ADHESIVO TIPO EPOC,46.62
CON216,SACO CONCRETO 02 TON (BOLSACRET),19.84
CON217,SACO CONCRETO 04 TON (BOLSACRET),28.62
CON218,SACO CONCRETO 06 TON (BOLSACRET),41.85
CON219,SACO CONCRETO 01 TON (BOLSACRET),19.84
CON220,SACO CONCRETO 03 TON (BOLSACRET),26.45
CON221,SACO CONCRETO 05 TON (BOLSACRET),36.34
CON222,SACO CONCRETO 07 TON (BOLSACRET),49.54
CON223,SACO CONCRETO 08 TON (BOLSACRET),55.1
CON224,SACO CONCRETO 09 TON (BOLSACRET),70.52
CON225,SACO CONCRETO 10 TON (BOLSACRET),76.04
CON226,MORTERO DE ARENA-CEMENTO 1:7,132.23
CON227,"ELEMENTO CONCRETO VERT CERCA H=1,32XA=0,",11.02
CON228,PINACULO DE CONCRETO NAT GRAVEUCA 48,6.62
CON229,CONCRETO PREMEZCLADO F'C 250 KG/CM2 AS=5,154.29
CON230,SIKADUR-32 PRIMER ADHESIVO EPOXICO A+B 7,330.58
CON231,SIKADUR-31 ANCLAJE/ADHESIVO EPOXICO (2 K,143.23
CON232,CONCRETO POBRE PARA RELLENO (BAJA RESIST,49.54
CON233,ADITIVO AKRILCRET PEGA MORTEROS/ACABADOS,13.22
CON234,SELLOCRET NEGRO P/JUNTA HORIZ  II H. O S,38.58
CON235,BLOQUE DE CONCRETO PERSIANA 15X20X40 VEN,2.28
CON236,CONCRETO PREMEZCLADO F'C 280 KG/CM2 AS=7,154.29
CON237,BARANDA / DEFENSA DE CONCRETO,49.54
CON238,SEPARADORES H=10 CM P/CABILLA EN VACIADO,0.53
CON239,SEPARADORES H=5 CM P/CABILLA/ACERO VACIA,0.32
CON240,SEPARADOR / ESPACIADOR 2 MM P/CERAMICA E,0.08
CON241,ESPACIADOR DE 3 MM (+)  P/PISO DE BALDOS,0.21
CON242,ADITIVO AQUAPEL - HIDROFUGO,110.19
CON243,BROCAL DE CONCRETO PREMEZCLADO P/CERCA M,28.62
CON244,SELLADOR DE GRIETAS SIKA TOP ELASTICO,77.13
CON245,SIKA TOP SEAL 107 MORTERO IMPERMEABILIZA,126.73
CON246,ADITIVO ADHERENTE SELLADOR SIKA TOP 80,275.51
CON247,ADITIVO SIKA 1 IMPERMEABILIZAR FRISO TAM,632.53
CON248,SIKA 101 MORTERO IMPERMEABILIZANTE SCO 1,30.85
CON249,ADITIVO SIKALITE IMPERMEABILIZAR SCO 10K,15.4
CON250,ADITIVO SIKALITE IMPERMEABILIZANTE SCO 2,44.07
CON251,CONCRETO PREMEZCLADO F'C 310 KG/CM2 AS=3,132.23
CON252,CONCRETO PREMEZCLADO F'C 310 KG/CM2 AS=5,134.77
CON253,CONCRETO PREMEZCLADO F'C 310 KG/CM2 AS=5,139.17
CON254,CONCRETO PREMEZCLADO F'C 310 KG/CM2 AS=7,148.75
CON255,CONCRETO PREMEZCLADO F'C 330 KG/CM2 AS=3,135.97
CON256,CONCRETO PREMEZCLADO F'C 330 KG/CM2 AS=5,139.83
CON257,CONCRETO PREMEZCLADO F'C 330 KG/CM2 AS=5,143.57
CON258,CONCRETO PREMEZCLADO F'C 330 KG/CM2 AS=7,147.32
CON259,CONCRETO PREMEZCLADO F'C 350 KG/CM2 AS=3,159.78
CON260,CONCRETO PREMEZCLADO F'C 350 KG/CM2 AS=5,159.78
CON261,CONCRETO PREMEZCLADO F'C 350 KG/CM2 AS=5,159.78
CON262,CONCRETO PREMEZCLADO F'C 350 KG/CM2 AS=5,159.78
CON263,"CONCRETO PREMEZCLADO F'C 60 KG/CM2 AS=3""",84.87
CON264,"CONCRETO PREMEZCLADO F'C 60 KG/CM2 AS=5""",85.97
CON265,"CONCRETO PREMEZCLADO F'C 80 KG/CM2 AS=3""",87.07
CON266,"CONCRETO PREMEZCLADO F'C 80 KG/CM2 AS=5""",88.17
CON267,CONCRETO PREMEZCLADO F'C 100 KG/CM2 AS=3,89.26
CON268,CONCRETO PREMEZCLADO F'C 100 KG/CM2 AS=5,92.15
CON269,CONCRETO PREMEZCLADO F'C 120 KG/CM2 AS=3,91.46
CON270,CONCRETO PREMEZCLADO F'C 120 KG/CM2 AS=5,95.21
CON271,CONCRETO PREMEZCLADO F'C 150 KG/CM2 AS=3,96.98
CON272,CONCRETO PREMEZCLADO F'C 150 KG/CM2 AS=5,104.68
CON273,CONCRETO PREMEZCLADO F'C 150 KG/CM2 AS=5,107.01
CON274,CONCRETO PREMEZCLADO F'C 150 KG/CM2 AS=7,111.83
CON275,CONCRETO PREMEZCLADO F'C 180 KG/CM2 AS=3,110.19
CON276,CONCRETO PREMEZCLADO F'C 180 KG/CM2 AS=5,115.7
CON277,CONCRETO PREMEZCLADO F'C 180 KG/CM2 AS=5,121.22
CON278,CONCRETO PREMEZCLADO F'C 180 KG/CM2 AS=7,121.22
CON279,CONCRETO PREMEZCLADO F'C 210 KG/CM2 AS=3,132.23
CON280,CONCRETO PREMEZCLADO F'C 210 KG/CM2 AS=5,137.72
CON281,CONCRETO PREMEZCLADO F'C 210 KG/CM2 AS=5,146.52
CON282,CONCRETO PREMEZCLADO F'C 210 KG/CM2 AS=7,132.23
CON283,CONCRETO PREMEZCLADO F'C 230 KG/CM2 AS=3,141.04
CON284,CONCRETO PREMEZCLADO F'C 230 KG/CM2 AS=5,141.04
CON285,CONCRETO PREMEZCLADO F'C 230 KG/CM2 AS=5,143.23
CON286,CONCRETO PREMEZCLADO F'C 230 KG/CM2 AS=7,143.23
CON287,CONCRETO PREMEZCLADO F'C 250 KG/CM2 AS=3,148.75
CON288,CONCRETO PREMEZCLADO F'C 250 KG/CM2 AS=5,154.29
CON289,CONCRETO PREMEZCLADO F'C 250 KG/CM2 AS=5,154.29
CON290,CONCRETO PREMEZCLADO F'C 250 KG/CM2 AS=7,148.75
CON291,CONCRETO PREMEZCLADO F'C 280 KG/CM2 AS=3,148.75
CON292,CONCRETO PREMEZCLADO F'C 280 KG/CM2 AS=5,154.29
CON293,CONCRETO PREMEZCLADO F'C 280 KG/CM2 AS=5,154.29
CON294,CONCRETO PREMEZCLADO F'C 280 KG/CM2 AS=7,154.29
CON295,CONCRETO PREMEZCLADO F'C 300 KG/CM2 AS=3,159.78
CON296,CONCRETO PREMEZCLADO F'C 300 KG/CM2 AS=5,170.8
CON297,CONCRETO PREMEZCLADO F'C 300 KG/CM2 AS=5,176.32
CON298,CONCRETO PREMEZCLADO F'C 300 KG/CM2 AS=7,176.32
CON299,CONCRETO PREMEZCLADO F'C 310 KG/CM2 AS=3,132.23
CON300,CONCRETO PREMEZCLADO F'C 310 KG/CM2 AS=5,102.47
CON301,CONCRETO PREMEZCLADO F'C 310 KG/CM2 AS=5,143.23
CON302,CONCRETO PREMEZCLADO F'C 310 KG/CM2 AS=7,145.46
CON303,CONCRETO PREMEZCLADO F'C 330 KG/CM2 AS=3,135.97
CON304,CONCRETO PREMEZCLADO F'C 330 KG/CM2 AS=5,139.83
CON305,CONCRETO PREMEZCLADO F'C 330 KG/CM2 AS=5,143.57
CON306,CONCRETO PREMEZCLADO F'C 330 KG/CM2 AS=7,145.46
CON307,CONCRETO PREMEZCLADO F'C 350 KG/CM2 AS=3,159.78
CON308,CONCRETO PREMEZCLADO F'C 350 KG/CM2 AS=5,159.78
CON309,CONCRETO PREMEZCLADO F'C 350 KG/CM2 AS=5,159.78
CON310,CONCRETO PREMEZCLADO F'C 350 KG/CM2 AS=7,159.78
CON311,CONCRETO PREMEZCLADO F'C 380 KG/CM2 AS=3,143.23
CON312,CONCRETO PREMEZCLADO F'C 380 KG/CM2 AS=5,146.52
CON313,CONCRETO PREMEZCLADO F'C 380 KG/CM2 AS=5,149.83
CON314,CONCRETO PREMEZCLADO F'C 380 KG/CM2 AS=7,159.78
CON315,"CONCRETO PREMEZCLADO F'C 80 KG/CM2 AS=3""",87.07
CON316,"CONCRETO PREMEZCLADO F'C 80 KG/CM2 AS=5""",88.17
CON317,CONCRETO PREMEZCLADO F'C 100 KG/CM2 AS=3,92.57
CON318,CONCRETO PREMEZCLADO F'C 100 KG/CM2 AS=5,92.15
CON319,CONCRETO PREMEZCLADO F'C 120 KG/CM2 AS=3,93.67
CON320,CONCRETO PREMEZCLADO F'C 120 KG/CM2 AS=5,95.21
CON321,CONCRETO PREMEZCLADO F'C 150 KG/CM2 AS=3,96.98
CON322,CONCRETO PREMEZCLADO F'C 150 KG/CM2 AS=5,102.47
CON323,CONCRETO PREMEZCLADO F'C 180 KG/CM2 AS=3,110.19
CON324,CONCRETO PREMEZCLADO F'C 180 KG/CM2 AS=5,115.7
CON325,CONCRETO PREMEZCLADO F'C 180 KG/CM2 AS=5,121.22
CON326,CONCRETO PREMEZCLADO F'C 180 KG/CM2 AS=7,121.22
CON327,CONCRETO PREMEZCLADO F'C 210 KG/CM2 AS=3,132.23
CON328,CONCRETO PREMEZCLADO F'C 210 KG/CM2 AS=5,137.72
CON329,CONCRETO PREMEZCLADO F'C 210 KG/CM2 AS=5,146.52
CON330,CONCRETO PREMEZCLADO F'C 210 KG/CM2 AS=7,132.23
CON331,CONCRETO PREMEZCLADO F'C 230 KG/CM2 AS=3,141.04
CON332,CONCRETO PREMEZCLADO F'C 230 KG/CM2 AS=5,141.04
CON333,CONCRETO PREMEZCLADO F'C 230 KG/CM2 AS=5,143.23
CON334,CONCRETO PREMEZCLADO F'C 230 KG/CM2 AS=7,143.23
CON335,CONCRETO PREMEZCLADO F'C 250 KG/CM2 AS=3,148.75
CON336,CONCRETO PREMEZCLADO F'C 250 KG/CM2 AS=5,154.29
CON337,CONCRETO PREMEZCLADO F'C 250 KG/CM2 AS=5,154.29
CON338,CONCRETO PREMEZCLADO F'C 250 KG/CM2 AS=7,148.75
CON339,CONCRETO PREMEZCLADO F'C 280 KG/CM2 AS=3,148.75
CON340,CONCRETO PREMEZCLADO F'C 280 KG/CM2 AS=5,154.29
CON341,CONCRETO PREMEZCLADO F'C 280 KG/CM2 AS=5,154.29
CON342,CONCRETO PREMEZCLADO F'C 280 KG/CM2 AS=7,154.29
CON373,CONCRETO PREMEZCLADO F'C 180 KG/CM2 AS=3,110.19
CON374,CONCRETO PREMEZCLADO F'C 180 KG/CM2 AS=5,121.22
CON375,CONCRETO PREMEZCLADO F'C 180 KG/CM2 AS=5,121.22
CON376,CONCRETO PREMEZCLADO F'C 210 KG/CM2 AS=3,132.23
CON377,CONCRETO PREMEZCLADO F'C 210 KG/CM2 AS=5,143.23
CON378,CONCRETO PREMEZCLADO F'C 210 KG/CM2 AS=5,154.29
CON379,CONCRETO PREMEZCLADO F'C 210 KG/CM2 AS=7,154.29
CON380,CONCRETO PREMEZCLADO F'C 230 KG/CM2 AS=3,141.04
CON381,CONCRETO PREMEZCLADO F'C 230 KG/CM2 AS=5,143.23
CON382,CONCRETO PREMEZCLADO F'C 230 KG/CM2 AS=5,170.8
CON383,CONCRETO PREMEZCLADO F'C 230 KG/CM2 AS=7,143.23
CON384,CONCRETO PREMEZCLADO F'C 250 KG/CM2 AS=3,148.75
CON385,CONCRETO PREMEZCLADO F'C 250 KG/CM2 AS=5,154.29
CON386,CONCRETO PREMEZCLADO F'C 250 KG/CM2 AS=5,154.29
CON387,CONCRETO PREMEZCLADO F'C 250 KG/CM2 AS=7,148.75
DOM043,PANEL INTERRUPTOR DE ESCENA INTELIGENTE,143.23
DOM044,TOMACORRIENTE  IOT WIFI 2 TOMAS+USB+USBT,93.67
EIA138,CABLE THHN Nº 18 COBRE,0.4
ELA001,AISLADOR DE CARRETE PARA PERCHA A.T.,8.81
ELA002,AISLADOR DE ESPIGA  A.T. 15 - 25 KVA,38.58
ELA003,AISLADOR DE SUSPENSION PORCELANA A.T. 7.,12.13
ELA004,AISLADOR P/BARRA DE BAJA TENSION B.T.,4.41
ELA005,AISLADORES DE ESPIGA PORCELANA 15 KV A.T,22.02
ELA006,CABLE UTP DE RED VOZ/DATO 4P CATEGORIA 6,2.18
ELA007,BARRA COLECTORA DE COBRE L=400 MM X 3 CM,88.17
ELA008,"BRAZO T/LATIGO SIMP 1.5M D=2"" 3-3 1/2"" P",68.32
ELA009,"BRAZO INCLINADO SENCILLO P/CERCAS D=2"" X",9.88
ELA010,CABEZOTE /COPA DE ENTRADA EMT,8.81
ELA011,"CABEZOTE/COPA DE ENTRADA D=3"" EMT",33.09
ELA012,CONECTOR/TERMINAL TIPO L PARA CABLE 500 ,6.62
ELA013,CORTACORRIENTE 15 KV,126.73
ELA195,TABLERO 2 CIRCUITOS 2 FASES BARRA 125A /,28.62
ELA196,TABLERO 6 CIRCUITOS 2 FASES BARRA 125A/ ,198.38
ELA197,TABLERO 10 CIRCUITOS BARRAS 150 AMP /2F+,275.51
ELA198,TABLERO 2 CIRCUITOS 3 FASES BARRA 125A /,38.58
ELA199,TABLERO 4 CIRCUITOS BARRA 150 A /4C+3F,52.91
ELA200,TABLERO 6 CIRCUITOS 3 FASES BARRA 150 A/,220.4
ELA201,TABLERO 18 CIRCUITOS BARRA 150 A / 18C+2,308.56
ELA202,TABLERO 24 CIRCUITOS BARRA 150A /3F+N+24,539.95
ELA203,TABLERO 18 CIRCUITOS 3 FASES+N / 18C+3F ,435.27
ELA204,TABLERO 18 CIRCUITOS 2 FASES+N/ 18C+2F,462.82
ELA205,TABLERO 36 CIRCUITOS 3 FASES + NEUTRO + ,1090.99
ELA206,TABLERO 36 CIRCUITOS 2 FASES + NEUTRO+ 3,624.83
ELA207,TABLERO DE 30 CIRCUITOS 3 FASES+N+30C,727.32
ELA208,TABLERO 42 CIRCUITOS 2 FASES + NEUTRO +4,663.37
ELA209,TABLERO 42 CIRCUITOS 3 FASES + NEUTRO+42,947.69
ELA210,TABLERO 6 CIRCUITOS 3 FASES BARRA 125 A/,220.4
ELA211,CABLE TELEFONICO TDI 16 PARES 24 AWG,3.28
ELA212,CABLE TELEFONICO TDI 12 PARES 24 AWG,2.72
ELA213,CABLE TELEFONICO TDI 3 PARES 24 AWG,2.18
ELA214,CABLE TELEFONICO TDI 50 PARES 24 AWG,9.27
ELA215,CABLE 4/0 AWG 15 KV XLPE NEUTRO A TIERRA,33.38
ELA216,CABLE 500 MCM 15 KV XLPE NEUTRO A TIERRA,98.09
ELA217,"CABLE 14 AWG AUTOMOTRIZ 105 º C - 0,03 K",1.28
ELA218,"CABLE 10 AWG AUTOMOTRIZ 105 º C- 0,068 K",2.15
ELA219,"CABLE 8 AWG AUTOMOTRIZ 105 º C - 0,103 K",4.08
ELA220,"CABLE 6 AWG AUTOMOTRIZ 105 º C - 0,155 K",6.94
ELA221,"CABLE 4 AWG AUTOMOTRIZ 105 º C - 0,245 K",8.81
ELA222,"CABLE 2 AWG AUTOMOTRIZ 105 º C - 0,396 K",12.67
ELA223,"CABLE THW 1000 MCM COBRE (5,265 KG/M)",145.04
ELA224,"CABLE THW 600 MCM COBRE (3,041 KG/M)",83.78
ELE315,"TUBO PVC ELECTRICIDAD D=3"" RIGIDO LIVIAN",13.22
ELE316,SOCATE PORCELANA CON ROSCA E27,4.53
ELE317,SOCATE SENCILLO DE GOMA E27,1.29
ELE318,LUMINARIA/REFLECTOR BOMBILLO HALOGENO 15,362.55
ELE319,"CABLE THW 500 MCM COBRE (2,694 KG/M)",85.42
ELE320,BREAKER TIPO CA 3P X 150 10 KA \,881.57
ELE321,"CURVA PVC ELECTRICIDAD D= 4""",27.55
ELE322,VAPOLETA 100 W S/BASE,4.75
ELE323,"CAJA DE PASO/DERIVACION 20"" X 16"" X 6""",89.26
MZ0158,CONECTOR HIDRAULICO,27.55
ELE324,"CAJA DE PASO/DERIVACION 6"" X 6"" X 4""",16.86
ELE325,BASE C/MACHO PARA VAPOLETA 100 W,7.69
ELE326,"CAJA DE PASO/DERIVACION 8"" X 6"" X 4""",17.64
ELE327,"CURVA PVC ELECTRICIDAD D= 1""",3.6
ELE328,TANQUILLA DE ELECTRICIDAD TIPO E1,16.5
ELE329,"TUBO PVC ELECTRICIDAD D=3/4"" RIGIDO",2.28
ELE330,"CURVA PVC ELECTRICIDAD D= 3/4 """,1.78
ELE331,LAMPARA FLUORESCENTE UN BOMBILLO,13.22
ELE332,TABLERO NLAB 16 CIRCUITOS 3 FASES+N+16C,341.61
ELE333,"CURVA PVC ELECTRICIDAD D= 2""",7.69
ELE334,CABLE / CONDUCTOR DE COBRE DESNUDO,25.36
ELE335,CABLE BERLINER 27 1/2 PARA ALARMAS,0.21
ELE336,LAMPARA FLUORESCENTE INDUSTRIAL 4 X 40W ,77.13
ELE337,REGLETA TELEFONICA DE 30 PARES,13.22
ELE338,"CABLE TF 16 AWG MONOPOLAR 60 º C- 0,02 K",0.56
ELE339,REGISTRO ELECTRICO ELECTROLOG,24.26
ELE340,"CABLE 12 AWG AUTOMOTRIZ 105 º C- 0,043 K",1.4
ELE341,TRANSFORMADOR SECO 50 KVA 480-208 120 VO,7625.79
ELE342,"TUBO PVC ELECTRICIDAD D= 3/8"" RIGIDO - A",0.42
ELE343,LAMPARA FLUORESCENTE CIRCULAR 1 TUBO 22 ,8.81
ELE344,"CAJA  NEMA 4X INTEMPERIE 14X19X23""",154.29
ELE345,"SELLO CROUSE HINDS EYS-86 D=3"" ANTIEXPLO",108
ELE346,LAMPARA OJOS DE BUEY EMPOTRABLE TIPO SPO,5.54
ELE487,BREAKER THQL 1P X 30 AMP G-E (ENCH.) 120,14.31
ELE488,BREAKER THQL 1P X 15 AMP G-E (ENCH.) 120,12.13
ELE489,BREAKER THQL 1P X 50 AMP G-E (ENCH.) 120,26.45
ELE490,PLANTA ELECTRICA DIESEL 25 KVA  \,18182.84
ELE491,PLANTA ELECTRICA DIESEL 34 KVA  \,18678.75
ELE492,PLANTA ELECTRICA DIESEL 50 KVA,25896.75
ELE493,PLANTA ELECTRICA DIESEL 75 KVA,27549.75
ELE494,PLANTA ELECTRICA DIESEL 125 KVA 1800 RPM,52895.53
ELE495,PLANTA ELECTRICA DIESEL 156 KVA  \,63364.42
ELE496,PLANTA ELECTRICA DIESEL 225 KVA  \,91465.14
ELE497,PLANTA ELECTRICA DIESEL 388 KVA,154278.59
ELE498,PLANTA ELECTRICA DIESEL 438 KVA  \,177420.36
ELE499,PLANTA ELECTRICA DIESEL 531 KVA  \,214888
ELE500,PLANTA ELECTRICA DIESEL 625 KVA  \,253898.47
ELE501,PLANTA ELECTRICA DIESEL 800 KVA  \,323985.01
ELE502,PLANTA ELECTRICA DIESEL 1050 KVA  \,426470.06
ELE503,PLANTA ELECTRICA DUAL 390 KVA  \,198358.16
ELE504,PLANTA ELECTRICA DUAL 550 KVA  \,279905.4
ELE505,PLANTA ELECTRICA DUAL 630 KVA  \,320679.03
ELE506,PLANTA ELECTRICA DUAL 1025 KVA  \,521241.2
ELE507,PLANTA ELECTRICA DUAL 1350 KVA  \,686539.67
ELE508,PLANTA ELECTRICA DUAL 1600 KVA  \,814370.47
ELE509,PLANTA ELECTRICA GAS NATURAL 100 KVA  \,37467.66
ELE510,PLANTA ELECTRICA GAS NATURAL 150 KVA  \,71298.73
ELE511,PLANTA ELECTRICA GAS NATURAL 180 KVA  \,77139.27
ELE512,PLANTA ELECTRICA GAS NATURAL 200 KVA  \,94771.15
ELE513,PLANTA ELECTRICA GAS NATURAL 220 KVA  \,103587.03
ELE514,PLANTA ELECTRICA GAS NATURAL 250 KVA \,119014.91
ELE515,PLANTA ELECTRICA GAS NATURAL 325 KVA  \,154278.59
ELE516,PLANTA ELECTRICA GAS NATURAL 400 KVA  \,190644.24
ELE517,PLANTA ELECTRICA GAS NATURAL 560 KVA  \,264477.57
ELE518,PLANTA ELECTRICA GAS NATURAL 650 KVA  \,308557.13
CON388,CONCRETO PREMEZCLADO F'C 280 KG/CM2 AS=3,148.75
CON389,CONCRETO PREMEZCLADO F'C 280 KG/CM2 AS=5,154.29
CON390,CONCRETO PREMEZCLADO F'C 280 KG/CM2 AS=5,154.29
CON391,CONCRETO PREMEZCLADO F'C 280 KG/CM2 AS=7,165.32
CON392,CONCRETO PREMEZCLADO F'C 300 KG/CM2 AS=3,159.78
CON393,CONCRETO PREMEZCLADO F'C 300 KG/CM2 AS=5,181.83
CON394,CONCRETO PREMEZCLADO F'C 300 KG/CM2 AS=5,176.32
CON395,CONCRETO PREMEZCLADO F'C 300 KG/CM2 AS=7,176.32
CON396,CONCRETO PREMEZCLADO F'C 330 KG/CM2 AS=3,135.97
CON397,CONCRETO PREMEZCLADO F'C 330 KG/CM2 AS=5,139.83
CON398,CONCRETO PREMEZCLADO F'C 330 KG/CM2 AS=5,143.57
CON399,CONCRETO PREMEZCLADO F'C 330 KG/CM2 AS=7,145.46
CON400,CONCRETO PREMEZCLADO F'C 350 KG/CM2 AS=3,192.86
CON401,CONCRETO PREMEZCLADO F'C 350 KG/CM2 AS=5,159.78
CON402,CONCRETO PREMEZCLADO F'C 350 KG/CM2 AS=5,159.78
CON403,CONCRETO PREMEZCLADO F'C 350 KG/CM2 AS=7,159.78
CON404,CONCRETO PREMEZCLADO F'C 380 KG/CM2 AS=3,143.23
CON405,CONCRETO PREMEZCLADO F'C 380 KG/CM2 AS=5,146.52
CON406,CONCRETO PREMEZCLADO F'C 380 KG/CM2 AS=5,149.83
CON407,CONCRETO PREMEZCLADO F'C 380 KG/CM2 AS=7,170.8
CON408,CONCRETO PREMEZCLADO F'C 100 KG/CM2 AS=3,89.26
CON409,CONCRETO PREMEZCLADO F'C 100 KG/CM2 AS=5,82.64
CON410,CONCRETO PREMEZCLADO F'C 120 KG/CM2 AS=3,88.17
CON411,CONCRETO PREMEZCLADO F'C 120 KG/CM2 AS=5,93.67
CON412,CONCRETO PREMEZCLADO F'C 150 KG/CM2 AS=3,96.98
CON413,CONCRETO PREMEZCLADO F'C 150 KG/CM2 AS=5,104.68
CON414,CONCRETO PREMEZCLADO F'C 180 KG/CM2 AS=3,110.19
CON415,CONCRETO PREMEZCLADO F'C 180 KG/CM2 AS=5,115.7
CON416,CONCRETO PREMEZCLADO F'C 210 KG/CM2 AS=3,132.23
CON417,CONCRETO PREMEZCLADO F'C 210 KG/CM2 AS=5,132.23
CON418,CONCRETO PREMEZCLADO F'C 210 KG/CM2 AS=5,132.23
CON419,CONCRETO PREMEZCLADO F'C 210 KG/CM2 AS=7,132.23
CON420,CONCRETO PREMEZCLADO F'C 230 KG/CM2 AS=3,141.04
CON421,CONCRETO PREMEZCLADO F'C 230 KG/CM2 AS=5,143.23
CON422,CONCRETO PREMEZCLADO F'C 230 KG/CM2 AS=5,143.23
CON423,CONCRETO PREMEZCLADO F'C 230 KG/CM2 AS=7,143.23
MZ0719,TORNILLERIA,22.02
CON424,CONCRETO PREMEZCLADO F'C 250 KG/CM2 AS=3,148.75
CON425,CONCRETO PREMEZCLADO F'C 250 KG/CM2 AS=5,154.29
CON426,CONCRETO PREMEZCLADO F'C 250 KG/CM2 AS=5,154.29
CON427,CONCRETO PREMEZCLADO F'C 250 KG/CM2 AS=7,148.75
CON428,CONCRETO PREMEZCLADO F'C 280 KG/CM2 AS=3,154.29
CON429,CONCRETO PREMEZCLADO F'C 280 KG/CM2 AS=5,154.29
CON430,CONCRETO PREMEZCLADO F'C 280 KG/CM2 AS=5,154.29
CON431,CONCRETO PREMEZCLADO F'C 280 KG/CM2 AS=7,154.29
CON432,CONCRETO PREMEZCLADO F'C 300 KG/CM2 AS=3,165.32
CON433,CONCRETO PREMEZCLADO F'C 300 KG/CM2 AS=5,170.8
CON434,CONCRETO PREMEZCLADO F'C 300 KG/CM2 AS=5,176.32
CON435,CONCRETO PREMEZCLADO F'C 300 KG/CM2 AS=7,176.32
CON436,CONCRETO PREMEZCLADO F'C 330 KG/CM2 AS=3,135.97
CON437,CONCRETO PREMEZCLADO F'C 330 KG/CM2 AS=5,139.83
CON438,CONCRETO PREMEZCLADO F'C 330 KG/CM2 AS=5,176.32
CON439,CONCRETO PREMEZCLADO F'C 330 KG/CM2 AS=5,143.57
CON440,CONCRETO PREMEZCLADO F'C 350 KG/CM2 AS=3,159.78
CON441,CONCRETO PREMEZCLADO F'C 350 KG/CM2 AS=5,159.78
CON442,CONCRETO PREMEZCLADO F'C 350 KG/CM2 AS=5,159.78
CON443,CONCRETO PREMEZCLADO F'C 350 KG/CM2 AS=7,159.78
CON444,CONCRETO PREMEZCLADO F'C 210 KG/CM2 AS=3,132.23
CON445,ADITIVO SIKASET ACELERADOR FRAGUADO CONC,95.87
CON446,"MATERIAL DE RELLENO EN JUNTAS D=1/2""",0.42
CON447,ADITIVO CURADOR DE CONCRETO SIKA CURE,2.72
CON448,ADITIVO RETARDADOR DE FRAGUADO,98.09
CON449,CONCRETO PREMEZ PAVIMEX F'C 210 KG/CM2 A,143.23
CON450,ENDURECEDOR METALICO KEMOX H-100 25 K/SC,26.45
CON451,ADHESIVO INYECCION P/PERNOS HILTI HIT-RE,131.14
CON452,ADITIVO CURADOR/ENDURECEDOR PISO SIKA CE,40.77
CON453,ADITIVO ENDURECEDOR PISO SIKA DURACOLOR ,38.58
CON454,ADITIVO CURADOR CONCRETO CURACRET,55.1
CON455,ADITIVO SIKA 1 IMPERMEABILIZANTE FRISOS ,10.12
CON456,CURADOR ANTISOL BLANCO SIKA 19 KG/PAILA,104.68
CON457,MEZCLILLA DE ARENA CERNIDA Y YESO P/FRIS,198.38
CON458,MICRO FIBRA 3D O SIM P/CONCRETO - ACERAS,16.5
CON459,MACRO FIBRA 3D O SIM P/CONCRETO (960 GRM,11.02
CON460,ADITIVO HIDROFUGO P/CONCRETO BS/M3 DE CO,6.62
CON461,COLOCACION FIBRA POLIPROPILENO EN CONCRE,5.65
CON462,ADITIVO SIKA CEM IMPERMEABILIZADOR DE CO,49.54
CON463,ADITIVO SIKA WT 100 IMPERMEABILIZANTE-CO,1212.18
CON464,ADITIVO SIKA PLASTIMENT G500 RETARDANTE/,4.41
CON465,SIKA FLOOR 3 QUARTZ TOP 20KG ENDURECEDOR,36.34
CON466,CURADOR P/CONCRETO SIKA ANTISOL W,1013.85
CON467,ADITIVO ADHERENTE SELLADOR SIKA TOP 80 X,51.29
CON468,SELLADOR DE GRIETAS SIKA TOP ELASTICO X ,30.85
CON469,SIKADUR-31 ANCLAJE/ADHESIVO EPOXICO (1 K,82.64
CON470,ADITIVO SIKA CEM IMPERMEABILIZADOR DE CO,1438.11
CON471,ADITIVO SIKA CEM IMPERMEABILIZADOR DE CO,8.22
CON472,LATEX P/MORTEROS DELGADOS ADESITOP 405,12.13
CON473,GROUT SIKA (SIKAGROUT) 101 FINO SCOX 20K,55.1
CON474,CONCRETO PREMEZCLADO F'C 250 KG/CM2 AS=3,148.75
CON475,CONCRETO PREMEZCLADO F'C 250 KG/CM2 AS=5,154.29
CON476,CONCRETO PREMEZCLADO F'C 250 KG/CM2 AS=3,148.75
CON477,CONCRETO PREMEZCLADO F'C 250 KG/CM2 AS=5,154.29
CON478,CONCRETO PREMEZCLADO F'C 210 KG/CM2 AS=5,148.75
CON479,CONCRETO PREMEZCLADO F'C 100 KG/CM2 AS=5,115.7
CON480,"ADHESIVO EPOCRET I-R (JGO DE 1/2 GL -1,8",110.19
CON481,MEZCLA CEMENTANTE PARA ENCAPSULADO,1.86
CON490,CONCRETO PREMEZCLADO F'C 150 KG/CM2 AS=5,104.68
CON491,CONCRETO PREMEZCLADO F'C 250 KG/CM2 AS=3,148.75
CON492,CONCRETO PREMEZCLADO F'C 280 KG/CM2 AS=3,159.78
CON493,SIKADUR ANCHORFIX-4 EPOXICO ADHESIVO 900,66.14
CON494,ADHESIVO EPOXICO HIT-RE 500 V3 HILTI O S,104.68
CON495,"FIBRA/MICROFIBRA SIKA 0,6 KG  P/CONCRETO",13.22
CON496,CONCRETO PREMEZCLADO F'C 350 KG/CM2 AS=3,192.86
CON497,INTERCRETE 4840 PINTURA CEMENTICIA EPOXI,363.67
CON498,INTERCRETE 4801 P/REPARAR ESTRUCT X 25KG,220.4
CON499,INTERCRETE 4871 ANTICORROSIVO/O SIMILAR,35.23
CON500,ADITIVO SIKA 1 IMPERMEABILIZANTE DE FRIS,29.74
CON501,SELLADOR SIKAFLEX  AUTONIVELANTE CARTUCH,22.02
CON502,ADITIVO XYPEX (IMPERMEAB. CONC.POR CRIST,82.64
CON503,SIKATOP ARMATEC 110 EPOCEM - ANTICORROSI,427.56
CON504,SIKATOP 209 ES 32 KG MORTERO FLEX. IMPER,260.09
CON505,SIKAGARD 550W ELASTOCOLOR - RECUBRIM. AC,301.93
CON506,SIKATOP 612 X25 KG MORTERO DE REPARAC. E,99.2
CON507,CONCRETO 250 KG/CM2 P/LOSA MACIZA E= 15C,28.62
CON508,"CONCRETO 210 KG/CM2 EN V.CORONA, MACHON ",276.61
CON509,CONCRETO 250 KG/CM2 P/CONSTR. BASE B.V. ,470.54
CON510,CONCRETO 250 KG/CM2 EN VIGAS DE RIOSTRA,198.38
CON511,CONCRETO 250 KG/CM2 EN COLUMNAS RECTANGU,321.77
CON512,CONCRETO POBRE 150 KG/CM2 P/EMBONADO DE ,84.87
CON513,"CONCRETO 210 KG/CM2 P/ACERAS, BROCALES Y",330.58
CON514,CONCRETO 250 KG/CM2 P/MUROS Y LOSAS MACI,312.96
CON515,"CONCRETO 150 KG/CM2 EN LOSAS, ACERAS Y B",294.25
CON516,CONCRETO PREMEZCLADO F'C 120 KG/CM2 AS=3,84.87
CON518,SELLADOR P/GRIETAS CRACK FILLER O SIMILA,88.17
CON519,"SEPARADOR 15 MM PVC ACERO 1/2""-3/8"" VACI",0.14
CON520,"SEPARADOR 20 MM PVC ACERO 1/2""-3/8"" VACI",0.16
CON521,"SEPARADOR 50 MM PVC ACERO 1/2""-3/8"" VACI",0.34
CON522,"SEPARADOR 100 MM PVC ACERO 1/2""-3/8"" VAC",0.65
CON523,"SEPARADOR 40 MM PVC ACERO 1/4"" VACIADO L",0.16
CON524,"SEPARADOR 90 MM PVC ACERO 1/4"" VACIADO L",0.47
CON525,"SEPARADOR 75 MM PVC ACERO 1/2""-3/8"" VACI",0.49
CON526,CONCRETO PREMEZCLADO F'C 250 KG/CM2 C/FI,218.2
CON527,CONCRETO PREMEZCLADO F'C 210 KG/CM2 AS=7,185.15
COVI01,SEÑAL COVID-19 O SIMILAR EN VINYL 50 X 8,11.55
COVI02,SEÑAL COVID-19 EN VINYL SOBRE PVC,16.5
COVI03,SEÑAL COVID-19 VINYL /MANTENER DISTANCIA,10.7
COVI04,DISPENSADOR AUTOMATICO/BATERIA GEL/JABON,99.2
COVI05,BANDEJA ALFOMBRA/KIT DESINFECCION ZAPATO,123.41
COVI06,TRAJE DE PROTECCION PERSONAL COVERGEAR®,46.29
COVI07,MOCHILA PULVERIZADORA A BATERIA LITIO 6 ,385.72
COVI08,PULVERIZADOR A BATERIA FUMIGACION COVID1,275.51
COVI09,MASCARILLA TAPA BOCA TIPO QUIRURGICA O S,1.97
COVI10,DISPENSADOR AUTOMATICO/BATERIA GEL/JABON,115.7
COVI11,PRUEBA COVID 19 / CADA PRUEBA,44.07
COVI12,"ESCUDO ACRILICO PROTECTOR 1X0,6 M ESCRIT",165.32
COVI13,TERMOMETRO INFRARROJO DIGITAL CORPORAL,60.63
COVI14,BRAGAS BIOSEGURIDAD /ANTIACIDO-TYCHEM,30.85
COVI15,MASCARILLA TAPA BOCA N95 C/RESPIRADOR,5.54
COVI16,MASCARILLA TAPA BOCA N95,3.28
COVI17,CARETA / PANTALLA PROTECTORA FACIAL,12.13
COVI18,"GEL ANTIBACTERIAL PARA/MANOS ""PUREZA"" O ",26.45
COVI19,GEL ANTIBACTERIAL PARA/MANOS FULLER,49.54
COVI20,GEL ANTIBACTERIAL PARA LAS MANOS,20.91
COVI21,DESINFECTANTE GERDEX,23.12
COVI22,DESINFECTANTE VIRALEX H-1 /BASE AMONIO,11.34
COVI23,"BANDEJA 1X0,4M C/ALFOMBRA P/DESINFECCION",121.22
COVI24,BANDEJA 50X40CM C/ALFOMBRA P/DESINFECCIO,71.65
COVI25,AMONIO CUATERNARIO 80% DESINFECCION COVI,27.55
COVI26,CABINA /TUNEL INTELIGENTE DE DESINFECCIO,10909.69
COVI27,CABINA /TUNEL ECONOMICO DE DESINFECCION ,1046.87
COVI28,CABINA /TUNEL DE DESINFECCION SANITARIA,2203.96
COVI29,CABINA /TUNEL DESINFECCION SANITARIA/ ME,2534.54
COVI30,LENTES PROTECCION SEMI HERMETICOS ANTICO,22.02
COVI31,AMONIO CUATERNARIO 40% 5TA GEN-DESINFECC,24.26
COVI32,AMONIO CUATERNARIO 5TA GEN - 200 LTS,738.34
COVI33,HIPOCLORITO DE SODIO AL 12%,10.18
COVI34,HIPOCLORITO DE SODIO AL 12%,3.28
COVI35,HIPOCLORITO DE SODIO AL 2%,14.31
COVI36,DISPENSADOR DE GEL ANTIBACTERIAL 1 LT,46.29
COVI37,"DISPENSADOR DE GEL ANTIBACTERIAL 0,5 LT",38.58
COVI38,DISPENSADOR PURELL GEL CON BOLSA 1 LT,66.14
COVI39,BOLSA DE GEL 1 LT PARA DISPENSADOR PUREL,27.55
COVI40,CARETA POLICARBONATO ACRILICO FACE SHIEL,18.73
COVI41,GUANTES DE LATEX PROTECCION COVID/PAR,2.72
COVI42,GUANTES DE NITRILO PROTECCION COVID/PAR,2.18
COVI43,PRUEBA RAPIDA COVID 19 C/U,55.1
COVI44,PRUEBA RAPIDA COVID 19 CON ISOPADO,49.54
COVI45,DISPENSADOR A PEDAL GEL ANTIBACTERIAL 1 ,132.23
COVI46,DISPENSADOR GEL ANTIBACTERIAL 1 LT PEDAL,82.64
COVI47,DISPENSADOR ACERO INOX. GEL ANTIBACT. 1L,143.23
COVI48,GEL ANTIBACTERIAL P/MANOS CON DISPENSADO,9.88
COVI49,GEL ANTIBACTERIAL P/MANOS C/VALVULA DISP,26.45
COVI50,SEÑAL TAPABOCAS COVID-19 PVC 80 X 50 MM ,31.95
COVI51,SEÑAL TAPABOCAS COVID-19 PVC CARTA E=2 M,7.69
COVI52,MASCARILLA TAPA BOCA KN-95,1.86
COVI53,MASCARILLA TAPA BOCA DE TELA CON FILTRO,2.18
COVI54,LENTES DE  PROTECCION SALPICADORES /IMPA,35.23
COVI55,CARETA VISOR / PANTALLA PROTECTORA SENCI,3.28
COVI56,GUANTES  DESECHABLES PROTECCION COVID/PA,0.26
COVI57,BRAGAS DE BIOSEGURIDAD DESECHABLE,7.69
COVI58,TERMOMETRO TIPO INFRARROJO DIGITAL,55.1
COVI59,OXIMETRO DE PULSO,22.02
COVI60,CHALECO REFLECTIVO P/TRABAJO BRIGADAS,13.22
COVI61,HIPOCLORITO DE SODIO AL 5%,15.4
COVI62,PAPELERA CON PEDESTAL P/DESECHOS BIOLOGI,66.14
COVI63,BOLSA P/DESECHOS BIOLOGICOS,0.53
COVI64,ALCOHOL ISOPROPILICO AL 70%,29.74
COVI65,ALCOHOL ISOPROPILICO AL 70%,7.91
COVI66,ENVASE ATOMIZADOR/ SPRAY MANUAL,3.28
COVI67,PRUEBA PCR MOLECULAR COVID 19,99.2
DIS001,"PRESENTACION, ENCUADERNAR, FOTOS E IMPRE",1.61
DIS002,COPIAS DE DOCUMENTOS Y PLANOS PARA ENTRE,4.41
DIS003,COPIAS DE PLANOS PARA TRAMITACION,5.54
DIS004,COPIAS DE DOCUMENTO HASTA TAMAÑO OFICIO,0.21
DIS005,ACIDO CLORHIDRICO / MURIATICO DILUIDO AL,0.15
DIS006,ACIDO NITRICO (HNO3) DILUIDO AL 5%/LABOR,0.08
DIS007,RESMA DE PAPEL OFICIO 500 HOJAS,7.69
DIS008,CAJA X 10 RESMAS DE PAPEL CARTA 500 HOJA,77.13
DIS009,CARBURO DE CALCIO,0.74
DIS010,GOMA ARABICA,8.81
DIS011,PRODUCTO EPOXICO,29.74
DIS012,HEXAMETAFOSFATO DE SODIO,20.81
DIS013,HIDROXIDO DE SODIO (3%),1.61
DIS014,ARENA OTTAWA ENSAYO LABORATORIO CONO SCO,99.2
DIS015,RESMA DE PAPEL CARTA 500 HOJAS,6.62
DIS016,NITRATO DE PLATA AL 1% PASTA TERMICA 1 G,1.97
DIS017,PAPEL DE ALUMINIO 80 M X 40 CM,3.28
DIS018,PAPEL DE FILTRO,3.28
DIS019,SOLUCION CONCENTRADA DE CLORURO DE CALCI,0.53
DIS020,SULFATO DE ALUMINIO /FLOCULANTE,4.41
DIS021,SULFATO DE MAGNESIO (SAL EPSOM),6.62
DIS022,TARAS PLASTICAS DESECHABLE CAP 2.5 LTS,0.53
DIS023,TOALLA ABSORBENTE,1.08
DIS024,LIBRETA DE CAMPO/ 100 HOJAS,9.88
DIS025,CARTUCHO DE TINTA P/ IMPRESION,19.84
DIS026,VASELINA PRESENTACION DE 100 GR,7.38
DIS027,CAJA X 10 RESMAS DE PAPEL OFICIO 500 HOJ,88.17
DIS028,BOLIGRAFO BIC O SIMILAR CAJA DE 60 UNIDA,16.5
DIS029,BOLIGRAFO BIC O SIMILAR CAJA DE 36 UNIDA,9.35
DIS030,ACIDO NITRICO (HNO3) 55% DE PUREZA /LABO,16.5
DIS031,SULFATO DE ALUMINIO /FLOCULANTE SCO 45KG,88.17
DIS032,AQUA CLEAR MGA /REMOCION INCRUSTACIONES,661.2
DIS033,SULFATO DE COBRE /LIMPIEZA DE PISCINAS,17.1
DOM001,A/C SPLIT DE 18.000 BTU C/INVERTER Y WIF,2314.17
DOM002,BOMBILLO WIFI FOCO A60 E27 PHILIPS O SIM,48.45
DOM004,CINTA LED RGB MULTICOLOR CON WIFI X 5M,23.12
DOM005,SENSOR DE HUMO CON CONECTIVIDAD WIFI,27.55
DOM006,SENSOR DE HUMEDAD CON CONECTIVIDAD WIFI,35.23
DOM007,SENSOR DE MOVIMIENTO CON CONECTIVIDAD WI,41.85
DOM008,CINTA LED INTELIGENTE WIZ KIT DE INICIO ,110.19
DOM009,CINTA LED INTELIGENTE WIZ CONTINUAR 1M X,44.07
DOM010,KIT BOMBILLAS LED INTELIGENTES WIFI PHIL,209.36
DOM011,INTERRUPTOR INTELIGENTE WIFI 4 APAGADORE,44.07
DOM012,TERMOSTATO SMART HOME HONEYWELL 9000 WIF,628.12
DOM013,GOOGLE NEST LEARNING THERMOSTAT WIFI,484.88
DOM014,CERRADURA INTELIGENTE AUGUST SMART LOCK ,501.41
DOM015,A/C SPLIT LG 24.000 BTU INVERTER WIFI IN,1763.2
DOM016,A/C MINISPLIT 24.000 BTU LG ART COOL WIF,1796.25
DOM017,CAMARA IP WIFI HD 1080P 2MP EXTERIOR/INT,138.85
DOM018,CAMARA ROBOTICA IP WIFI 2MP 4MM GIRATORI,73.85
DOM019,CAMARA BULLET IP HD 2MP WIFI ROTATORIA E,209.36
DOM020,CAMARA IP INALAM HD 2MP WIFI 2.8MM EXT/I,187.34
DOM021,CONTROL ACCESO Y ASISTENCIA WIFI RECONOC,222.59
DOM022,LUMINARIA LED 250W P/ALUMBRADO PUB C/FOT,192.86
DOM023,A/C MINISPLIT LG INVERT. ART COOL WIFI 1,1377.49
DOM024,A/C MINISPLIT SAMSUNG WINDFREE WIFI 1200,1046.87
DOM025,VENTILADOR TECHO PREMIUM WIFI LG LCF-12P,385.72
DOM026,INTERRUPTOR INTELIGENTE WIFI 1 APAGADOR ,37.45
DOM027,INTERRUPTOR INTELIGENTE WIFI 1 APAGADOR ,27.55
DOM028,INTERRUPTOR INTELIGENTE WIFI 2 APAGADORE,39.67
DOM029,INTERRUPTOR INTELIGENTE WIFI 3 APAGADORE,46.29
DOM030,TOMACORRIENTE SOBREPONER INTELIGENTE IOT,44.07
DOM031,TOMACORRIENTE INTELIGENTE WIFI 2 TOMAS+U,92.57
DOM032,TOMACORRIENTE INTELIGENTE WIFI 2 TOMAS D,74.95
DOM033,INTERRUPTOR INTELIGENTE WIFI DE 4 CANALE,55.1
DOM034,INTERRUPTOR LUJO WIFI UN CONTROL,38.58
DOM035,SINCRONIZACION DISPOSITIVO WIFI SENCILLO,7.69
DOM036,BOMBILLO LED BULBO INTELIGENTE 8W RGB (W,39.67
DOM037,BOMBILLO LED BULBO INTELIGENTE 9W 6500K ,26.45
DOM038,TOMACORRIENTE INTELIGENTE WIFI 1 TOMA IN,55.1
DOM039,BOMBILLO LED 8W INTELIGENTE WIFI LUZ CAL,18.73
DOM040,ADAPTADOR SOCATE WIFI INTELIGENTE E27,28.62
DOM041,MONITOR INTELIGENTE DE CONSUMO ELECTRICO,187.34
DOM042,TOMACORRIENTE INTELIGENTE WIFI 1T ALEXA/,22.02
ELA014,CORTACORRIENTE P/15 KV-100 AMP 110 KV BI,143.23
ELA015,CRUCETA HIERRO DOBLE L=2.40 MT AT 75X75X,165.32
ELA016,CRUCETA HIERRO L=3.20 M A.T.,132.23
ELA017,CRUCETA HIERRO GALVANIZADO L=2.40 75X75X,104.68
ELA018,"CRUCETAS DE HIERRO, DOBLE L=2.40 MM. PAR",165.32
ELA019,"CRUCETA HIERRO GALVANIZADO L=1,80 M A.T.",87.07
ELA020,"CRUCETA HIERRO SENCILLA DE 1,80 M A.T.",77.13
ELA021,DISPARO DE TIERRA A POSTE,3.87
ELA022,COPAS TERMINALES 15 KV (2-4/0 AWG),187.34
ELA023,COPAS TERMINALES 15 KV (2-4/0 AWG),404.42
ELA024,MATERIALES ESPECIALES P/ADAPTACION TRANS,110.19
ELA025,MATERIALES P/INSTALACION,38.58
ELA026,MATERIALES PARA INSTALACION,0.16
ELA027,MORDAZA PARA TERMINAL Nº  2,1.08
ELA028,PALILLO DE AISLAMIENTO CON ESPIGA 15 K -,8.33
ELA029,PARARRAYO DE 15 KV A.T.,198.38
ELA030,CRUCETA DE HIERRO SENCILLA HG 2.40 M A.T,103.56
ELA031,PERCHA DE 5 AISLADORES C/ABRAZADERA A.T.,40.23
ELA032,PORTAFUSIBLE DE PORCELANA A.T. TIPO T.15,17.64
ELA033,TRANSFORMADOR MONOFASICO 15 KVA 13.8/110,1460.15
ELA034,"POSTE METAL L=37'-11,28M 6 5/8-5 1/2-4 1",748.51
ELA035,POSTE METALICO L=35' -10.67 M EC= 223KG ,629.87
ELA036,POSTE METALICO L=35' -10.67M-EC=223K 7-5,629.87
ELA037,POSTE METALICO DE H=3.00 MT,77.13
ELA038,"TUBO GALVANIZADO D=1 1/4"" CERCA E= 0,90 ",6.54
ELA039,"POSTE METALICO L=27' -8,23 M EC=178KG 5 ",385.29
ELA040,"POSTE METALICO L=27' -8,23 M EC=178KG 5 ",366.85
ELA041,REINSTALACION DE TRANSFORMADORES (SENCIL,275.51
ELA042,"POSTE METALICO P/CONTRAVIENTO D= 4 1/2"" ",209.36
ELA043,"TRANSFORMADOR DE 37,5 KVA 13800/120/240",2093.8
ELA044,TRANSFORMADOR MONOFASICO 167 KVA 13.8/12,5509.95
ELA045,TRANSFORMADOR MONOFASICO DE 10 KVA,264.48
ELA046,TRANSFORMADOR 3F 300 KVA 480/208 PAD MOU,21096.49
ELA047,TRANSFORMADOR MONOFASICO 25 KVA 110/220,991.78
ELA048,TRANSFORMADOR MONOFASICO 45 KVA 480-110/,1763.2
ELA049,TRANSFORMADOR DE ACEITE DE 10 KVA 220/11,881.57
ELA050,TRANSFORMADOR MONOF. ACEITE 15 KVA 240/1,1432.57
ELA051,CONECTOR TUBULAR COMP COBRE ESTAÑADO 500,29.74
ELA052,CONECTOR PERMAGRIP 2/0 A.T.,5.76
ELA053,PERCHA DE 1 A 5 AISLADORES A.T. SIN AISL,7.69
ELA054,FUSIBLE ROMPE ARCO ALTA TENSION 17.5KVA ,20.91
ELA055,"TUBO ACERO GALVANIZADO D=2"" P/CERCAS - P",10.02
ELA056,TRANSFORMADOR MONOF. ACEITE 50 KVA 13800,2203.96
ELA057,PERCHA DE 3 AISLADORES A.T.,13.22
ELA058,"POSTE METALICO L=37' - 11,28 M EC=211 KG",663.66
ELA059,PARARRAYO 13.8 KV A.T.,176.32
ELA060,"POSTE METALICO L=27' -8,23 M EC=116KG 4 ",317.38
ELA061,"POSTE METALICO L=27' -8,23 M EC=178KG 5 ",435.26
ELA062,CORTACORRIENTE 13.8 KV,130.02
ELA063,CRUCETA DE HIERRO GALVANIZADO L=  2.40 M,88.17
ELA064,"TUBO/POSTE ACERO GALVANIZADO 2"" H= 2.17 ",21.79
ELA065,POSTE METALICO HEXAGONAL L=9 BRAZO SIMPL,440.79
ELA066,TRANSFORMADOR MONOF. ACEITE 250 KVA 13.8,8264.92
ELA067,TRANSFORMADOR MONOF. ACEITE 75 KVA 13800,4407.96
ELA068,"BRAZO DOBLE INCLINADO P/POSTE CERCA D=2""",12.13
ELA069,"POSTE METAL. L=40'-12,2M EC=437K 8 5/8-6",1049.79
ELA070,POSTE METALICO HEXAGONAL A.P. L=9 M SIN ,383.5
ELA071,"CABLE TW 18 AWG COBRE - 0,015 KG/M",0.32
ELA072,TRANSFORMADOR MONOFASICO ACEITE 75 KVA,4187.56
ELA073,TRANSFORMADOR EN ACEITE 100 KVA 13.8/120,3985.89
ELA074,PARARRAYO A.T.,99.2
ELA075,BREAKER 3P X 200 AMP 25 KACC TIPO FI \,1102
ELA076,AISLADORES DE ESPIGA PORCELANA 15 KV A.T,23.12
ELA077,SOCATE DE PORCELANA Y COBRE ROSCA E27,3.87
ELA078,POSTE METALICO HEXAGONAL L=12 MT BRAZO S,628.12
ELA079,"BRAZO T/LATIGO SIMPLE 2,4 M P/POSTE ALUM",47.38
ELA080,"BRAZO P/POSTE T/LATIGO DOBLE 2"" L=2,40 M",137.72
ELA081,"PERNO ANCLAJE P/POSTE HEXAGONAL (1""X0,40",4.51
ELA082,CUBRE TUERCA P/POSTE HEXAGONAL,0.13
ELA083,SOCATE DE BAQUELITA,2.45
ELA084,APLIQUE SIMPLE PARED/TECHO CON ROSCA P/B,19.84
ELA085,PORTA STARTER P/LAMPARA FLUORESCENTE,0.53
ELA086,LAMINA ACRILICO PUNTA DE DIAMANTE 2' X 2,6.62
ELA087,BALASTO 2 X 20 120V P/LAMPARA FLUORESCEN,21.68
ELA088,LAMINA ACRILICO PUNTA DE DIAMANTE 4' X 2,9.88
ELA089,LAMPARA FLUORESC. TIPO CADA 4X20 W CON P,49.54
ELA090,LAMPARA FLUORESCENTE CIRCULAR DOBLE 55 W,15.4
ELA091,CABLE COAXIAL RG 59 PARA VIDEO,1.08
ELA092,LUMINARIA C/BOMBILLO VAPOR MERCURIO 1500,330.58
ELA093,CABLE UTP DE RED VOZ/DATO 4 PARES CAT. 5,1.42
ELA094,BALASTO 2 X 96 PG 220V P/LAMPARA FLUORES,108
ELA095,PARARRAYO 18 KV  A.T.,231.42
ELA096,SOCKET P/LAMPARA FLUORESCENTE (SOCATE),3.87
ELA097,CORTACORRIENTE 34 KV A.T.,236.9
ELA098,PARARRAYO 12 KV A.T.,93.67
ELA099,TOMA PARA ANTENA TV / CABLE,3.41
ELA100,BREAKER 2P X 60 AMP 120/240 V 14 KA ICC,36.34
ELA101,BREAKER 2P X 70 AMP 120/240 V 14 KA ICC,51.84
ELA102,BREAKER 2P X 100 AMP 120/240 V 14 KA ICC,110.19
ELA103,BREAKER 2P X 20 AMP 240/480 V 25 KA ICC,27.55
ELA104,BREAKER 2P X 30 AMP 240/480 V 25 KA ICC,22.02
ELA105,BREAKER 2P X 40 AMP 240/480 V 25 KA ICC,36.34
ELA106,BREAKER 2P X 50 AMP 240/480 V 25 KA ICC,36.34
ELA107,BREAKER 2P X 60 AMP 240/480 V 25 KA ICC,36.34
ELA108,BREAKER 2P X 70 AMP 240/480 V 25 KA ICC,52.91
ELA109,BREAKER 2P X 100 AMP 240/480 V 25 KA ICC,66.14
ELA110,BREAKER 2P X 125 AMP 240 V 25 KA ICC ATO,119
ELA111,BREAKER 2P X 150 AMP 240 V 25 KA ICC  \,275.51
ELA112,BREAKER 2P X 175 AMP 240 V 25 KA ICC IND,528.97
ELA113,BREAKER 2P X 200 AMP 240 V 25 KA ICC \,440.79
ELA114,BREAKER 2P X 225 AMP 240 V 25 KA ICC \,716.28
ELA115,BREAKER 3P X 20 AMP 120/240 V 10 KA,25.36
ELA116,BREAKER 3P X 30 AMP 120/240 V 10 KA,109.09
ELA117,BREAKER 3P X 50 AMP 120/240 V 10 KA,66.14
ELA118,BREAKER 3P X 70 AMP 120/240 V 10 KA,146.52
ELA119,BREAKER 3P X 20 AMP 480 V 14 KA ICC,45.17
ELA120,BREAKER 3P X 30 AMP 480 V 14 KA ICC,170.8
ELA121,BREAKER 3P X 40 AMP 480 V 14 KA ICC,65.03
ELA122,BREAKER 3P X 50 AMP 480 V 14 KA ICC,115.7
ELA123,BREAKER 3P X 70 AMP 480 V 14 KA ICC,93.67
ELA124,BREAKER 3P X 100 AMP 480 V 14 KA ICC TAB,93.67
ELA125,BREAKER 3P X 20 AMP 480/600 V 65 KA ICC,44.07
ELA126,BREAKER 3P X 30 AMP 480/600 V 65 KA ICC,143.23
ELA127,BREAKER 3P X 40 AMP 480/600 V 65 KA ICC,133.35
ELA128,BREAKER 3P X 50 AMP 480/600 V 65 KA ICC,77.13
ELA129,BREAKER 3P X 60 AMP 480/600 V 65 KA ICC,88.17
ELA130,BREAKER 3P X 70 AMP 480/600 V 65 KA ICC,95.87
ELA131,BREAKER 3P X 100 AMP 480/600 V 65 KA ICC,330.58
ELA132,BREAKER 3P X 225 AMP 480/600 V 65 KA ICC,1369.79
ELA133,BREAKER 3P X 250 AMP 480/600 V 65 KA ICC,1355.47
ELA134,BREAKER 3P X 350 AMP 480/600 V 65 KA ICC,1476.67
ELA135,BREAKER 3P X 1600 AMP 240/480/600 V 100/,5750.17
ELA136,BREAKER 3P X 2000 AMP 240/480/600 V INDU,7666.54
ELA137,BREAKER 3P X 40 AMP 120/240 V 10 KA,66.14
ELA138,BREAKER 3P X 100 AMP 120/240 V 10 KA P/T,110.19
ELA139,BREAKER 2P X 20 AMP 240/480 V 18/14 KA I,24.26
ELA140,BREAKER 2P X 30 AMP 240/480 V 18/14 KA I,20.91
ELA141,BREAKER 2P X 40 AMP 240/480 V 18/14 KA I,33.09
ELA142,BREAKER 2P X 50 AMP 240/480 V 18/14 KA I,36.34
ELA143,BREAKER 2P X 60 AMP 240/480 V 18/14 KA I,39.67
ELA144,BREAKER 2P X 70 AMP 240/480 V 18/14 KA I,42.94
ELA145,BREAKER 2P X 100 AMP 240/480 V 18/14 KA ,71.97
ELA146,BREAKER 2P X 20 AMP 240/480 V 65/25 KA I,20.91
ELA147,BREAKER 2P X 30 AMP 240/480 V 65/25 KA I,23.12
ELA148,BREAKER 2P X 40 AMP 240/480 V 65/25 KA I,36.34
ELA149,BREAKER 2P X 50 AMP 240/480 V 65/25 KA I,36.34
ELA150,BREAKER 2P X 60 AMP 240/480 V 65/25 KA I,55.1
ELA151,BREAKER 2P X 70 AMP 240/480 V 65/25 KA I,44.07
ELA152,BREAKER 2PX100 AMP 240/480 V 65/25 KA IC,66.69
ELA153,BREAKER 2PX125 AMP 240/480 V 65/25 KA IC,99.2
ELA154,BREAKER 2PX150 AMP 240/480 V 65/25 KA IC,791.21
ELA155,BREAKER 3P X 20 AMP 240/480 V 18/14 KA I,34.15
ELA156,BREAKER 3P X 30 AMP 240/480 V 18/14 KA I,121.22
ELA157,BREAKER 3P X 40 AMP 240/480 V 18/14 KA I,60.63
ELA158,BREAKER 3P X 50 AMP 240/480 V 18/14 KA I,79.34
ELA159,BREAKER 3P X 60 AMP 240/480 V 18/14 KA I,83.74
ELA160,BREAKER 3P X 70 AMP 240/480 V 18/14 KA I,93.67
ELA161,BREAKER 3PX100 AMP 240/480 V 18/14 KA IC,154.29
ELA162,BREAKER 3PX20 AMP 240/480/600V 65/25/18 ,33.09
ELA163,BREAKER 3PX30 AMP 240/480/600V 65/25/18 ,167.51
ELA164,BREAKER 3P X 40 AMP 240/480/600V 65/25/1,99.2
ELA165,BREAKER 3P X 50 AMP 240/480/600V 65/25/1,131.14
ELA166,BREAKER 3P X 60 AMP 240/480/600V 65/25/1,84.87
ELA167,BREAKER 3P X 70 AMP 240/480/600V 65/25/1,319.57
ELA168,BREAKER 3PX100 AMP 240/480/600V 65/25/18,132.23
ELA169,BREAKER 3P X 125 AMP 240/480/600V 65/25/,716.28
ELA170,BREAKER 3PX150 AMP 240/480/600V 65/25/18,790.13
ELA171,BREAKER 3PX600 AMP 240/480 42/30 KA INDU,2534.54
ELA172,"TUBO PVC ELECTRICIDAD D = 2 1/2"" RIGIDO/",8.22
ELA173,"TUBO CONDUIT D=1-1/4"" ACERO IMC LIVIANO ",13.92
ELA174,"ANILLO CONDUIT D=1 1/4"" GALVANIZADO",6.94
ELA175,"CURVA CONDUIT D= 1 1/4"" GALVANIZADA",12.13
ELA176,"TUBO CONDUIT D=6"" RMC ACERO GALVANIZADO/",162.14
ELA177,"TUBO CONDUIT D=1-1/4"" RMC ACERO GALVANIZ",21.62
ELA178,"TUBO CONDUIT D=2 1/2"" RMC ACERO GALVANIZ",54.75
ELA179,"CURVA CONDUIT D= 6"" GALVANIZADA",374.69
ELA180,"ANILLO CONDUIT D= 6"" GALVANIZADO",77.13
ELA181,"CABLE TTU 16 AWG COBRE (0,022 KG/M)",0.64
ELA182,CABLE 2 AWG 15 KV XLPE NEUTRO A TIERRA -,19.84
ELA183,CABLE 1/0 AWG 15 KV XLPE NEUTRO A TIERRA,23.67
ELA184,CABLE 2/0 AWG 15 KV XLPE NEUTRO A TIERRA,27.31
ELA185,TOMACORRIENTE SENCILLO 2 FASES 20/30/40 ,7.48
ELA186,TOMACORRIENTE SENCILLO 3 FASES 20/30/40 ,13.22
ELA187,TOMACORRIENTE SENCILLO 3 FASES 50/70 AMP,8.81
ELA188,TOMACORRIENTE TRIPLE 3 FASES 20/30/40/50,9.56
ELA189,TOMACORRIENTE SENCILLO 1 FASE 20/30 A,5.86
ELA190,TOMACORRIENTE DOBLE 1 FASE 20/30 A,6.29
ELA191,TOMACORRIENTE DOBLE 2 FASES 20/30/40 AMP,9.88
ELA192,INTERRUPTOR THREE-WAY 20A,6.62
ELA193,TABLERO 2 CIRCUITOS BARRA 125A 1F+2C,22.02
ELA194,TABLERO 6 CIRCUITOS BARRA 125A / 1F+6C,132.23
ELA225,"CABLE TTU 600 MCM COBRE (3,119 KG/M)",90.3
ELA226,"CABLE TTU 1000 MCM COBRE (5,30 KG/M)",153.46
ELA227,CABLE COBRE DESNUDO SOLIDO SBTC 2 AWG ES,8.81
ELA228,CABLE DE COBRE DESNUDO 250 MCM 1.15 KG/M,33.86
ELA229,"CABLE DE COBRE DESNUDO 300 MCM 1,38 K/M",40.63
ELA230,CABLE DE COBRE DESNUDO 350 MCM 1.61 K/M,47.4
ELA231,"CABLE DE COBRE DESNUDO 500 MCM 2,3 K/M",67.73
ELA232,"CABLE DE COBRE DESNUDO Nº 3/0 AWG 0,771 ",22.69
ELA233,"CURVA CONDUIT D=1-1/2"" RMC RIGI/PESADA G",22.02
ELA234,"CURVA CONDUIT D=1-1/2"" RMC RIGI/PESADA G",39.67
ELA235,"CURVA CONDUIT D=3"" RMC RIGIDA/PESADA GAL",110.19
ELA236,"CURVA CONDUIT D=4"" RMC RIGIDA/PESADA GAL",176.32
ELA237,"ANILLO CONDUIT D=1/2"" RMC RIGI/PESADA GA",2.18
ELA238,"ANILLO CONDUIT D=3/4"" RMC RIGI/PESADA GA",4.41
ELA239,"ANILLO CONDUIT D=1"" RMC RIGI/PESADA GALV",6.62
ELA240,"ANILLO CONDUIT D=1 1/2"" RMC RIG/PESADA G",9.35
ELA241,"ANILLO CONDUIT D=2"" RMC RIG/PESADA GALVA",13.22
ELA242,"ANILLO CONDUIT D=3"" RMC RIG/PESADA GALVA",22.02
ELA243,"ANILLO CONDUIT D=4"" RMC RIG/PESADA GALVA",38.58
ELA244,"CABLE THHN Nº  6 COBRE (0,153 KG/M)",4.29
ELA245,"CABLE THHN Nº 14 COBRE (0,025 KG/M)",0.74
ELA246,LAMPARA FLUORESC. TIPO CADA 2X40 W SIN P,24.26
ELA247,LAMPARA FLUORESC. TIPO CADA 4X20 W SIN P,41.85
ELA248,LAMPARA FLUORESC. TIPO CADA 4X40 W SIN P,44.07
ELA249,LAMPARA FLUORESC. TIPO BOYACA 4X40 W CON,33.09
ELA250,LAMPARA FLUORESC. TIPO BOYACA 2X40 W CON,20.91
ELA251,"CABLE TSJ-N Nº 12 AWG (3X 12) - 0,168 KG",4.57
ELA252,BOMBILLO AHORRADOR FLUORESCENTE 11W,3.87
ELA253,BOMBILLO AHORRADOR FLUORESCENTE 25W,5.81
ELA254,BOMBILLO INCANDESCENTE LONG LIFE,3.28
ELA255,TAPA CIEGA DE HIERRO GALV. P/TOMAS ELECT,2.18
ELA256,TUBO FLUORESCENTE DE 17 W,2.18
ELA257,BOMBILLO AHORRADOR 25W P/LAMPARA SPOT,11.02
ELA258,BOMBILLO OPALUX O SIMILAR,4.41
ELA259,BOMBILLOS FLUORESCENTE PL 9W,5.54
ELA260,BREAKER 2P X 70 AMP TIPO FI INDUSTRIAL\,330.58
ELA261,BREAKER 2 X 40 AMP TIPO HEB INDUSTRIAL \,319.57
ELA262,"CABLE PARALELO SPT 2 X 18 (0,028 K/M)",1.29
ELA263,"CABLE ST  4X 18  AWG (0,093 KG/M)",2.84
ELA264,"CAJA DE 15 X 12 CM X 4""",2.18
ELA265,CAJA CON CERRADURA Y BREAKER P/DATA,135.53
ELA266,"CAJA DE PASO/DERIVACION 24"" X 20"" X 6""",218.2
ELA267,"CAJA DE PASO/DERIVACION 5"" X 5"" C/TAPA",8.81
ELA268,CAJA DE PASO TIPO INTEMPERIE 30 X 25 X 1,137.72
ELA269,CAJA METALICA CON LLAVE DE 50 X 50 X 25,45.17
ELA270,CAJA METALICA CON LLAVE DE 50X40X20 CM,147.66
ELA271,CAJA METALICA DERIVACION 60X45X15CM-24X1,62.82
ELA272,CAJA METALICA DE SEGURIDAD CON LLAVE 20 ,11.02
ELA273,CAJA METALICA EN CENTRO DE MEDICION 120X,264.48
ELA274,CAJA METALICA ARMARIO P/MODULO MEDICION ,94.77
ELA275,CAJA METALICA DE SEGURIDAD CON LLAVE 40 ,24.26
ELA276,CAJA FXB 20 PARES METALICA  (CDP),297.54
ELA277,"CANAL PARA DATA DE 6"" X 4""",2.18
ELA278,CONTACTOR PARA RELOJ BANCARIO,60.63
ELA279,CONTACTORES 3 FASES  X 40 A - 24V A/C \,60.63
ELA280,CONTADOR 2 X 50 BOVINA 24 VOLT,9.88
ELA281,INTERRUPTOR HORARIO,26.45
ELA282,LUMINARIA/REFLECTOR BOMB. METAL HALIDE 2,125.62
ELA283,"ACCESORIOS, CABLEADO, TAPE / TEIPE",2.18
ELA284,LUMINARIA/LAMPARA TIPO REFLECTOR LED 200,162
ELA285,LAMPARA TIPO SPOT D= 8 CMS EMPOTRABLE,7.69
ELA286,LAMPARA TIPO STRIP DE 1X40 W,9.88
ELA287,LUMINARIAS 1 X 32 (LUZ INDIRECTA),11.23
ELA288,LAMPARA FLUORESCENTE 1 X 20 W 120V ELECT,20.81
ELA289,LAMPARA FLUORESCENTE 2' X 2' 120V ELECTR,34.15
ELA290,LAMPARA FLUORESCENTE 2X8W 120V EMERGENCI,22.02
ELA291,LAMPARA FLUORESCENTE 1 X 40W 120V ELECTR,25.69
ELA292,LAMPARA FLUORESCENTE 1X20W 120V EMERGENC,24.26
ELA293,LAMPARA FLUORESCENTE 2' X 4' 120V ELECTR,49.54
ELA294,PLETINA DE ACERO - TAPA PARA CABLEADO,2.84
ELA295,CAJA PARA TOMACORRIENTE SUPERFICIAL,4.41
ELA296,REGLETA MULTITOMA P/RACK 8 TOMAS EN SERV,49.54
ELA297,REGLETA / TOMA PLASTICA,7.27
ELA298,TABLERO ELECTRICO BY-PASS 8 KVA,253.48
ELA299,TABLERO TP1 2F 3H 208/120 16C CIRCUITOS ,385.72
ELA300,TABLERO TP1 4H 208/120 3F+30C CIRCUITOS ,1322.37
ELA301,TABLERO TP3 3H 208/120 2F+12C CIRCUITOS ,264.48
ELA302,TABLERO TP1 4H 208/120 3F+42C CIRCUITOS ,1652.99
ELA303,TABLERO TP1 208/120 30 CIRCUITOS PPAL3X3,1641.95
ELA304,TABLERO TP1 2F 3H 208/120 16C CIRCUITOS ,661.2
ELA305,TOMA CORRIENTE NEMA HEMBRA Y MACHO,5.54
ELA306,TRANSFORMADOR 120 A 12 V,3.28
ELA307,TRANSFORMADOR 30 VA PARA LUMINARIA,3.28
ELA308,TRANSFORMADOR 40 VA-BOVINA 24V,4.41
ELA309,TRANSFORMADOR DE 75 VA PARA LUMINARIA,3.28
ELA310,TRANSFORMADOR SECO 30 KVA 480-208 120 VO,4297.76
ELA311,"ABRAZADERA Y GANCHO P/COLGAR 1""",1.61
ELA312,"CONECTOR EMT D = 2-1/2""",12.13
ELA313,BALASTO ELECTRONICO PARA LAMPARA,22.02
ELA314,SUICHE TIPO BTICINO C/LLAVE ON-OFF - SWI,11.02
ELA315,PROTECTOR DE EQUIPOS VOLTAJE TRIFASICO,19.84
ELA316,TABLERO TP2 2F 3H 208/120 16C CIRCUITOS ,440.79
ELA317,TABLERO TP2 4H 208/120 2F 30C CIRCUITOS ,771.4
ELA318,TABLERO TAA 3F 4H 208/120 24C CIRCUITOS ,1090.99
ELA319,TABLERO TP3 3F 4H 208/120 24C CIRCUITOS ,969.76
ELA320,TABLERO TP3 3H 208/120 3F+12C CIRCUITOS ,330.58
ELA321,TABLERO TP3 2F 3H 208/120 16C CIRCUITOS ,264.48
ELA322,TABLERO TP3 3H 208/120 2F+20C CIRCUITOS ,440.79
ELA323,TABLERO SQUARE-D 8 CIRCUITOS PPAL 30 A/2,99.2
ELA324,BALASTO ELECTRONICO ESPECIAL P/LAMPARA F,28.19
ELA325,"CABLE DE COBRE DESNUDO Nº 4/0 AWG 1,06 K",31.23
ELA326,AISLADOR POLIMERICO 25 KV A.T.,26.45
ELA327,PARARRAYO POLIMERICO 15 KV A.T.,196.15
ELA328,CABLE-HILO ALUMINIO P/ENERGIZAR CERCA EL,0.15
ELA329,BOMBILLO 69 W120V 8000 HR P/SEMAFORO,4.41
ELA330,TAPE / TEIPE Y MATERIALES DE ELECTRICIDA,0.32
ELA331,"POSTE METALICO OCTOGONAL 6 MT D= 6"" SEMA",99.2
ELA332,CONECTOR BIMETALICO KSU-25 CAL.02 AL 1/0,12.13
ELA333,CAMPANA PARA TIMBRE,9.88
ELA334,PROTECTOR/SUPRESOR PICOS VOLTAJE BIFASIC,27.55
ELA335,PROTECTOR EQUIPOS A/C - MONOFASICO 220 V,33.09
ELA336,BALASTO ELECTRONICO LAMPARA FLUORESCENTE,36.34
ELA337,LAMPARA FLUORESCENTE ESPECULAR ENC. RAP ,148.75
ELA338,LAMPARA FLUORESC. LF32 PARALUX O SIM 2X3,33.09
ELA339,LAMPARA FLUORESC. LF33 PARALUX O SIM 2X3,36.34
ELA340,LAMPARA FLUORESC. PARALUX O SIM 2X17W EM,41.85
ELA341,CORTACORRIENTE 38 KV 150 KV BIL. 100 A,198.38
ELA342,POSTE METALICO HEXAGONAL L=9M LATIGO DOB,352.65
ELA343,POSTE METALICO HEXAGONAL A.P. L=7 M LATI,286.54
ELA344,POSTE METALICO L=40' -12.2M EC=282K 7-5 ,859.92
ELA345,"POSTE METAL. L=40'-12,2M EC=437K 8 5/8-6",1049.79
ELA346,AISLADOR POLIMERICO 15 KV A.T.,16.5
ELA347,AISLADOR DE SUSPENSION POLIMERICO A.T. 1,36.34
ELA348,CORTACORRIENTE 15 - 27 KV-125 KVBIL,149.83
ELA349,TAPA PINTADA. SOPORTE Y PUENTE P/TOMACOR,0.53
ELA350,"TAPA CIEGA EMT 4""X4"" ELECTRICIDAD",3.28
ELA351,TAPA CIEGA EMT CIRCULAR ELECTRICIDAD,2.51
ELA352,"TAPA CIEGA EMT 4""X2"" ELECTRICIDAD",1.75
ELA353,AMARRE/PERRO PARA CONEXION CABLE 1/0,2.51
ELA354,LUMINARIA /BALIZA OBSTRUCCION SENCILLA F,308.56
ELA355,LUMINARIA / LAMPARA OBSTRUCCION DOBLE FA,427.56
ELA356,CABLE MULTIFILAR NO. 22 / COMUNICACIONES,0.21
ELA357,"BUSHING CONDUIT D= 1 1/4"" GALVANIZADO",1.29
ELA358,"BUSHING CONDUIT D= 6"" GALVANIZADO",10.49
ELA359,"CABEZOTE/COPA DE ENTRADA D=1"" EMT",9.35
ELA360,"CABEZOTE/COPA DE ENTRADA D=3/4"" EMT",7.69
ELA361,"CABEZOTE/COPA DE ENTRADA D=1 1/2"" EMT",12.13
ELA362,"TUBO PVC ELECTRICIDAD D=4"" RIGIDO/PESADO",17.64
ELA363,"CURVA PVC ELECTRICIDAD D= 4"" RIGIDA/PESA",30.85
ELA364,"CABLE THHN 1/0 AWG COBRE (0,587 KG/M)",16.46
ELA365,"CABLE THHN 2/0 AWG COBRE (0,730 KG/M)",20.46
ELA366,"CABLE THHN 4/0 AWG COBRE (1,134 KG/M)",31.8
ELA367,"CABLE THHN 3/0 AWG COBRE (0,909 KG/M)",25.5
ELA368,"CABLE THHN 250 MCM COBRE (1,345 KG/M)",37.7
ELA369,"CABLE THHN 300 MCM COBRE (1,587 KG/M)",44.5
ELA370,"CABLE THHN 350 MCM COBRE (1,855 KG/M)",52.07
ELA371,"CABLE THHN 400 MCM COBRE (2,073 KG/M)",58.15
ELA372,"CABLE THHN 500 MCM COBRE (2,616 KG/M)",73.38
ELA373,CABLE FLEXIBLE 18 AWG 105 ºC 600V- 0.015,0.45
ELA374,CABLE FLEXIBLE 16 AWG 105 ºC 600V- 0.021,0.63
ELA375,CABLE FLEXIBLE 14 AWG 105 ºC 600V- 0.03 ,0.97
ELA376,CABLE FLEXIBLE 12 AWG 105 ºC 600V- 0.043,1.31
ELA377,CABLE FLEXIBLE 8 AWG 105 ºC 600V- 0.103 ,3.2
ELA378,CABLE FLEXIBLE 6 AWG 105 ºC 600V- 0.155 ,5.08
ELA379,CABLE FLEXIBLE 4 AWG 105 ºC 600V- 0.279 ,8.73
ELA380,CABLE FLEXIBLE 2 AWG 105 ºC 600V- 0.433 ,13.54
ELA381,CABLE FLEXIBLE 1/0 AWG 105 ºC 600V- 0.65,20.58
ELA382,CABLE FLEXIBLE 2/0 AWG 105 ºC 600V- 0.81,25.4
ELA383,CABLE FLEXIBLE 3/0 AWG 105 ºC 600V- 1.00,33.09
ELA384,CABLE FLEXIBLE 4/0 AWG 105 ºC 600V- 1.24,40.77
ELA385,"CABLE COBRE DESNUDO SOLIDO Nº 2 AWG - 0,",9.12
ELA386,"CABLE TSJ-N Nº 2 AWG (3X 2) - 1,18 KG/M",32.19
ELA387,"CABLE TSJ-N Nº 8 AWG (3X 8) - 0,424 KG/M",10.97
ELA388,"CABLE TSJ-N Nº 18 AWG (4X 18) - 0,077 KG",2.16
ELA389,TOMACORRIENTE DOBLE NEMA 5 20R 20A 125V,15.4
ELA390,SUICHE/INTERRUPTOR SENCILLO 15A 125V TAP,5.54
ELA391,SUICHE/INTERRUPTOR DOBLE 16A 125V TAPA P,3.28
ELA392,SUICHE/INTERRUPTOR TRIPLE 16A 125V TAPA ,4.41
ELA393,LUMINARIA SPOT DOWNLIGHT TUBO 13W,7.27
ELA394,LUMINARIA SPOT DOWNLIGHT TUBO 26W,9.88
ELA395,LUMINARIA SPOT DOWNLIGHT 2 TUBOS 13W,13.11
ELA396,LUMINARIA SPOT DOWNLIGHT 2 TUBOS 26 W,16.07
ELA397,LUMINARIA SPOT DICROICO 50W 120V P/TRANS,5.54
ELA398,"CABLE TSJ-N Nº 18 AWG (2X 18) - 0,048 KG",1.28
ELA399,"CABLE TSJ-N Nº 18 AWG (3X 18) - 0,058 KG",2.09
ELA400,"CABLE TSJ-N Nº 16 AWG (2X 16) - 0,063 KG",2.1
ELA401,"CABLE TSJ-N Nº 16 AWG (3X 16) - 0,078 KG",2.72
ELA402,"CABLE TSJ-N Nº 16 AWG (4X 16) - 0,096 KG",2.59
ELA403,"CABLE TSJ-N Nº 14 AWG (2X 14) - 0,086 KG",3.28
ELA404,"CABLE TSJ-N Nº 14 AWG (3X 14) -0,108 KG/",3.97
ELA405,"CABLE TSJ-N Nº 14 AWG (4X 14)- 0,134 KG/",3.81
ELA406,"CABLE TSJ-N Nº 12 AWG (4X 12) - 0,209 KG",5.73
ELA407,"CABLE TSJ-N Nº 10 AWG (3X 10) - 0,272 KG",8.32
ELA408,"CABLE TSJ-N Nº 10 AWG (4X 10) - 0,337 KG",9.18
ELA409,"CABLE TSJ-N Nº 8 AWG (2X 8) - 0,336 KG/M",9.16
ELA410,"CABLE TSJ-N Nº 8 AWG (4X 8) - 0,528 KG/M",13.36
ELA411,"CABLE TSJ-N Nº 6 AWG (2X 6)- 0,475 KG/M",12.01
ELA412,"CABLE TSJ-N Nº 6 AWG (3X 6 )- 0,609 KG/M",15.39
ELA413,"CABLE TSJ-N Nº 6 AWG (4 X 6) - 0,765 KG/",30.83
ELA414,"CABLE TSJ-N Nº 4 AWG (2X 4) - 0,723 KG/M",20.9
ELA415,"CABLE TSJ-N Nº 4 AWG (3X 4) - 0,97 KG/M",27.52
ELA416,"CABLE TSJ-N Nº 4 AWG (4X 4) - 1,21 KG/M",33.68
ELA417,"CABLE TSJ-N Nº 2 AWG (2X2) - 0,788 KG/M",21.46
ELA418,"CABLE TSJ-N Nº 2 AWG (4X 2) - 1,576 KG/M",42.95
ELA419,BANDEJA PORTACABLE T/ESCALERA RECTA 10X1,20.91
ELA420,BANDEJA PORTACABLE T/ESCALERA RECTA 10X2,34.15
ELA421,BANDEJA PORTACABLE T/ESCALERA RECTA 10X4,55.1
ELA422,BANDEJA PORTACABLE T/ESCALERA RECTA 10X6,67.22
ELA423,BANDEJA PORTACABLE T/ESCALERA RECTA 10X8,88.17
ELA424,ACCESORIOS BANDEJA PORTACABLE T/ESCALERA,24.26
ELA425,"CAJA CONDULET D= 1 1/2"" TIPO T",26.01
ELA426,TAPA PLASTICA TOMA CORRIENTE DOBLE NORMA,0.85
ELA427,TAPA PLASTICA P/SUICHE-INTERRUPTOR-SWITC,0.53
ELA428,LUMINARIA/REFLECTOR BOMB. METAL HALIDE 2,193.93
ELA429,LUMINARIA/REFLECTOR BOMB. METAL HALIDE 2,299.76
ELA430,LUMINARIA/REFLECTOR BOMB. METAL HALIDE 2,646.87
ELA431,LUMINARIA/REFLECTOR BOMB. METAL HALIDE 2,170.8
ELA432,LAMPARA C/TUBO FLUORESCENTE T8 17 W 6500,11.66
ELA433,LAMPARA TUBO FLUORESCENTE T8 1 X 32 W 65,13.86
ELA434,BALASTO ELECTRONICO 120V 3 X32 W LAMPARA,36.34
ELA435,TABLERO 12 CIRCUITOS 208/120 5H NAB SUP/,330.58
ELA436,TABLERO 18 CIRCUITOS 208/120 5H NAB SUP ,480.46
ELA437,TABLERO 24 CIRCUITOS 208/120  5H NAB SUP,495.91
ELA438,TABLERO 30 CIRCUITOS 208/120 5H  NAB SUP,661.2
ELA439,TABLERO 36 CIRCUITOS 208/120 5H NAB SUP ,881.57
ELA440,TABLERO 42 CIRCUITOS 208/120 5H NAB SUP ,1322.37
ELA441,TABLERO 48 CIRCUITOS 208/120 5H NAB SUP ,1102
ELA442,TABLERO 12 CIRCUITOS 208/120 5H NLAB SUP,385.72
ELA443,TABLERO 18 CIRCUITOS 208/120 5H NLAB SUP,482.69
ELA444,TABLERO 24 CIRCUITOS 208/120 5H NLAB SUP,506.89
ELA445,TABLERO 30 CIRCUITOS 208/120 5H  NLAB SU,815.45
ELA446,TABLERO 36 CIRCUITOS 208/120 3F 5H  NLAB,848.51
ELA447,TABLERO 42 CIRCUITOS 208/120 5H NLAB SUP,1432.57
ELA448,TABLERO 42 CIRC 208/120 5H  NAB SUP 65KA,966.46
ELA449,CURVA BANDEJA PORTACABLE T/ESCALERA RECT,28.62
ELA450,CURVA BANDEJA PORTACABLE T/ESCALERA RECT,27.55
ELA451,CURVA BANDEJA PORTACABLE T/ESCALERA RECT,15.4
ELA452,CURVA BANDEJA PORTACABLE T/ESCALERA RECT,19.29
ELA453,CURVA BANDEJA PORTACABLE T/ESCALERA RECT,22.02
ELA454,REFLECTOR EMBUTIDO AHORRADOR 242 PLC13W,36.34
ELA455,TUBO FLUORESCENTE PLC 13 W 2 PINES,2.18
ELA456,REFLECTOR EMBUTIDO AHORRADOR 4092 PLC13W,52.91
ELA457,REFLECTOR EMBUTIDO AHORRADOR 4094 PLC26W,55.1
ELA458,TUBO FLUORESCENTE PLC 26 W 2 PINES,2.18
ELA459,REFLECTOR EMBUTIDO DICROICO HALOGENO M25,16.5
ELA460,TRANSFORMADOR PARA DICROICO HALOGENO 12V,9.88
ELA461,REFLECTOR TIPO REFLEX 250 W 220V,198.38
ELA462,REFLECTOR TIPO REFLEX 1000 W 220V,305.22
ELA463,BOMBILLO METAL HALIDE HPI 220V 1000 W,72.76
ELA464,BREAKER CUTLER HAMMER SERIE C DK 3 X 400,1311.34
ELA465,BREAKER CUTLER HAMMER SERIE C LD 3 X 600,2156.61
ELA466,BREAKER CUTLER HAMMER INDUSTRIAL LI 3 X ,2865.18
ELA467,BREAKER CUTLER HAMMER SERIE C ND 3 X 120,3856.99
ELA468,BREAKER CUTLER HAMMER 3 X 1600 AMP INDUS,5270.83
ELA469,"CAJA METALICA DE 15 X 12,5 X 15 CM",4.41
ELA470,BREAKER THQC 3P X 80 AMP G-E (ATORN.) 12,128.27
ELA471,BREAKER THQC 2P X 80 AMP G-E (ATORN.) 12,74.95
ELA472,BREAKER 3P X 175 AMP 240 V 25 KA ICC \,501.41
ELA473,BREAKER 3 X 400 AMP 65 KACC 240/480 \,1322.37
ELA474,BREAKER 3P X 2500 AMP 125 KACC 240-600VC,13894.97
ELA475,TRANSFORMADOR SECO 15 KVA 3F 480V/208/12,3195.77
ELA476,TRANSFORMADOR SECO 30 KVA 3F 480V/208/12,3978.2
ELA477,TRANSFORMADOR SECO 45 KVA 3F 480V/208/12,7162.94
ELA478,TRANSFORMADOR SECO 75 KVA 3F 480V/208/12,9807.71
ELA479,"TRANSFORMADOR SECO 112,5KVA 3F 480V/208/",11019.87
ELA480,TRANSFORMADOR SECO 150 KVA 3F 480V/208/1,15427.86
ELA481,TRANSFORMADOR SECO 225 KVA 3F 480V/208/1,19064.44
ELA482,"PARARRAYO TIPO PUNTA FRANKLIN 5/8"" X 24""",303.04
ELA483,TRANSFORMADOR 3F 500 KVA 480V/208/120V P,30084.33
ELA484,MATERIALES P/SOLDADURA EXOTERMICA CABLE ,8.81
ELA485,ABRAZADERA U Y ACCESORIOS P/FIJAR CABLE,0.53
ELA486,MATERIALES P/TANQUILLA TIPO CANTV 50X50X,7.69
ELA487,MARCO/CONTRAMARCO ACERO TANQUILLA 50X50X,16.5
ELA488,TAPA TANQUILLA CONCRETO 5 X 50 X 75 CM,8.81
ELA489,CABLE PARALELO SPT 2 X 24 AWG,0.32
ELA490,"CAJETIN CUADRADO METALICO 6"" X 6""",3.07
ELA491,MATERIALES P/INSTALAR/ADAPTAR TRANSFORMA,77.13
ELA492,MATERIALES PISO FALSO H= 40 CM ACCESORIO,104.68
ELA493,REJILLA A/C ALUMINIO ANODIZADO P/PISO FA,134.44
ELA494,CHUPON PARA LEVANTAR LAMINAS DE PISO FAL,23.81
ELA495,"ATERRAMIENTO PISO FALSO, GUIA, CONDUCTOR",114.6
ELA496,RAMPA MET. PISO FALSO C/GOMA ANTIRRESBAL,60.63
ELA497,VENTOSA/CHUPON PARA LEV. LAMINAS PISO FA,44.07
ELA498,MATERIALES RECONSTRUCCION DE PISO FALSO ,44.07
ELA499,"MATERIALES AJUSTE PISO FALSO, TORNILLOS ",33.09
ELA500,LOSETA PARA PISO FALSO Y ELEMENTOS DE IN,55.1
ELA501,MATERIALES P/SOLDAR EN FRIO CABLE AWG NO,1.29
ELA502,TERMINAL A COMPRESION P/CABLE AWG NO. 2,0.99
ELA503,"BARRA COLECTORA MGB C/AISLADORES 10""X4""X",209.36
ELA504,ABRAZADERA TIPO U PARA TORRES,3.28
ELA505,TERMINAL A COMPRESION PARA CABLE AWG NO.,1.31
ELA506,EXTENSION DE PARARRAYO A.T.,16.5
ELA507,TABLERO DE CONTROL P/LUCES EN TORRES,143.23
ELA508,CAJA PARA RELE EN TORRES-ELECTRICIDAD,3.28
ELA509,BASE Y RELE DE TRANSFERENCIAS P/TORRES,5.54
ELA510,FOTOCELDA / CELDA FOTOELECTRICA CON BASE,27.55
ELA511,TANQUILLA DE CONCRETO 40 X 40 X 40 CM,13.22
ELA512,TANQUILLA DE CONCRETO 40 X 40 X 80 CM,14.31
ELA513,TANQUILLA DE CONCRETO 60 X 70 X 80 CM,19.84
ELA514,ACOMETIDA PROVISIONAL,2.18
ELA515,"ADAPTADOR PVC D=4"" A.B.",13.01
ELA516,"CONTRAPOSTE METALICO/ CONTRAVIENTO D=4"" ",192.86
ELA517,"CABLE TW 2 AWG COBRE (0,374 KG/M)",9.55
ELA518,"CABLE TW 4 AWG COBRE (0,247 KG/M)",5.52
ELA519,"CABLE TW 6 AWG COBRE (0,165 KG/M)",3.72
ELA520,"CABLE TW 14 AWG COBRE 0,027 KG/M",0.72
ELA521,TAPA METALICA PARA CAJETIN ELECTRICIDAD ,1.08
ELA522,"TUBO PVC ELECTRICIDAD D=1/2"" CONDUIT RIG",1.81
ELA523,"TUBO PVC ELECT. D=3/4"" CONDUIT RIGIDO PE",2.38
ELA524,"CURVA PVC ELECTRICIDAD D= 3/4"" CONDUIT R",2.18
ELA525,"CAJA DOBLE 4"" X 4""",4.97
ELA526,"CABLE THW 1/0 AWG COBRE EN ROLLO (0,622 ",19.2
ELA527,"CABLE THW 10 AWG COBRE EN ROLLO (0,073 K",1.99
ELA528,"CABLE THW 500 MCM COBRE ROLLO 2,694 K/M",85.42
ELA529,CABLE TTU 500 MCM COBRE-CARRETE,79.17
ELA530,GRAPA-PERRO AMARRE P/CABLE ALUMINIO HAST,1.08
ELA531,CONECTOR DERIVACION TIPO C CABLE,0.35
ELA532,REGLETA PRINCIPAL ATERRAMIENTO MGB 20X4X,34.15
ELA533,REGLETA SECUNDARIA ATERRAMIENTO FGB 10X4,55.1
ELA534,CABLE TELEFONICO TDI 5 PARES 24 AWG,2.51
ELA535,MASTIL DE FIJACION LUCES/PARARRAYOS A.T.,132.23
ELA536,POSTE METALICO HEXAGONAL A.P. L=7 M SIN ,281.02
ELA537,TRANSFORMADOR SECO 45 KVA 3F 480V/208/12,8264.92
ELA538,TRANSFORMADOR SECO 75 KVA 3F 480V/208/12,9366.91
ELA539,TRANSFORMADOR SECO 15 KVA 3F 480V/208/12,4077.37
ELA540,CAJA DE 3 A 4 MEDIDORES ELECTRICIDAD,165.32
ELA541,CAJA DE 6 MEDIDORES ELECTRICIDAD,220.4
ELA542,MATERIAL SELLO  ELEC SEG CROUSE HINDS CH,27.55
ELA543,BANDEJA PORTACABLE T/ESCALERA RECTA 10X2,27.55
ELA544,SOCATE PORCELANA CON ROSCA P/SEMAFORO,5.54
ELA545,BANDEJA PORTACABLE T/ESCALERA RECTA 10X3,40.77
ELA546,CURVA BANDEJA PORTACABLE T/ESCALERA RECT,13.22
ELA547,CURVA BANDEJA PORTACABLE T/ESCALERA RECT,19.84
ELA548,"TUBO PVC ELECTRICIDAD D=1 1/4"" RIGIDO",1.96
ELA549,"TUBO PVC ELECTRICIDAD D=1-1/4"" RIGIDO/PE",3.14
ELA550,CANALETA P/CABLEADO SUPERFICIAL ANCHO=1/,1.91
ELA551,"TUBO PVC ELECTRICIDAD D=3 1/2"" RIGIDO/PE",13.39
ELA552,"CANALETA PARA CABLEADO SUPERFICIAL 3/4""-",2.18
ELA553,"CANALETA PARA CABLEADO SUPERFICIAL 1"" 25",3.87
ELA554,"CANALETA PARA CABLEADO SUPERFICIAL 2"" 50",5.54
ELA555,CONECTOR PERFORANTE CAJA DISTRIBUCION,1.61
ELA556,GRAPAS-PERRO AMARRE COMPRESION (ELECTRIC,1.61
ELA557,MENSULA DE AMARRE INSTL. ELECTRICIDAD,1.08
ELA558,PRECINTO PLASTICO,0.22
ELA559,TERMINAL BIMETALICO PREAISLADO 50 MM2,1.64
ELA560,TERMINAL BIMETALICO PRE-AISLADO 95 MM2,1.97
ELA561,"ABRAZADERA Y GANCHO P/COLGAR 1 1/2""",2.18
ELA562,"ABRAZADERA Y GANCHO P/COLGAR 1 1/4""",1.75
ELA563,"ABRAZADERA COLGANTE D = 2 1/2""",8.22
ELA564,"ABRAZADERA COLGANTE D = 3 1/2""",8.22
ELA565,"BUSHING CONDUIT D= 3 1/2"" GALVANIZADO",4.41
ELA566,"CURVA PVC ELECTRICIDAD D = 1 1/4""",2.96
ELA567,"CURVA PVC ELECTRICIDAD D= 3 1/2""",13.22
ELA568,"CURVA PVC ELECTRICIDAD D = 2 1/2"" PESADA",9.88
ELA569,"CURVA PVC ELECTRICIDAD D = 2 1/2""",5.76
ELA570,"BUSHING CONDUIT D= 3 /12"" GALVANIZADO",4.41
ELA571,"TUBO PVC ELECTRICIDAD D=3 1/2"" RIGIDO",11.1
ELA572,TUBO ELECTRICIDAD GALVANIZADO FLEXIBLE B,16.24
ELA573,"ABRAZADERA EMT DOBLE D = 3-1/2""",5.54
ELA574,"ABRAZADERA EMT DOBLE D = 1 1/4""",2.28
ELA575,"ABRAZADERA EMT DOBLE D = 6""",7.69
ELA576,"ABRAZADERA COLGANTE D = 1 1/2""",7.69
ELA577,"ABRAZADERA COLGANTE D = 1 1/4""",5.54
ELA578,TUBO ELECTRICIDAD GALVANIZADO FLEXIBLE B,6.62
ELA579,"ABRAZADERA TIPO U / OMEGA NORMAL D= 1""",2.1
ELA580,"ABRAZADERA TIPO U / OMEGA NORMAL D= 3/4""",0.42
ELA581,"ABRAZADERA TIPO U / OMEGA NORMAL D= 1/2""",0.21
ELA582,ABRAZADERA TIPO U / OMEGA NORMAL D= 1 1/,1.97
ELA583,ABRAZADERA TIPO U / OMEGA NORMAL D= 1 1/,2.07
ELA584,ABRAZADERA TIPO U / OMEGA NORMAL D= 3 1/,2.72
ELA585,ABRAZADERA TIPO U / OMEGA NORMAL D= 2 1/,2.28
ELA586,"ABRAZADERA EMT DOBLE D = 3/4""",1.08
ELA587,"ANILLO EMT D=1 1/4""",4.41
ELA588,"ANILLO EMT D=3 1/2""",13.22
ELA589,"CONECTOR EMT D = 1 1/4""",5.54
ELA590,"CONECTOR EMT D = 3 1/2""",15.97
ELA591,"CONECTOR EMT D = 3"" #",14.31
ELA592,"BUSHING EMT D= 1/2"" COMPLETO",1.86
ELA593,"TUBO PVC ELECTRICIDAD D= 6"" RIGIDO",32.91
ELA594,"BUSHING EMT D= 3/4"" COMPLETO",2.18
ELA595,"BUSHING EMT D= 1"" COMPLETO",2.72
ELA596,"BUSHING EMT D= 1 1/2"" COMPLETO ",3.65
ELA597,"BUSHING EMT D= 2 1/2"" COMPLETO ",5.54
ELA598,"BUSHING EMT D= 2"" COMPLETO ",4.41
ELA599,"BUSHING EMT D= 3"" COMPLETO ",6.62
ELA600,"BUSHING EMT D= 3 1/2"" COMPLETO ",8.81
ELA601,"BUSHING EMT D= 1 1/4"" COMPLETO ",3.28
ELA602,"BUSHING EMT D= 4"" COMPLETO ",12.13
ELA603,"CURVA PVC ELECTRICIDAD D = 1 1/4"" RIGIDA",3.28
ELA604,"CURVA PVC ELECTRICIDAD D= 3 1/2"" RIGIDA/",20.91
ELA605,TUBO PVC ELECTRICIDAD CORRUGADO FLEXIBLE,2.51
ELA606,TUBO PVC ELECTRICIDAD CORRUGADO FLEXIBLE,5.08
ELA607,TUBO PVC ELECTRICIDAD CORRUGADO FLEXIBLE,5.32
ELA608,TUBO PVC ELECTRICIDAD CORRUGADO FLEXIBLE,5.54
ELA609,TUBO PVC ELECTRICIDAD CORRUGADO FLEXIBLE,5.76
ELA610,"TUBO EMT D = 1 1/4"" ACERO GALVANIZADO A.",9.19
ELA611,"CURVA EMT D=1 1/4""",6.62
ELA612,"TUBO EMT D = 2 1/2"" X 3M ACERO A.G.-GALV",19.19
ELA613,"TUBO EMT D = 3 1/2"" ACERO A.G.-GALV",38.59
ELA614,"CURVA EMT D=3 1/2""",57.34
ELA615,"TUBO PVC ELECTRICIDAD D=6"" RIGIDO/PESADO",30.92
ELA616,"CURVA PVC ELECTRICIDAD D= 6""",68.32
ELA617,"CURVA PVC ELECTRICIDAD D= 6"" PESADA",99.2
ELA618,"ANILLO EMT D=6""",18.73
ELA619,"CONECTOR EMT D = 6""",18.73
ELA620,"TUBO EMT D= 6"" ACERO LIVIANO A.G.-GALV",70.49
ELA621,"ABRAZADERA COLGANTE EMT D = 6""",17.1
ELA622,"CURVA EMT D=6""",99.2
ELA623,TORNILLO Y RAMPLUG,0.37
ELA624,CABLE 500 MCM 15 KV  XLPE NEUTRO TIERRA-,99.19
ELA625,REFLECTOR TIPO LED 100 W 110/220V,70.52
ELA626,REFLECTOR TIPO LED 200 W 110/220V,123.41
ELA627,CABLE UTP CATEGORIA 6E HASTA 350 MHZ,3.28
ELA628,CABLE PATCH CORDS DE 2 MT CAT 6 / 5E,4.41
ELA629,"CABLE PATCH CORDS DE 0,5 MT CAT 6 / 5E",2.07
ELA630,PATCH CORD FIBRA OPTICA SINGLEMODE 3M ST,3.12
ELA631,PATCH PANEL 48 PUERTOS LANPRO O SIMILAR ,41.85
ELA632,PATCH PANEL 24 PUERTOS LANPRO O SIMILAR ,38.58
ELA633,SUICHE/SWITCH TP-LINK O SIM 48P 10/100 P,262.28
ELA634,CABLE PATCH CORDS CAT 6 / 5E,2.51
ELA635,PATCH CORD CABLE FIBRA OPTICA 50/125-5M,6.62
ELA636,"CABLE PATCH CORDS CAT 5E DE 0,5 M",1.86
ELA637,CABLE PATCH CORDS CAT 5E DE 2 M,3.87
ELA638,REGLETA MULTITOMA C/PROTECTOR PICO VOLTA,19.84
ELA639,FACE PLATE PARA 2 TOMAS RED,3.28
ELA640,FACE PLATE PARA 1 TOMA RED,2.18
ELA641,PATCH CORD CABLE FIBRA OPTICA DUPLEX 5M,7.15
ELA642,CABLE TELEFONICO P/EXTERIORES 10P SUBTER,2.51
ELA643,CABLE TELEFONICO P/EXTERIORES 20P AUTOSO,4.08
ELA644,CABLE TELEFONICO EXTERIORES DWP RAMAL TI,1.75
ELA645,"POSTE METALICO P/RETENIDA L= 6,5 M - 4 1",176.32
ELA646,LAMPARA LED T/ESPECULAR 3 X 18W EMP. 60 ,110.19
ELA647,TUBO P/LAMPARA LED 18W L=120CM T8 O SIM,8.81
ELA648,FUSIBLE CERAMICO SUMINISTRO ELECTRICO  A,1.61
ELA649,PORTA FUSIBLE CERAMICO SUMINISTRO ELECT.,11.02
ELA650,PARARRAYO 36 KV A.T. PARA SUB-ESTACION,251.24
ELA651,"CABLE THHN 750 MCM COBRE (3,90 KG/M)",109.38
ELA652,"CABLE THHN 1000 MCM COBRE (5,144 KG/M)",144.26
ELA653,LAMPARA LED T/ESPECULAR 3 X 32W EMP. 60 ,143.23
ELA654,"CABLE CONCENTRICO 2 X10 15 KV  XLPE - 0,",4.85
ELA655,"CABLE CONCENTRICO 2X8+1X10 15KV XLPE -0,",9.51
ELA656,CABLE ARVIDAL ALUMINIO 3/0 ALTA TENSION ,4.36
ELA657,CABLE ARVIDAL ALUMINIO 1/0 ALTA TENSION ,2.71
ELA658,CABLE ARVIDAL ALUMINIO NO 2 ALTA TENSION,2.19
ELA659,TERMINAL A COMPRESION P/CABLE 1/0 - 2/0,4.18
ELA660,EMPALME CONECTOR COMPRESION C 4/0-250 MC,0.74
ELA661,EMPALME CONECTOR TUBULAR COMPRESION 350 ,8.81
ELA662,EMPALME COMPRESION C BRUNDY CABLE 3/0 A ,5.54
ELA663,LAMPARA ESPECULAR FLUORESCENTE 4 X 36W 6,75.5
ELA664,LAMPARA LED T/ESPECULAR 3 X 32W 60X60CM ,108
ELA665,LAMPARA LED TIPO PANEL 60X60CM 36 W,55.1
ELA666,LAMPARA LED TIPO PANEL 120 X 60CM 36 W,113.49
ELA667,TUBO P/LAMPARA LED 10W L=60 CM T8 O SIM,5.32
ELA668,TUBO FLUORESCENTE T12 75 W 6500K,2.18
ELA669,"TUBO FLUORESCENTE T8 17/18 W X 24""/ 60,4",2.39
ELA670,GUANTES DIELECTRICO ALTA TENSION C-3 25.,272.2
ELA671,GUANTES DIELECTRICO ALTA TENSION C-2 17.,154.29
ELA672,BOMBILLO LED 9W INTELIGENTE WIFI TREAT L,33.09
ELA673,"CABLE TW 2/0  AWG COBRE  (0,732 KG/M)",20.05
ELA674,CABLE ARVIDAL DE ALUMINIO,11.76
ELA675,CABLE ALUMINIO 75° THW NO 2 AWG 0.1607 K,2.81
ELA676,CABLE ALUMINIO 75° THW NO 4 AWG 0.1122 K,1.96
ELA677,"CABLE ALUMINIO 75° THW NO 1/0 AWG 0,2551",4.49
ELA678,"CABLE ALUMINIO 75° THW NO 6 AWG (0,08007",1.38
ELA679,"TUBO PVC ELECT. D=1"" CONDUIT RIGIDO PESA",2.7
ELA680,"TUBO PVC ELECT. D=3"" CONDUIT RIGIDO PESA",17.63
ELA681,"TUBO PVC ELECT. D=2"" CONDUIT RIGIDO PESA",8.65
ELA682,"TUBO PVC ELECTRIC. D=1 1/2"" CONDUIT RIGI",5.86
ELA683,BOMBILLO LED 15W  SOFT WHITE RECARGABLE,9.88
ELA684,POSTE METALICO L=32' -9.75M-EC=246K 6 5/,637.4
ELA685,POSTE METALICO L=45' -13.72M EC=250K 7-5,985.41
ELA686,POSTE METALICO L=45' -13.72M EC=388K 8 5,1377.42
ELA687,"POSTE METALICO L=50' -15M EC=366K 8 5/8""",1240.03
ELA688,POSTE METALICO L=50' -15MT EC=402K 9 5/8,1765.72
ELA689,LUMINARIA VAPOR MERCURIO POSTE M175 WATS,82.64
ELA690,"CABLE 18 AWG AUTOMOTRIZ 105 º C - 0,015 ",0.63
ELA691,TERMINAL UN OJO BURNDY NO 4 COMPRESION,1.75
ELA692,TERMINAL UN OJO BURNDY P/CABLE NO 2/0,4.35
ELA693,TERMINAL UN OJO BURNDY P/CABLE 750 MCM,19.84
ELA694,TERMINAL UN OJO BURNDY NO 1/0 COMPRESION,3.77
ELA695,TERMINAL UN OJO BURNDY 3/0 COMPRESION,6.07
ELA696,CABLE FLEXIBLE 10 AWG 105 ºC 600V- 0.068,2.11
ELA697,"CABLE 16 AWG AUTOMOTRIZ 105 º C - 0,021 ",0.83
ELA698,"CABLE ALUMINIO 75° THW NO 350 MCM - 0,71",11.55
ELA699,"CABLE ALUMINIO 75° THW NO 400 MCM - 0,79",14.06
ELA700,"TUBO FLUORESCENTE T8 32/36 W X 48"" 121,5",3.07
ELA701,TUBO FLUORESCENTE T5 24 W 116 CM 6400K,2.39
ELA702,TUBO FLUORESCENTE T5 14 W 56 CM 6400K,2.18
ELA703,"CABEZOTE/COPA DE ENTRADA D=1/2"" EMT",3.76
ELA704,"CABLE ALUMINIO 75° THW NO 500 MCM - 0,96",18.73
ELA705,"CABLE ALUMINIO 75° THW NO 600 MCM - 1,16",20.57
ELA706,"CABLE ALUMINIO 75° THW NO 750 MCM - 1,41",24.97
ELA707,"CABLE ALUMINIO 75° THW NO 750 MCM - 1,41",24.97
ELA708,CAJA MEDIDOR 55 X 45 X 28 CM  A.G. GALVA,108.76
ELA709,"TERMINAL BUSHING EMT 1 1/2""",2.72
ELA710,CAJA METALICA PARA MEDIDOR O PASO (POR K,6.62
ELA711,CAJA NEMA EXTERIOR/INTEMPERIE 15 X 15 X ,32.29
ELA712,BREAKER INDUST-SUPERFICIAL 2P X 175A 240,292.01
ELA713,MATERIALES PARA INSTALACION,16.5
ELA714,"BRAZO P/POSTE T/LATIGO DOBLE D=2"" L=2,4M",136.62
ELA715,"BRAZO P/POSTE T/LATIGO DOBLE D=2"" L=2 M ",115.7
ELA716,BREAKER INDUST-SUPERFICIAL 3P X 200A 240,390.11
ELA717,BREAKER C FD 2P X 30 AMP WEST. 240/480V ,288.72
ELA718,BREAKER C FD 3P X 125A WEST. 240/480V TI,479.36
ELA719,POSTE METALICO HEXAGONAL ALUMBRADO L=8 M,264.48
ELA720,TANQUILLA DE CONCRETO 50 X 50 X 75 CM,16.5
ELA721,TUBO EMT ACERO GALVANIZADO A.G.,7.69
ELA722,TUBO CONDUIT ACERO IMC LIVIANO COVENIN 2,6.15
ELA723,TUBO CONDUIT RMC ACERO GALVANIZADO/PESAD,6.62
ELA724,TUBO RMC CONDUIT DE ALUMINIO,11.88
ELA725,TUBO PVC ELECTRIC. CONDUIT RIGIDO PESADO,9.25
ELA726,LAMPARA E-27 TIPO BAMBER,41.96
ELA727,TAPE / TEIPE 24 SCOTCH 3M CINTA BLINDAJE,27.55
ELA728,TRANSFORMADOR DISTRIBUCION 25 KVA 13.8/1,3763.3
ELA729,TUBO PVC ELECTRICIDAD RIGIDO/LIVIANO,8.81
ELA730,ASIENTO PARA CRUCETA ALTO 127 MM,11.23
ELA731,"POSTE METALICO L=37' - 11,28 M - EC=241 ",683.22
ELA732,CRUCETA DE HIERRO 75 X 75 X 7 MM L= 2.0 ,82.64
ELA733,DESCARGADOR SOBRETENSION 15KV DF 350MM,83.18
ELA734,"POSTE METALICO L=27' -8,23 M EC=188KG 5 ",429.76
ELA735,BOMBILLO AHORRADOR 26W,8.46
ELA736,BALASTO ELECTRONICO 120V 3 X17 W LAMPARA,28.62
ELA737,PILA /BATERIA AAA (TRIPLE A) PAQUETE X 2,3.28
ELA738,PILA /BATERIA AAA RECARGABLE,4.41
ELA739,PILA /BATERIA AA RECARGABLE 2700MAH,5.54
ELA740,PILA /BATERIA AAA,2.18
ELA741,SOCKET P/TUBO FLUORESCENTE (SOCATE) T8/T,2.28
ELA742,LAMPARA LED DE PANEL 12,19.84
ELA743,LAMPARA LED DE PANEL 24,55.1
ELA744,AISLADOR CARRETE CERAMICA P/PERCHA CABLE,5.54
ELA745,POSTE METALICO L=45' -13.72M 9 5/8 7-5 1,936.68
ELA746,TAPA P/TANQUILLA HIERRO GALVANIZADO,41.85
ELA747,TUBO P/LAMPARA LED 20W L=120 CM T8 110/2,9.88
ELA748,TUBO P/LAMPARA LED T8 110/220V,7.69
ELA749,CABLE COBRE 500 KCM 37H 1P 600V XLPE-XLP,63.93
ELA750,CABLE ALUMINIO ARVIDAL DESNUDO 1/0 AWG,2.84
ELA751,CABLE COBRE DESNUDO 6AWG 7H TR DURO 1P,35.23
ELA752,CABLE COBRE DESNUDO 2AWG 7H TR DURO 1P,33.09
ELA753,CABLE COBRE DESNUDO 250 KCMIL 37H TR BLA,38.58
ELA754,CONECTOR COMPRESION TUBULAR CU 250 MCM C,5.86
ELA755,CABLE COBRE 250 KCMIL 37H 1P 15 KV PLT,37.45
ELA756,CABLE COBRE 750 KCM 61H TR-XLPE-LLDPE 1P,104.68
ELA757,CONECTOR TORNILLO DERIV. CU AWG #2 O #4 ,10.38
ELA758,ESTRIBO COBRE DESNUDO NO. 2/0 P CONTACTO,4.41
ELA759,POSTE METALICO OCTOGONAL A.P. L=18 M TIP,980.78
ELA760,REMACHE CU-NI DE DIAMETRO 4X12MM,0.11
ELA761,"CONECTOR BARRA A TIERRA 5/8"" P/CABLE 1/0",20.91
ELA762,PARARRAYO IONICO PROTECC DESCARGA ATMOSF,99.2
ELA763,CABLE ALUMINIO THW 1/0 AWG 19H PVC 1P 60,4.41
ELA764,"BARRA ACERO COBRIZO 5/8"" X 8""PUESTA A TI",4.97
ELA765,"PERNO CARRUAJE D=5/8"" L= 4"" C/TORNILLO",4.41
ELA766,TABLERO DE CONTROL P/AUTOMATIZ DE FILTRO,8815.9
ELA767,TABLERO DE CONTROL P/PLC MAESTRO,2203.96
ELA768,TABLERO DE CONTROL P/AUTOMATIZ DOSIF Y E,6611.93
ELA769,TABLERO DE CONTROL P/SISTEMA MANDO DE LA,7713.89
ELA770,TABLERO CONTROL P/SISTEMA SUPERVISION/MO,11019.87
ELA771,POSTE P/SEÑALIZ. DIRECCIONAL C/4 FLECHAS,231.42
ELA772,CABLE THW DE COBRE,27.55
ELA773,CABLE DE COBRE THHN,27.55
ELA774,"LAMPARA COLGANTE DECOR. LED L=1,2M 36W 4",99.2
ELA775,CINTA ILUMINACION LED BLANCA SIN ADAPTAD,5.54
ELA776,LAMPARA SPOT LED 12W PANEL CUADRADA SUPE,11.02
ELA777,LAMPARA SPOT LED 12W PANEL CIRCULAR SUPE,11.02
ELA778,LAMPARA LED TIPO PANEL 60X60CM 48 W,71.65
ELA779,LAMPARA LED TIPO PANEL 120 X 60CM 72 W,93.67
ELA780,"LAMPARA LED ALUMBRADO, JARDIN / SOLAR 39",38.58
ELA781,TRANSFORMADOR NONOF SECO 10KVA 480/240/1,1520.73
ELA782,"TRANSFORMAD NONOF SECO 7,5KVA 480/240/12",925.68
ELA783,TUBO P/LAMPARA LED 15W L=60 CM T8 O SIM,7.15
ELA784,BOMBILLO LED 9W 5000K MARCA BRILLIANCE O,13.22
ELA785,BOMBILLO LED 9W NORMAL / LUZ BLANCA 6500,5.76
ELA786,BOMBILLO LED 15 W/ E27 NORMAL,6.62
ELA787,REFLECTOR TIPO LED 300 W 110/220V,164.22
ELA788,REFLECTOR TIPO LED 150 W 110/220V,117.92
ELA789,LAMPARA LED TIPO PANEL 60X60CM 40 W,66.14
ELA790,LAMPARA LED TIPO PANEL 120 X 60CM 80 W,147.66
ELA791,LAMPARA LED TIPO PANEL 60X60CM 60 W,79.34
ELA792,LAMPARA LED TIPO PANEL 120 X 60CM 55 W,82.64
ELA793,LAMPARA LED TIPO PANEL 120 X 30CM 36 W,57.34
ELA794,AISLADORES DE ESPIGA PORCELANA 25 KV A.T,38.58
ELA795,TORRE HEXAGONAL L=20M C/ESCALERA Y CESTA,4573.26
ELA796,PERCHA DE 4 A 5 AISLADORES DE CARRETE-SI,30.85
ELA797,LAMPARA LED 1X18W 60 CM 6500K SUPERFICIA,15.4
ELA798,"BARRA PRINCIPAL ATERRAMIENTO MGB 40""X4""X",396.71
ELA799,LAMPARA LED HERMETICA 2 X 18 W MULTIVOLT,26.45
ELA800,LAMPARA LED SUPERFICIAL 36 W 6500K L=120,15.4
ELA801,LAMPARA LED REJILLA 2 TUBOS T8 X 60 CM 1,16.5
ELA802,LAMPARA LED LINEAL SUPERF. 9W 6500K 30 C,7.69
ELA803,LAMPARA LED TUBO ANTIPOLVO 18W 6500K 60C,13.22
ELA804,LAMPARA LED TUBO ANTIPOLVO 36W 6500K 120,22.02
ELA805,DRIVER MULTIVOLTAJE CONECTOR 24-36W DURA,5.54
ELA806,LAMPARA LED INTEGRADA 18W T8 120CM 85-26,14.31
ELA807,LAMPARA LED 2 TUBOS LISA 36W 120CM 6500K,18.73
ELA808,LAMPARA PANEL LED 24W 3000K CIRCULAR SUP,12.13
ELA809,"LAMPARA PANEL LED 18W 6"" 6500K CIRCULAR ",16.5
ELA810,SOCKET P/TUBO LED (SOCATE) T8/T12 C/U,1.86
ELA811,LAMPARA PANEL LED 18W 6500K CIRC P/EMPOT,8.81
ELA812,LAMPARA PANEL HIGHLUMEN LED 12W 6500K CI,8.81
ELA813,TUBO LED T8 10W 6500K L=60 CM,5.08
ELA814,LAMPARA HERMETICA ANTIPOLVO LED 36 W CHI,41.31
ELA815,LAMPARA LED LISA 60 CM 16W 6500K 2 TUBOS,12.13
ELA816,LAMPARA LED LINEAL SUPERFICIAL 36W 6500K,13.22
ELA817,CABLE COBRE TRENZADO DESNUDO Nº 4 AWG - ,7.69
ELA818,SALIDA INTERRUPTOR SENCILLO 1 VIA 6A/250,5.54
ELA819,SALIDA INTERRUPTOR DOBLE 1 VIA 6A/250V-1,8.81
ELA820,CABLE COBRE TRENZADO DESNUDO Nº 10 AWG,1.81
ELA821,CABLE COBRE TRENZADO DESNUDO Nº 8 AWG,2.39
ELA822,CABLE DE COBRE TRENZADO DESNUDO Nº 3/0 A,22.69
ELA823,CABLE DE COBRE TRENZADO DESNUDO Nº 4/0 A,31.95
ELA824,"CABLE DE COBRE DESNUDO Nº 2 AWG- 0,31 KG",28.62
ELA825,"CABLE DE COBRE DESNUDO Nº 2 AWG- 0,31 KG",8.81
ELA826,CONECTOR A COMPRESION COBRE ESTAÑADO NO ,3.87
ELA827,CONECTOR A COMPRESION COBRE ESTAÑADO NO ,8.22
ELA828,CONECTOR TUBULAR COMP COBRE ESTAÑADO 350,17.98
ELA829,CONECTOR TUBULAR COMP COBRE ESTAÑADO 250,11.55
ELA830,TRANSFORMADOR 3F SECO 500KVA 480/280/120,31241.41
ELA831,REGLETA TELEFONICA IMPORTADA 25 PARES CE,22.02
ELA832,REGLETA TELEFONICA DE 20 PARES FBX,11.02
ELA833,"TUBO LED T8 MULTIVOLTAJE 18W 6500K L=1,2",4.41
ELA834,"TUBO LED T8 MULTIVOLTAJE 18W 6500K L=0,6",3.87
ELA835,"TUBO LED T8 DE COLORES 18W 6500K L=1,2M",8.81
ELA836,BOMBILLO LED 105 WATT E27 MULTIVOLTAJE,26.45
ELA837,BOMBILLO LED 150 WATT E27 MULTIVOLTAJE,33.09
ELA838,"PERFIL RIEL UNISTRUD 1 1/2"" X 3/4"" L= 2,",35.23
ELA839,"PERFIL RIEL UNISTRUD 1 1/2"" X 1/2"" L= 2,",52.91
ELA840,"PERFIL RIEL UNISTRUD 1 1/2"" X 1/2"" L= 2,",38.58
ELA841,"ABRAZADERA TIPO C MOROCHA UNISTRUD 1/2""",4.41
ELA842,"ABRAZADERA TIPO C MOROCHA UNISTRUD 3/4""",5.54
ELA843,PERFIL  UNISTRUD A LA MEDIDA EN PIPE RAC,46.29
ELA844,"ABRAZADERA TIPO C MOROCHA UNISTRUT DE 1""",7.27
ELA845,"ABRAZADERA TIPO C MOROCHA UNISTRUT DE 2""",9.88
ELA846,"ABRAZADERA U-BOLT PARA TUBERIA 1"" GALVAN",5.54
ELA847,"ABRAZADERA CONDUIT D = 1 1/2""",4.41
ELA848,ACCESORIO / CONECTOR CABLE A TIERRA,5.54
ELA849,ACCESORIOS PARA FIJACION DE CABLE DE TIE,4.41
ELA850,CONECTOR PUESTA A TIERRA GAR1426 BURNDY,12.13
ELA851,CONECTOR PUESTA A TIERRA CABLE-VARILLA-T,16.5
ELA852,GUANTES DIELECTRICO C-00 AC 500 V,27.55
ELA853,GUANTES DIELECTRICO ALTA TENSION C-4 360,297.54
ELA854,GUANTES DIELECTRICO C-0 1000-1500V,99.2
ELA855,GUANTES DIELECTRICO ALTA TENSION C-1 750,110.19
ELC001,SISTEMA INTEGRADO CCTV C/CPU 250GB 16 CA,551.02
ELC002,CAMARA CCTV DOMO 480 LINEAS COLOR LENTE ,27.55
ELC003,FUENTE PODER ALIMENTACION P/CAMARA DOMO ,33.09
ELC004,CENTRAL ROBO/ATRACO 8-Z AMPLIABLE 24,99.2
ELC005,TECLADO NUMERICO PANTALLA CRISTAL LIQUID,44.07
ELC006,DETECTOR INFRARROJO VOLUMETRICO C/BASE,57.55
ELC007,DETECTOR INFRARROJO VOLUMET. COBERTURA 3,58.41
ELC008,SIRENA ELECTRONICA ALTA POTENCIA CAJA/LU,25.36
ELC009,PULSADOR DE MANO PARA SISTEMA DE ALARMA,3.28
ELC010,PULSADOR DE PIE PARA SISTEMA DE ALARMA,4.41
ELC011,DISCADOR TELEFONICO 2 CANALES HASTA 8 NU,48.45
ELC012,UPS PROTECCION 45 MINUTOS DE 3000VA PARA,1456.85
ELC013,UPS PROTECCION 3000 VA 120 VOLT,881.57
ELC014,CONTROLADOR P/8 LECTORAS SUPERVISAR 12 E,121.22
ELC015,MATERIALES VARIOS PARA INSTALACION,0.42
ELC016,LECTOR DE PROXIMIDAD CONTROL DE ACCESO,52.91
ELC017,PULSADOR EGRESO METALICO CON MENSAJE/CAJ,75.5
ELC018,ESTACION MANUAL ALARMA LIBERACION PUERTA,137.72
ELC019,TEMPORIZADOR PROGRAMABLE P/ALARMA-CONTRO,44.07
ELC020,RESPALDO ENERGIA 12 HR P/CERRADURA ELECT,110.19
ELC021,"BATERIA DE RESPALDO 12 HR 12V 7,2 AMP",49.54
ELC022,CERRADURA ELECTROMAGNETICA 750 LBS CON S,115.7
ELC023,SENSOR DE POSICION EMBUTIDO C/AISLAMIENT,20.91
ELC024,RACK TIPO BANDEJA CON TAPA Y CERRADURA,177.44
ELC025,CONTACTOR-SENSOR MAGNETICO P/SANTA MARIA,31.95
ELC026,SIRENA ELECTRONICA CONTACTO SECO ALIMENT,14.31
ELC027,FUENTE ALIMENTACION/CARGADOR BATERIA 12/,68.32
ELC028,CONECTOR BNC PARA CABLE COAXIAL,1.29
ELC029,CABLE P/CONTACTOS MAGNETICOS 2 X 22 AWG,0.53
ELC030,CABLE DE LECTORA 5X 22 AWG SIST ALARMA,0.82
ELC031,CABLE PARA ALIMENTACION 2X 18 AWG SIST. ,1.38
ELC032,MATERIALES VARIOS PARA INSTALACION,0.32
ELC033,MATERIALES VARIOS PARA INSTALACION,0.26
ELC034,MATERIALES VARIOS PARA INSTALACION,0.21
ELC035,MATERIALES VARIOS PARA INSTALACION,0.16
ELC036,MATERIALES VARIOS PARA INSTALACION,0.11
ELC037,MATERIALES VARIOS PARA INSTALACION,0.16
ELC038,MATERIALES VARIOS PARA INSTALACION,0.11
ELC039,TECLADO NUMERICO CRISTAL / RELOJ INCORPO,60.63
ELC040,SENSOR/DETECTOR ROTURA DE VIDRIO,24.26
ELC041,KIT DE RACK P/UPS O EQUIPO SIMILAR EN TO,126.73
ELC042,BANDEJA DE MONITOR NACIONAL P/RACK 19X12,24.26
ELC043,BANDEJA DE SERVIDOR NACIONAL P/RACK DE 1,34.15
ELC044,BANDEJA DE SERVIDOR VENTILADA P/RACK DE ,44.07
ELC045,BANDEJA PARA TECLADO EN RACK/SERVIDOR,28.62
ELC046,CANAL P/DATA ORGANIZADOR HORIZONTAL RACK,240.23
ELC047,BANDEJA VENTILADA P/RACK 19 X19- SERVIDO,30.85
ELC048,RACK DE 19 PULGADAS DE 45 ESPACIOS P/SER,958.73
ELC049,"RACK DE PISO ABIERTO 19 X 1,50M  P/SERVI",165.32
ELC050,"RACK DE PISO 19"" CERRADO 42 POSICIONES /",886.02
ELC051,"RACK ABIERTO 4U DE PARED 19""  P/SERVIDOR",49.54
ELC052,CONECTOR P/CABLE DE RED RJ45 (MACHO)  CA,0.16
ELC053,CANAL PARA DATA HORIZONTAL,8.81
ELC054,PATCH PANEL 12 PUERTOS CAT 5E  \,35.23
ELC055,PATCH PANEL 24 PUERTOS CAT 5E \,37.45
ELC056,PATCH PANEL 48 PUERTOS CAT 5E \,110.19
ELC057,PATCH PANEL 24 PUERTOS CATEGORIA 6  \,48.45
ELC058,PATCH PANEL 48 PUERTOS CATEGORIA 6 \,106.91
ELC059,SUICHE/SWITCH 10/100 48P 2P GIGABIT ADMI,1235.31
ELC060,VIDEO BALUM PASIVO P/CAMARAS,1.82
ELC061,CABLE BNC P/CAMARAS / VIDEO BALUN,0.68
ELC062,FUENTE DE PODER CAJA 12V 18 CAMARAS 20A,24.26
ELC063,DVR PARA CAMARAS HASTA 8 CANALES HD,170.8
ELC064,CONECTOR/JACK COUPLER HEMBRA RJ45 CAT 5E,2.18
ELC065,CONECTOR/JACK COUPLER HEMBRA RJ45 CAT 6,2.18
ELC066,CAJETIN SUPERFICIAL RED 1 PUERTO,2.18
ELC067,CAJETIN SUPERFICIAL RED 2 PUERTOS,3.28
ELC068,CAJETIN SUPERFICIAL P/CAMARAS,0.58
ELC069,CONECTOR P/CABLE DE RED RJ45 (MACHO)  CA,0.17
ELC070,CAPUCHA PROTECTOR (BOTA) P/CONECTOR MACH,0.11
ELE001,"ABRAZADERA BARRA 1/4"" ROSC P/TUBERIA D =",0.21
ELE002,"ABRAZADERA DE 3 TORNILLOS D= 4 1/2""",5.54
ELE003,"ABRAZADERA DE 4"" TORNILLOS 4-1/2""",5.54
ELE004,"ABRAZADERA DE 4 TORNILLOS Y TUERCAS 10,1",4.41
ELE005,"ABRAZADERA DE 4"" - 4 1/2 2T 2 TORNILLOS",5.54
ELE006,ACOMETIDA PROVISIONAL,16.5
ELE007,INTERRUPTOR COMB SIMPL PLASTICO C/ACCS 1,3.28
ELE008,INTERRUPTOR BREAKER SUPERFICIAL 2P 30A 3,99.2
ELE009,ABRAZADERA DE TORNILLOS Y ACCESORIOS,2.84
ELE010,"ABRAZADERA PARA TUBERIA D=1 1/4""",0.58
ELE011,INTERRUPTOR BREAKER SUPERFICIAL 3P 30A 3,165.32
ELE012,ABRAZADERA SOPORTE P/UN TRANSF. 10.16 CM,12.58
ELE013,ACCESORIOS P/FIJACION,0.53
ELE014,ACCESORIOS PARA CABLE TELEFONICO,0.18
ELE015,ACCESORIOS PARA CABLEADO,0.64
ELE016,ACCESORIOS PARA INSTALACION,0.53
ELE017,ACCESORIOS PARA CABLE,0.21
ELE018,ACOMETIDA PROVISIONAL,33.09
ELE019,ADAPTADOR P/CRUCETA EN POSTE A.T.,4.97
ELE020,"ADAPTADOR PVC A.B. DE 1"" X 3/4""",2.03
ELE021,ADAPTADOR DE CRUCETA AL POSTE T. 89 X 11,5.54
ELE022,ADAPTADOR DE CRUCETAS PARA POSTES A.T.,6.07
ELE023,CABLE DE COBRE SOLIDO Nº 4 AWG 0.188 K/M,27.55
ELE024,"ANILLO CONDUIT D=1"" GALVANIZADO",6.62
ELE025,"ANILLO CONDUIT D=2"" GALVANIZADO",13.22
ELE026,"ANILLO CONDUIT D=3"" GALVANIZADO",18.73
ELE027,"ANILLO CONDUIT D= 3/4"" GALVANIZADO",4.18
ELE028,"ANILLO EMT D=1""",3.28
ELE029,"ANILLO EMT D=1/2"" #",1.08
ELE030,"ANILLO EMT D=3""",12.13
ELE031,"ANILLO EMT D=2"" #",7.69
ELE032,"ANILLO EMT D=4""",16.5
ELE033,"ANILLO EMT D=2""",8.81
ELE034,"ANILLO EMT D=3/4""",1.34
ELE035,"ANILLO FLEX B X  D=1/2"" EMT",0.97
ELE036,"ANILLO CONDUIT D= 1/2"" GALVANIZADO",3.65
ELE037,ASIENTO CRUCETA POSTE A.T.,11.23
ELE038,ASIENTO PARA PERCHA A.T,2.72
ELE039,BALASTO/BALASTRO LAMP. FLUORESCENTE 1 X ,11.34
ELE040,"BARRA COPPERWELD DE COBRE L=2,4 SIN CONE",66.14
ELE041,"BARRA COPPERWELD 3/8"" COBRE SIN CONECTOR",30.85
ELE042,"BARRA COPPERWELD 5/8"" L=2.4 MTS COBRE C/",77.13
ELE043,BARRA DE ACERO PARA ANCLAJE,55.1
ELE044,BARRA DE COBRE PARA CELDA,24.26
ELE045,BARRA COPPERWELD  L= 2.4 MTS  CON CONECT,77.13
ELE046,BASE PARA COLOCACION DE PLANTA,1.08
ELE047,BOMBILLO INCANDESCENTE 40W - 110V,2.18
ELE048,BOMBILLO INCANDESCENTE,2.84
ELE049,BOMBILLO INCANDESCENTE 60W - 110 V,2.18
ELE050,BOMBILLO INCANDESCENTE 75W - 110V,2.18
ELE051,BOMBILLOS PARA ILUMINACION DE EMERGENCIA,8.22
ELE052,BORNE DE CONEXION,2.72
ELE053,BREAKER HQP 1P X 20 AMP WEST. (ENCHUF.) ,15.4
ELE054,BREAKER HQP 1P X 70 AMP WEST. (ENCH.) 12,33.09
ELE055,BREAKER HQP 2P X 60 AMP WEST. (ENCH.) 12,38.58
ELE056,BREAKER 2P X 100 AMP 120/240 V 10 KA TAB,198.38
ELE057,BREAKER 2P X 50 AMP 120/240 10 KA,35.23
ELE058,BREAKER 2P X 40 AMP 120/240 10 KA,35.23
ELE059,BREAKER THQC 3P X 20 AMP G-E (ATORN.) 12,103.78
ELE060,BREAKER 2P X 30 AMP 120/240 V 10 KA,25.36
ELE061,BREAKER THQC 3P X 30 AMP G-E (ATORN.) 12,115.7
ELE062,BREAKER THQC 3P X 50 AMP G-E (ATORN.) 12,109.09
ELE063,BREAKER C FD 2P X 125 AMP WEST. 240/480 ,374.69
ELE064,BREAKER HQP 3P X 90 AMP WEST. (ENCH.) 12,93.67
ELE065,BREAKER C JD 3P X 200 AMP WEST. 240/480 ,859.57
ELE066,BREAKER C JD 3P X 300 AMP WEST. 240/480 ,1520.73
ELE067,BREAKER HQP 3P X 60 AMP WEST. (ENCH.) 12,66.14
ELE068,BREAKER C HFD 3P X 150 AMP WEST. 240/480,1190.17
ELE069,BREAKER FI 2P X 60 AMP WEST. UNIVERSAL 2,220.4
ELE070,BREAKER THQC 3P X 100 AMP G-E (ATORN.) 1,141.04
ELE071,BREAKER HNC 3P X 1200 AMP 25 KA INDUSTRI,4683.46
ELE072,BREAKER C FD 2P X 150 AMP WEST. 240/480 ,791.21
ELE073,BREAKER C JD 3P X 250 AMP WEST. 240/480 ,1377.49
ELE074,BREAKER C JD 3P X 400 AMP WEST. 240/480 ,1652.99
MZ0720,KIT DE TORNILLERIA,27.21
ELE075,BREAKER C FD 2P X 50 AMP WEST. 240/480,243.51
ELE076,BREAKER C LD 3P X 500 AMP WEST. 240/480 ,1708.09
ELE077,BREAKER FI 3P X 70 AMP WEST. UNIVERSAL 2,385.72
ELE078,BREAKER FI 2P X 70 AMP WEST. UNIVERSAL 2,349.3
ELE079,BREAKER WEST. NCG 3P X 800 AMP 22 KA IND,2870.68
ELE080,BREAKER INDUSTRIAL 3P X 800 A 600 V G-E ,2876.21
ELE081,BREAKER 3P X 100 AMP 120/240 10 KA TABLE,98.09
ELE082,BREAKER 3P X 50 AMP 120/240 V 10 KA,66.14
ELE083,BREAKER INDUSTRIAL 3P X 1200 A 600 V G-E,4418.96
ELE084,BREAKER C FD 3P X 125 AMP WEST. 240/480/,479.36
ELE085,BREAKER LA 3P X 300 AMP 65 KA \,1146.05
ELE086,BREAKER 3P X 200 AMP 10 KA INDUSTRIAL \,606.09
ELE087,BREAKER 3P X 40 AMP 240/480 V 10 KA,66.14
ELE088,BREAKER C FD 3P X 150 AMP WEST. 240/480/,793.44
ELE089,BREAKER HLA 3P X 250 AMP 65 KA \,1321.29
ELE090,BREAKER THQC 3P X 60 AMP G-E (ATORN.) 12,109.32
ELE091,BREAKER THQC 2P X 60 AMP G-E (ATORN.) 12,62.82
ELE092,BREAKER C JD 3P X 350 AMP WEST. 240/480 ,1597.88
ELE093,BREAKER EB INDUSTRIAL 3P X 50 AMP,341.61
ELE094,BREAKER FI 3P X 20 AMP WEST. INDUSTRIAL ,644.66
ELE095,BREAKER LA 3P X 600 AMP 35 KA \,2633.75
ELE096,BREAKER C JD 3P X 225 AMP WEST. 240/480 ,1377.49
ELE097,BREAKER THQC 1P X 15 AMP G-E (ATORN.) 12,10.25
ELE098,BREAKER FI 2P X 30 AMP WEST. UNIVERSAL 2,264.48
ELE099,BREAKER FI 3P X 60 AMP WEST. UNIVERSAL 2,396.71
ELE100,"CABLE TTU 3/0  AWG COBRE (0,956 KG/M)",27.67
ELE101,LAMPARA FLUORESCENTE INDUSTRIAL 1 X 40 W,13.22
ELE102,KIT ELECTRODO/BARRA QUIMICA ATERRAMIENTO,495.91
ELE103,RELLENO QUIMICO BARRA ATERRAMIENTO (10 K,11.02
ELE104,"CABLE THW 2/0 AWG COBRE (0,767 KG/M) ",25.81
ELE105,"CABLE TW 3/0  AWG COBRE (0,905 KG/M)",25.69
ELE106,"CABLE THW 350 MCM COBRE (1,923 KG/M)",60.63
ELE107,BREAKER C/ENCHUFE 3P X 20 AMP 120/240 V ,36.34
ELE108,CABLE ARVIDAL ALUMINIO 2/0 AWG 216 KG/KM,3.65
ELE109,CABLE THW 1/0 AWG COBRE (0.622 KG/M),20.9
ELE110,CABLE TELEFONICO TDI 2 PARES 24 AWG,1.5
ELE111,"CABLE TTU 500 MCM COBRE (2,735 KG/M)",79.17
ELE112,"CABLE TTU 1/0  AWG COBRE (0,629 KG/M)",18.74
ELE113,CABLE /CONDUCTOR DE COBRE DESNUDO,25.36
ELE114,"CABLE TSJ-N 3X 2 AGW P/ACOMETIDA - 1,18 ",30.87
ELE115,"CABLE COBRE DESNUDO Nº 2/0 AWG 0,611KG/M",18.01
ELE116,"CABLE DE COBRE DESNUDO Nº 1/0 - 0,485 KG",14.26
ELE117,CABLE COBRE DESNUDO TRENZADO Nº 2 AWG - ,9.12
ELE118,CARTUCHO P/SOLDADURA EXOTERMICA 90 GR,9.56
ELE119,"CABLE DE COBRE DESNUDO Nº 6 AWG - 0,12 K",3.56
ELE120,"CABLE COBRE DESNUDO Nº 8 AWG- 0,0744 KG/",2.39
ELE121,"CABLE COBRE DESNUDO Nº 10 AWG- 0,062 KG/",1.81
ELE122,CABLE JUMPER TELEFONICO 1 PAR 24 AWG,0.21
ELE123,"CABLE TF 18 AWG MONOPOLAR 60 º C- 0,015 ",0.41
ELE124,CABLE PARA SEÑAL Y CONEXION,1.88
ELE125,"CABLE TW 1/0 AWG COBRE (0,589 KG/M)",14.88
ELE126,CABLE*  TW 2 AWG  (SUJETO REGULACION),8.46
ELE127,CABLE TELEFONICO TDI 1 PAR  24 AWG,1.18
ELE128,"CABLE THW 12 AWG COBRE (0,05 KG/M) #",1.61
ELE129,"CABLE THW NO 4 AWG COBRE (0,259 KG/M)",7.96
ELE130,"CABLE THW 4/0 AWG COBRE (1,179 KG/M)",36.34
ELE131,"CABLE THW 6 AWG COBRE (0,174 KG/M)",5.88
ELE132,MOLDE TIPO T P/CABLE NO. 6 A BARRA (30 U,16.98
ELE133,"CABLE THW 2 AWG COBRE (0,391 KG/M) #",12.04
ELE134,"BARRA PRINCIPAL ATERRAMIENTO MGB 20""X4""X",198.38
ELE135,"CABLE THW 3/0 AWG COBRE (0,950 KG/M)",31.96
ELE136,BREAKER C/ENCHUFE 3P X 40 AMP 120/240 V ,44.07
ELE137,"BARRA SECUNDARIA ATERRAMIENTO FGB 10""X4""",15.4
ELE138,CONECTOR 2 HUECOS/2 OJOS NO. 6 TERMINAL,0.58
ELE139,"CABLE TTU 10 AWG COBRE (0,068 K/M)",1.95
ELE140,"CABLE TTU 12 AWG  COBRE (0,047 K/M)",1.33
ELE141,CONECTOR 1 HUECO/ 1 OJO NO. 6 TERMINAL,0.26
ELE142,ETIQUETA IDENTIFICACION ATERRAMIENTO 5X2,0.42
ELE143,"CABLE TTU 6 AWG COBRE (0,177 KG/M)",5.13
ELE144,"CABLE TTU 8 AWG COBRE (0,109 KG/M)",3.13
ELE145,"CABLE TTU 4/0 AWG COBRE (1,184 KG/M)",34.26
ELE146,LAMPARA FLUORESCENTE CIRCULAR 22 W,9.88
ELE147,CABLE*  TW 14 AWG  (SUJETO REGULACION),0.69
ELE148,CABLE*  TW 6 AWG  (SUJETO REGULACION),3.87
ELE149,BREAKER CON ENCHUFE 3P X 30 AMP 120/240 ,58.41
ELE150,CABLE*  TW 8 AWG  (SUJETO REGULACION),1.86
ELE151,CABLE*  TW 10 AWG (SUJETO REGULACION),1.5
ELE152,CABLE*  TW 12 AWG /SUJETO REGULACION,1.15
ELE153,PLACA DE TIERRA O DISPERSOR,12.13
ELE154,BREAKER ENCHUFABLE 1P X 20 AMP 120/240 V,9.88
ELE155,"CABLE TW 4/0 AWG COBRE (1,120 KG/M)",24.92
ELE156,BREAKER ENCHUF. 1P  X 15 AMP 120/240 V 1,7.96
ELE157,CABLE*  TW 4 AWG (SUJETO REGULACION),5.54
ELE158,LAMPARA FLUORESCENTE INDUSTRIAL 2 X 20 W,36.9
ELE159,"CABLEADO, ACCESORIOS, TAPES / TEIPES",8.81
ELE160,CABLEADO Y TAPE / TEIPE,0.53
ELE161,CAJA PARA BREAKER 50 X 90 X15 CMS,22.02
ELE162,"CAJA PARA FIJAR INTERRUPTOR 1 X 1.4 X 0,",7.15
ELE163,"CAJETIN CUADRADO MET 4"" X 4"" X 1/2""-3/4""",2.82
ELE164,"CAJETIN CUADRADO MET 4"" X 4"" X 1/2""-3/4""",2.82
ELE165,"CAJETIN CUADRADO MET 4""X4"" S=3/4"" P=1-1/",2.82
ELE166,"CAJETIN RECTANGULAR MET 4""X2"" SALIDA 3/4",2.18
MZ0721,TORNILLERIA VARIA ,13.22
ELE167,"CAJETIN RECTANGULAR METAL C/TAPA 2""X4"" S",3.65
ELE168,"CAJETIN CUADRADO 4"" X 4"", SALIDA 3/4"" O ",3.76
ELE169,"CAJETIN CUADRADO MET 4"" X  4"" X 1/2"" /1-",2.84
ELE170,"CAJETIN CUADRADO MET 5"" X 5"" X 1"" /2-1/8",2.72
ELE171,"CAJETIN OCTOGONAL METALICO 4"" X 1/2"" O 3",3.55
ELE172,"CAJETIN RECTANGULAR SALIDA 1/2 "" - 2 1/8",0.48
ELE173,CARRETE ESPECIAL PARA CABLE,8.45
ELE174,"CABLE 2 AWG 15 KV PLT NEUTRO A TIERRA-0,",19.84
ELE175,CABLE ARVIDAL ALUMINIO NO 2/0 AWG - 216 ,3.47
ELE176,"CABLE DE COBRE DESNUDO Nº 4 AWG - 0,19 K",7.15
ELE177,"CABLE DE COBRE Nº 4 AWG 0,20 KG/M",4.21
ELE178,"CABLE DE COBRE Nº 2 AWG- 0,31 KG/ML",6.51
ELE179,CABLEADO PARA INSTALACION DE BOMBA EN PO,132.23
ELE180,"CONECTOR EMT D = 2"" #",9.88
ELE181,CONECTOR BIMETALICO KSU-23 CAL.8 AL  NO.,6.07
ELE182,"CONECTOR HG C/ROSCA ISO D=1/2"" A.B.",1.08
ELE183,CONECTOR DE COBRE  Nº 4,6.62
ELE184,"CONECTOR EMT D = 1"" #",3.55
ELE185,"CONECTOR EMT D= 1/2""",1.08
ELE186,REGLETA TELEFONICA DE 10 PARES,3.28
ELE187,"ANILLO-CONECTOR HG ISO D=1""",5.54
ELE188,CONECTOR BIMETALICO KSU 25 DE COBRE CAL.,11.02
ELE189,CONECTOR KSU BIMETALICO,7.69
ELE190,"CONECTOR EMT D= 3/4"" #",1.5
ELE191,CAJA PARA MEDICION DE TIERRA,22.02
ELE192,"CONECTOR EMT D=1/2"" #",1.18
ELE193,TUBO PROTECCION BAJANTE RX-2,5.54
ELE194,CONECTOR PERMAGRIP DE 2/0 AL 4/0 ARVIDAL,9.35
ELE195,CONECTOR UW-25R,2.84
ELE196,"CONECTOR YPC P/ALUMBRADO PUBLICO 3/4""",6.07
ELE197,BREAKER DA O SIM. 3P X 400 A. 22 KA \,1322.37
ELE198,CAJA CONTROL DE ALUMBRADO PUBLICO\,176.32
ELE199,"CURVA CONDUIT D= 1"" GALVANIZADA",9.88
ELE200,"CURVA CONDUIT D= 2"" GALVANIZADA",33.09
ELE201,"CURVA CONDUIT D= 3""  GALVANIZADA",78.25
ELE202,"CURVA CONDUIT D= 3/4"" GALVANIZADA",8.81
ELE203,AISLADOR DE RESINA TIPO AB-R #2 A 2/0,6.62
ELE204,"CURVA EMT D=3""",54.24
ELE205,"CURVA EMT D=1 1/2""",14.31
ELE206,"CURVA EMT D=1""",7.8
ELE207,"CURVA EMT D=1/2"" #",3.01
ELE208,"CURVA EMT D=2 1/2""",18.73
ELE209,"CURVA EMT D=2""",17.1
ELE210,"CURVA EMT D=4""",79.34
ELE211,"CURVA EMT D=3/4""",4.6
ELE212,LAMPARA FLUORESCENTE INDUSTRIAL 2 X 40 W,49.54
ELE213,"FUSIBLE TIPO K  15  KV,  HASTA 10 AMP  A",2.72
ELE214,INSTALACION ELECTRICA,1.08
ELE215,MATERIALES DE INSTALACION,0.32
ELE216,INSTALACIONES ELECTRICAS,2.18
ELE217,INSTALACIONES ELECTRICAS,1.75
ELE218,INSTALACIONES ELECTRICAS Y PROTECCION,1.97
ELE219,INSTALACIONES - ACOMETIDA ELECTRICA,7.69
ELE220,INTERRUPTOR EMPOTRABLE 15 AMP. BTICINO,4.41
ELE221,INTERRUPTOR 15 AMP. 250V/20A 125V COMBIN,2.18
ELE222,INTERRUPTOR COMBINABLE DOBLE,4.97
ELE223,INTERRUPTOR DE 20A / 120V,2.18
ELE224,INTERRUPTOR DE MERCURIO 15 AMP 120 V,11.02
ELE225,BREAKER/INTERRUPTOR MCG -3800- 3P X 800 ,2920.27
ELE226,INTERRUPTOR BTICINO 5001 BTIPO TACO O SI,4.97
ELE227,INTERRUPTOR TACO BTICINO 5003,5.54
ELE228,INTERRUPTOR COMBINABLE DOBLE,3.28
ELE229,INTERRUPTOR COMBINABLE TRIPLE,6.62
ELE230,LAMPARA INCANDESCENTE PARED IP-53 LAMP-O,8.81
ELE231,LAMPARA DE EMERGENCIA 2 X 9 ULTRA CON BA,95.87
ELE232,LAMPARA ESPECIAL DE QUIROFANO P/EMPOTRAR,385.72
ELE233,LAMPARA FLUORESCENTE SELENIA 4X40W,66.14
ELE234,LAMPARA INCANDESCENTE DE PARED/TECHO,7.69
ELE235,LAMPARA SELENIA 2X40W O SIMILAR,44.07
ELE236,LAMPARA SENCILLA FLUORESCENTE,13.22
ELE237,LUMINARIA C/BOMBILLO VAPOR SODIO 250 W 2,154.29
ELE238,LUMINARIA CON BOMBILLO,11.02
ELE239,LAMPARA FLUORESCENTE 4 X 40 W,42.94
ELE240,LUMINARIA INCANDESCENTE DE TECHO,16.5
ELE241,LAMPARA FLUORESCENTE INDUSTRIAL 2 X 40 W,55.1
ELE242,LAMPARA FLUORESCENTE INDUSTRIAL 4 X 40 W,78.25
ELE243,LUMINARIA A/P M-100 INCANDESCENTE O SIMI,66.14
ELE244,MATERIAL P/CABLE 350 MCM,3.28
ELE246,MATERIALES ALBAÑILERIA,0.21
ELE247,MATERIALES PARA ACOMETIDA ELECTRICA,11.02
ELE248,PASTILLAS PARA LUZ INTERMITENTE,0.64
ELE249,PLANTA ELECTRICA 75 GAS Y/O GLP   \,26447.74
ELE250,LUMINARIA/REFLECTOR BOMBILLO HALOGENO 50,111.29
ELE251,STARTER PARA LAMPARA FLUORESCENTE,1.29
ELE252,SUICHE TRANSF. AUTOM. TRANSFER/TABLERO S,4407.96
ELE253,"CAJA DE PASO/DISTRIBUCION 4"" X 8"" X 8"" 1",16.98
ELE254,TABLERO 20 CIRCUITOS RESIDENCIAL / 20C,268.9
ELE255,TABLERO 12 CIRCUITOS RESIDENCIAL /12C S/,154.29
ELE256,TABLERO 16 CIRCUITOS RESIDENCIAL /16C,242.42
ELE257,TABLERO 24 CIRCUITOS TIPO NLAB /24C,352.65
ELE258,TABLERO 8 CIRCUITOS C/BARRA 125 AMP 2 F+,102.47
ELE259,TABLERO AISLADO DE TIERRA P/TRANSF. DE 1,5086.78
ELE260,TABLERO AISLADO DE TIERRA P/TRANSF. DE 6,7934.31
ELE261,CENTRAL DETECCION INCENDIO 12 ZONAS SIN ,473.87
ELE262,CENTRAL DETECCION INCENDIO 4  ZONAS,440.79
ELE263,TABLERO DE 18 CIRCUITOS SIN BREAKER / 18,231.42
ELE264,TABLERO DE 30 CIRCUITOS 2 FASES+N+30C,537.76
ELE265,CENTRAL DETECCION INCENDIO 16 ZONAS C/AL,837.5
ELE266,TABLERO 8 CIRCUITOS 2 FASES+NEUTRO+ 8C,99.2
ELE267,TABLERO 12 CIRCUITOS 2 FASES+NEUTRO+12C ,362.55
ELE268,TABLERO 44 CIRCUITOS 3 FASES+NEUTRO+44C,1432.57
ELE269,TABLERO NLAB 24 CIRCUITOS 2 FASES+N+24C,484.88
ELE270,TABLERO NLAB 24 CIRCUITOS 3 FASES+N+24C,551.02
ELE271,CONTACTOR 3 HP 220 V,55.1
ELE272,TANQUILLA DE CONCRETO  30 X 30 CM,18.73
ELE273,TANQUILLA ELECT. TIPO E-1 CADAFE 30 X 40,4.41
ELE274,TANQUILLA ELECT. TIPO E-2 CDFE 50 X 70 X,8.81
ELE275,TANQUILLA ELECTRICIDAD TIPO E-3  80 X 10,22.02
ELE276,TABLERO CONTROL Y ACCS./ BOMBA PRESION C,661.2
ELE277,TANQUILLA DE ELECTRICIDAD (INC. MATERIAL,11.02
ELE278,TANQUILLA PARA ELECTRICIDAD,22.02
ELE279,TAPA CIEGA DE ALUMINIO,5.54
ELE280,TAPA Y PUENTE METALICO P/CAJETIN ELECTRI,2.18
ELE281,CURVA CONDUIT D= 1/2''  GALVANIZADA,4.63
ELE282,TAPE / TEIPE Y MATERIALES DE ELECTRICIDA,1.61
ELE283,ABRAZADERA PARA TUBERIA ELECTRICIDAD D= ,0.36
ELE284,TOMACORRIENTE COMBINABLE SENCILLO 3P,4.97
ELE285,TOMACORRIENTE COMBINABLE DOBLE,9.88
ELE286,TOMACORRIENTE 2 FASES PLASTICO DOBLE,8.33
ELE287,TOMACORRIENTE UNIVERSAL 15A/250V-20A/125,5.76
ELE288,TORNILLO LARGO PARA BREAKER,0.26
ELE289,"TORNILLO TIPO MAQUINA DE 1/2"" X 1 1/2""",0.97
ELE290,TRIP DE DISPARO DE 400 AMP (EN REVISION),275.51
ELE291,TRIP DE DISPARO BREAKERS DE 400 AMP \,330.58
ELE292,TRIPS DE DISPARO DE 600 AMP (EN REVISION,1465.66
ELE293,"TUBO CONDUIT D=1"" ACERO IMC LIVIANO E= 2",12.7
ELE294,"TUBO PVC ELECTRICIDAD D=1"" RIGIDO LIVIAN",2.54
ELE295,"TUBO PVC ELECTRICIDAD D=3/4"" RIGIDO LIVI",1.91
ELE296,"TUBO CONDUIT D= 1"" RMC ACERO GALVANIZADO",16.72
ELE297,"TUBO CONDUIT D=2"" ACERO IMC LIVIANO COVE",23.12
ELE298,"TUBO CONDUIT D=1/2"" RMC ACERO GALVANIZAD",24.73
ELE299,"TUBO CONDUIT D=3"" ACERO IMC LIVIANO E=3,",45.34
ELE300,"TUBO CONDUIT D=3/4"" RMC ACERO GALVANIZAD",10.89
ELE301,LAMPARA FLUORESCENTE CIRCULAR DOBLE DE 5,18.73
ELE302,"TUBO PVC ELECTRICIDAD D=1"" RIGIDO PARA I",2.72
ELE303,"TUBO PVC ELECTRICIDAD D= 2"" RIGIDO LIVIA",6.96
ELE304,"TUBO PVC ELECTRICIDAD D=4"" RIGIDO/PESADO",18.36
ELE305,"TUBO EMT D= 2"" ACERO LIVIANO A.G. -GALV#",18.25
ELE306,"TUBO EMT D= 4"" ACERO LIVIANO A.G. -GALV#",43.8
ELE307,"TUBO EMT D=1"" ACERO LIVIANO A.G.-GALV #",8.01
ELE308,"TUBO EMT D=1/2"" ACERO GALVANIZADO SERIE ",2.62
ELE309,TABLERO PARA CONTROL CIRCUITOS/TAB,187.34
ELE310,"TUBO EMT D=3/4"" ACERO LIVIANO A.G. -GALV",4.62
ELE311,"TUBO EMT D=3/4"" ACERO LIVIANO A.G.-GALV-",3.87
ELE312,TUBO ELECTRICIDAD GALVANIZADO FLEXIBLE B,2.51
ELE313,TUBO FLUORESCENTE CIRCULAR 32 W,5.32
ELE314,TUBO FLUORESCENTE 40 W,2.72
ELE347,LAMPARA EMERGENCIA CAJA MET. 2 FAROS DIR,90.36
ELE348,LAMPARA EMERGENCIA CAJA PLAST. 2 FAROS D,80.47
ELE349,LAMPARA EMERGENCIA P/EMPOTRAR Y CAJA MET,51.84
ELE350,"CABLE THW 250 MCM COBRE (1,404 KG/M)",43.82
ELE351,REJILLA PROTECTORA PINTADA P/LAMPARA EME,6.62
ELE352,REJILLA PROTECTORA CROMADA P/LAMPARA EME,7.69
ELE353,"CAJA NEMA 12 DIMENSIONES 10X20X28""",16.5
ELE354,"SELLO CROUSE HINDS EYS-16 D=1/2"" ANTIEXP",36.34
ELE355,MANTENIMIENTO Y REVISION DE TRANSF. 500 ,12.13
ELE356,LAMPARA GIRATORIA DE HALOGENO,44.07
ELE357,"CONECTOR EMT D = 1 1/2""",6.62
ELE358,"TUBO EMT D= 1 1/2"" ACERO LIVIANO A.G. -G",11.73
ELE359,"CONECTOR EMT D = 4""",16.5
ELE360,"SELLO CROUSE HINDS EYS-26 D=3/4"" ANTIEXP",38.58
ELE361,"CABLE THW 8 AWG COBRE (0,118 KG/M)",3.98
ELE362,"CABLE TTU 4 AWG COBRE (0,261 KG/M)",7.54
ELE363,"CURVA PVC ELECTRICIDAD D= 3""",16.5
ELE364,"TUBO PVC ELECTRICIDAD D=1/2""  L=3 M RIGI",1.18
ELE365,"CURVA PVC ELECTRICIDAD D= 1/2""",1.08
ELE366,"CABLE DE COBRE DESNUDO Nº 4 AWG- 0,19 KG",26.45
ELE367,"TAPE / TEIPE NEGRO 3/4""X60' SCOTCH 3M \",4.41
ELE368,TAPE / TEIPE NEGRO 3M AUTOFUNDENTE Nº  2,17.64
ELE369,"SELLO CROUSE HINDS EYS-36 D=1"" ANTIEXPLO",49.54
ELE370,"TAPE / TEIPE  NEGRO 3M TEMFLEX  3/4"" 60 ",4.41
ELE371,"TAPE / TEIPE NEGRO SCOTCH Nº  1""",11.02
ELE372,TAPE/TEIPE DIELECTRICO SCOTCH AUTOFUNDEN,16.5
ELE373,BREAKER C FD 3P X 60 AMP WEST. 240/480/6,312.96
ELE374,CONECTOR BIMETALICO KSU-26 DE Nº  1/0 AL,25.36
ELE375,CONECTOR BIMETALICO KSU-29 DE Nº  1/0 AL,38.58
ELE376,"TUBO PVC ELECTRICIDAD D=4"" RIGIDO #",16.41
ELE377,"CURVA PVC ELECTRICIDAD D= 4""",29.74
ELE378,TAPE/ TEIPE  CINTA DIELECTRICA SCOTCH NO,11.02
ELE379,"SELLO CROUSE HINDS EYS-66 D=2"" ANTIEXPLO",88.17
ELE380,CABLE TELEFONICO TDI 4 PARES 24 AWG,2.28
ELE381,CABLE TELEFONICO TDI 6 PARES 24 AWG,2.56
ELE382,CABLE TELEFONICO TDI 10 PARES 24 AWG,2.61
ELE383,CABLE TELEFONICO TDI 20 PARES 24 AWG,4.41
ELE384,CABLE TELEFONICO TDI 30 PARES 24 AWG,5.54
ELE385,"TUBO CONDUIT D=1-1/2"" RMC ACERO GALVANIZ",32.22
ELE386,"TUBO CONDUIT D= 2 1/2"" ACERO IMC LIVIANO",33.12
ELE387,"TUBO CONDUIT D= 4"" ACERO IMC LIVIANO E=3",49.46
ELE388,"TUBO PVC ELECTRICIDAD D=3/4"" RIGIDO",2
ELE389,"TUBO PVC ELECTRICIDAD D=1 1/2"" RIGIDO LI",4.44
ELE390,"TUBO PVC ELECTRICIDAD D= 3"" RIGIDO",12.87
ELE391,TUBO PVC ELECTRICIDAD CORRUGADO FLEXIBLE,1.4
ELE392,BREAKER THQL 2P X 15 AMP G-E (ENCH.) 120,23.12
ELE393,"ANILLO EMT D=1 1/2""",6.62
ELE394,"SELLO CROUSE HINDS EYS-106 D=4"" ANTIEXPL",136.62
ELE395,"ANILLO CONDUIT D=1 1/2"" GALVANIZADO",7.59
ELE396,"ANILLO CONDUIT D=2 1/2"" GALVANIZADO",14.31
ELE397,"CURVA CONDUIT D= 1 1/2"" GALVANIZADA",16.5
ELE398,"CURVA CONDUIT D= 2-1/2"" GALVANIZADA",48.45
ELE399,"CURVA CONDUIT D= 4"" GALVANIZADA",154.29
ELE400,"CURVA PVC ELECTRICIDAD D= 1""",2.61
ELE401,"CURVA PVC ELECTRICIDAD D= 1 1/2""",3.65
ELE402,"TERMINAL / ADAPTADOR PVC 1/2"" TUBERIA EL",0.53
ELE403,"TERMINAL BUSHING EMT 1/2""",0.53
ELE404,"TERMINAL BUSHING EMT 3/4""",0.74
ELE405,"TERMINAL BUSHING EMT 1""",2.18
ELE406,"TERMINAL BUSHING EMT 2""",4.75
ELE407,"TERMINAL BUSHING EMT 3""",6.62
ELE408,"TERMINAL BUSHING EMT 4""",11.02
ELE409,"TUBO PVC ELECTRICIDAD D=4"" RIGIDO-BANCAD",16.41
ELE410,"ABRAZADERA SENCILLA EMT D = 1""",1.4
ELE411,LUMINARIA C/BOMBILLO MERCURIO 2000 W 120,242.42
ELE412,"BUSHING CONDUIT D= 1/2"" GALVANIZADO",0.85
ELE413,"BUSHING CONDUIT D= 1 1/2"" GALVANIZADO",2.18
ELE414,"BUSHING CONDUIT D= 1"" GALVANIZADO",1.4
ELE415,"BUSHING CONDUIT D= 3/4"" GALVANIZADO",0.97
ELE416,"BUSHING CONDUIT D= 2"" GALVANIZADO",2.72
ELE417,"BUSHING CONDUIT D= 2 1/2"" GALVANIZADO",2.84
ELE418,"BUSHING CONDUIT D= 3"" GALVANIZADO",4.41
ELE419,"BUSHING CONDUIT D= 4"" GALVANIZADO",8.81
ELE420,"TUERCA CONDUIT D= 1/2"" GALVANIZADA",1.08
ELE421,"TUERCA CONDUIT D= 3/4"" GALVANIZADA",1.61
ELE422,"TUERCA CONDUIT D= 1"" GALVANIZADA",2.18
ELE423,"TUERCA CONDUIT D= 1 1/2"" GALVANIZADA",2.18
ELE424,"TUERCA CONDUIT D= 2 "" GALVANIZADA",2.96
ELE425,"TUERCA CONDUIT D= 2 1/2"" GALVANIZADA",3.28
ELE426,"TUERCA CONDUIT D= 3"" GALVANIZADA",3.97
ELE427,"TUERCA CONDUIT D= 4"" GALVANIZADA",4.41
ELE428,BREAKER THQL 2P X 20 AMP G-E (ENCH.) 120,29.74
ELE429,CURVA EMT D=1/2¨,3.01
ELE430,"BOMBILLO VAPOR DE MERCURIO, 250 W, 220 V",27.55
ELE431,TERMINAL DOBLE OJO -2 OJOS P/CABLE NO 6 ,1.55
ELE432,CABLE ARVIDAL ALUMINIO 2/0 ALTA TENSION ,13.22
ELE433,BREAKER THQL 2P X 30 AMP G-E (ENCH.) 120,30.85
ELE434,AISLADORES DE BAQUELITA 4 X 4  A.T.,5.54
ELE435,"BASE OMEGA EN ALUMINIO DE 4"" PARA TGB",13.22
ELE436,"CONECTOR TIPO AB-R, FRANKLIN O SIM",0.64
ELE437,"CABLE TTU 350 MCM COBRE (1,961 KG/M)",56.77
ELE438,BALASTO LAMPARA FLUORESCENTE 2 X 40W PHI,36.51
ELE439,BOMBILLO INCANDESCENTE 100W - 110V,2.18
ELE440,"CAJETIN OCTOGONAL METALICO 4""  X 1/2""",3.81
ELE441,"ABRAZADERA DE 4 TORNILLOS 3""",4.75
ELE442,"CABLE NM 2 X 12 AWG COBRE (0,106 KG/M)",3.41
ELE443,LUMINARIA C/BOMBILLO MERCURIO 250 W 240 ,104.68
ELE444,LUMINARIA C/BOMBILLO MERCURIO 400 W 120 ,126.06
ELE445,LUMINARIA C/BOMBILLO MERCURIO 250 W 240 ,132.23
ELE446,LUMINARIA BOMBILLO SODIO 100W 120 V,110.19
ELE447,LUMINARIA C/BOMBILLO SODIO 150W 120 V,99.2
ELE448,LUMINARIA C/BOMBILLO SODIO 250 W 240 V,115.7
ELE449,BREAKER C LD 3P X 600 AMP WEST. 240/480,2314.17
ELE450,"CABLE THW 14 AWG COBRE (0,036 KG/M)",0.9
ELE451,BALASTO 1 X 40 PH 120V P/LAMPARA FLUORES,14.31
ELE452,BALASTO 1 X 40 RS 120V P/LAMPARA FLUORES,11.55
ELE453,BALASTO 2 X 40 RS 120V P/LAMPARA FLUORES,33.09
ELE454,BALASTO 2 X 40 RS 220V P/LAMPARA FLUORES,33.09
ELE455,BALASTO 2 X 40 RS 240V P/LAMPARA FLUORES,25.36
ELE456,BALASTO 1 X 40 RS 120V ECN P/LAMPARA FLU,11.44
ELE457,BALASTO 2 X 40 RS 240V ECN P/LAMPARA FLU,26.45
ELE458,BALASTO 2 X 96 SL 120V P/LAMPARA FLUORES,71.65
ELE459,"CAJA DE PASO/DERIVACION 12"" X 6"" X 4""",22.02
ELE460,"CAJA DE PASO/DERIVACION 10"" X 8"" X 4""",33.09
ELE461,"CAJA DE PASO/DERIVACION 12"" X 8"" X 4""",29.74
ELE462,"CAJA DE PASO/DERIVACION 8"" X 6"" X 6""",19.84
ELE463,"CAJA DE PASO/DERIVACION 12"" X 6"" X 6""",29.74
ELE464,"CAJA DE PASO/DERIVACION 10"" X 8"" X 6""",35.23
ELE465,"CAJA DE PASO/DERIVACION 12"" X 8"" X 6""",60.63
ELE466,BREAKER THQL 2P X 40 AMP G-E (ENCH.) 120,34.15
ELE467,"CAJA DE PASO/DERIVACION 18"" X 10"" X 6""",41.85
ELE468,BREAKER THQC 2P X 50 AMP G-E (ATORN.) 12,61.72
ELE469,BREAKER THQC 2P X 100 AMP G-E (ATORN.) 1,84.87
ELE470,TABLERO NLAB 12 CIRCUITOS CON PRINCIPAL ,319.57
ELE471,TABLERO NLAB 12 CIRCUITOS SIN PRINCIPAL ,319.57
ELE472,TABLERO NLAB 24 CIRCUITOS CON/PPAL / 24C,528.97
ELE473,TABLERO NLAB 24 CIRCUITOS SIN/PPAL  / EM,495.91
ELE474,TABLERO NLAB 36 CIRCUITOS CON PRINCIPAL ,771.4
ELE475,"TUBO PVC ELECT D=2"" RIGIDA LIVIANO L=3MT",6.96
ELE476,VAPOLETA CON BOMBILLO INCANDESCENTE DE 6,11.88
ELE477,TANQUILLA ELECT. E-2  90X70 CM INC.TAPA ,33.09
ELE478,TUBO/ BOMBILLO DE HALOGENO P/REFLECTOR 5,6.16
ELE479,"CABLE NM 2 X 14 AWG COBRE (0,078 KG/M)",2.61
ELE480,BREAKER THQC 3P X 70 AMP G-E (ATORN.) 12,127.4
ELE481,BREAKER THQC 3P X 40 AMP G-E (ATORN.) 12,107.45
ELE482,BREAKER THQC 3P X 20 AMP G-E (ATORN.) 12,102.47
ELE483,BREAKER THQC 2P X 70 AMP G-E (ATORN.) 12,73.85
ELE484,BREAKER HQC 1P X 60 AMP WEST. (ATORN.) 1,18.73
ELE485,BREAKER THQC 1P X 40 AMP G-E (ATORN.) 12,13.98
ELE486,BREAKER THQC 1P X 60 AMP G-E (ATORN.) 12,17.64
ELE519,PLANTA ELECTRICA GAS NATURAL 870 KVA  \,413025.8
ELE520,BREAKER THQL 2P X 50 AMP G-E (ENCH.) 120,36.34
ELE521,CAJA DE PASO NEMA 30 X 30 X 15 CMS,99.2
ELE522,BREAKER THQL 2P X 70 AMP G-E (ENCH.) 120,52.27
ELE523,BREAKER THQL 3P X 20 AMP G-E (ENCH.) 120,88.72
ELE524,RIEL SIMETRICO,2.39
ELE525,BREAKER THQL 3P X 30 AMP G-E (ENCH.) 120,89.26
ELE526,BREAKER THQL 3P X 40 AMP G-E (ENCH.) 120,96.98
ELE527,BREAKER THQL 3P X 50 AMP G-E (ENCH.) 120,99.2
ELE528,BREAKER THQL 3P X 70 AMP G-E (ENCH.) 120,154.29
ELE529,BREAKER HQC 1P X 20 AMP WEST. (ATORN.) 1,16.07
ELE530,BORNERA 6 CONTACTOS PARA CABLE NO 6,3.87
ELE531,"CABLE THW 300 MCM COBRE (1,587 KG/M)",43.71
ELE532,CAJA NEMA INTERIOR 15 X 15 X 10 CMS,9.88
ELE533,CAJA NEMA 3R 50 X 50 X 15 CM USO EXTERIO,62.37
ELE641,CAJA DE MEDIDOR LV 75 X 45 X 30 DOS MEDI,99.2
ELE642,BALASTO 1 X 20 PH 120V P/LAMPARA FLUORES,8.81
ELE643,BALASTO LAMPARA FLUORES. 1 X 40 PH 120V ,13.86
ELE644,BALASTO LAMPARA FLUORES. 1 X 40 RS 120V ,12.13
ELE645,BALASTO 2 X 40 LAMPARA FLUORES. RS 120V ,34.15
ELE646,"CAJETIN RECTANGULAR MET 4"" X 2"" X 1/2"" 0",2.18
ELE647,"CAJETIN RECTANGULAR MET 4"" X 2"" SALIDA 3",2.52
ELE648,"CAJETIN CUADRADO METALICO 4"" X 4"" X 1/2""",2.82
ELE649,"CAJETIN CUADRADO METALICO 4"" X 4"" X 1/2""",2.82
ELE650,"CAJETIN CUADRADO METALICO 4"" X 4"" X 3/4""",2.82
ELE651,"CAJETIN OCTOGONAL MET 4"" X 1/2"" /1-1/2""",3.28
ELE652,"CAJETIN OCTOGONAL MET 4"" X 1/2""-3/4"" /1-",2.72
ELE653,"CAJETIN OCTOGONAL MET 4"" X 3/4"" /1/2""",3.28
ELE654,"CAJETIN RECTANGULAR PVC 2"" X 4"" X 1/2"" E",1.75
ELE655,"CAJETIN RECTANGULAR PVC 4"" X 2"" X 3/4"" E",1.83
ELE656,"CAJETIN OCTOGONAL PVC 4"" X 1/2"" ELECT #",2.18
ELE657,"CAJETIN OCTOGONAL PVC 4"" 1/2"" X 3/4"" ELE",2.51
ELE658,"CAJETIN CUADRADO PVC 4"" X 4"" X 1/2"" ELEC",1.97
ELE659,"CAJETIN CUADRADO PVC 4""X 4"" X 3/4"" ELECT",1.97
ELE660,BREAKER HQC 3P X 40 AMP WEST. (ATORN.) 1,71.65
ELE661,"ABRAZADERA SENCILLA EMT D = 3/4""",0.53
ELE662,BREAKER HQC 3P X 50 AMP WEST. (ATORN.) 1,72.76
ELE663,"ABRAZADERA EMT DOBLE D = 1 1/2""",2.72
ELE664,BREAKER HQC 3P X 60 AMP WEST. (ATORN.) 1,160.9
ELE665,"ABRAZADERA MOROCHA LIV. D= 1/2"" C/TORNIL",0.85
ELE666,"ABRAZADERA MOROCHA LIV. D= 3/4"" C/TORNIL",1.29
ELE667,"ABRAZADERA MOROCHA LIV. D= 1"" C/TORNILLO",1.61
ELE668,"ABRAZADERA MOROCHA LIV. D= 1 1/2"" C/TORN",1.75
ELE669,"ABRAZADERA MOROCHA LIV. D= 2"" C/TORNILLO",2.18
ELE670,"ABRAZADERA MOROCHA LIV. D= 2 1/2"" C/TORN",1.75
ELE671,"ABRAZADERA MOROCHA LIV. D= 3"" C/TORNILLO",3.28
ELE672,"ABRAZADERA MOROCHA LIV. D= 4"" C/TORNILLO",3.28
ELF420,SUPRESOR DE PICO 3F 300V IN=20KA 120/208,264.48
ELF421,SUPRESOR DE PICO 1F TIPO 2 / 50-60HZ,99.2
ELF422,"CABLE THHW 75° 10 AWG COBRE 0,622 KG/M",1.29
ELF423,CABLE PARA SOLDADURA 4/0 PVC 90° 600V,31.95
ELF424,"CABLE ALUMINIO 90° TTU NO 500 MCM - 1,41",15.06
ELF425,TERMINAL COMPRESION UN OJO P/500 MCM,12.13
ELF426,TERMINAL COMPRESION UN OJO P/350 MCM,7.69
ELF427,TERMINAL COMPRESION UN OJO P/250 MCM,5.54
ELF428,TERMINAL COMPRESION UN OJO P/ 4/0 MCM,4.41
ELF429,TERMINAL COMPRESION EXTRA LARGO P/500 MC,17.64
ELF430,TERMINAL COMPRESION EXTRA LARGO P/350 MC,9.88
ELF431,TERMINAL COMPRESION EXTRA LARGO DOS OJO ,25.36
ELF432,TERMINAL COMPRESION EXTRA LARGO DOS OJO ,14.31
ELF433,TERMINAL COMPRESION EXTRA LARGO DOS OJO ,9.88
ELF434,TERMINAL COMPRESION EXTRA LARGO DOS OJO ,8.81
ELF435,TERMINAL COMPRESION EXTRA LARGO DOS OJO ,6.62
ELF436,TERMINAL BRONCE TIPO ZAPATO 500-1000 MCM,42.4
ELF437,TERMINAL BRONCE TIPO ZAPATO 4/0-500 MCM,20.91
ELF438,TERMINAL BRONCE TIPO ZAPATO 2/0-250 MCM,12.69
ELF439,TERMINAL ESTAÑADO TIPO ZAPATO 4/0-500 MC,22.02
ELF440,TERMINAL ESTAÑADO TIPO ZAPATO 500-1000 M,41.85
ELF441,TERMINAL BIMETALICO P/CABLE ALUMINIO 750,22.02
ELF442,TERMINAL BIMETALICO P/CABLE ALUMINIO 500,13.22
ELF443,TERMINAL BIMETALICO P/CABLE ALUMINIO 350,11.02
ELF444,TERMINAL BIMETALICO P/CABLE ALUMINIO 250,7.69
ELF445,TERMINAL BIMETALICO P/CABLE ALUMINIO 4/0,5.54
ELF446,TERMINAL BIMETALICO P/ALUMINIO 750 MCM 2,23.12
ELF447,TERMINAL BIMETALICO P/ALUMINIO 500 MCM 2,16.5
ELF448,CONECTOR TUBULAR ALUMINIO ESTAÑADO 750 M,18.73
ESP161,CAJA CONTROL TRAFICO 73X40X28CM P/SEMAFO,110.19
ESP162,BRAZO DE L= 7 MT PARA POSTE DE SEMAFORO,209.36
ESP163,BRAZO L= 6 MT P/POSTE SEMAFORO/ ALUMBRAD,198.38
ESP164,AGARRADERA BRONCE P/UNA CARA DE SEMAFORO,22.02
ESP165,AGARRADERA BRONCE P/DOS CARAS DE SEMAFOR,13.22
ESP166,AGARRADERA BRONCE P/TRES CARAS DE SEMAFO,31.95
ESP167,"MICA DE 8"" PARA SECCIONES DE SEMAFORO",2.72
ESP168,"MICA DE 12"" PARA SECCIONES DE SEMAFORO",3.87
ESP169,"VISERA PARA SEMAFORO DE 8""",2.18
ESP170,"VISERA PARA SEMAFORO DE 12""",3.28
ESP171,ANIME EN LAMINA E= 2 CM / 20 MM,5.54
ESP172,ANIME EN LAMINA E= 1 CM  / 10 MM,2.93
ESP173,BLOQUE ANIME P/LOSA NERVADA 15X40 L=2 M,25.13
ESP174,"BLOQUE ANIME P/LOSA NERVADA 30X40 L=2,5 ",59.52
ESP175,INSECTICIDA DIAZIN PARA FUMIGACION AGRIC,1.18
ESP176,"BLOQUE ANIME P/LOSA NERVADA 10X40 L=2,5 ",19.84
ESP177,BLOQUE ANIME P/LOSA NERVADA 20X40  L=2 M,31.74
ESP178,BLOQUE ANIME P/LOSA NERVADA 25X40 L=2 M,39.67
ESP179,EMULSION MAGNUN PLUS/EXPLOSIVO CAJA 25 K,2.18
ESP180,DETONADOR NO ELECTRICO P/EXPLOSIVOS SERI,1.08
ESP181,PISO FALSO C/ACCESORIOS H=40 CM ESPECIF.,154.29
ESP182,PASAGUIA DE SEIS PERFORACIONES,12.13
ESP183,CONTROL DE TRAFICO S-12  (2 A 4 FASES) P,44.07
ESP184,CONTROL DE TRAFICO S-14 (6 A 8 FASES) P/,88.17
ESP185,ADAPTADOR P/SEMAFORO FUNDIDO EN ALUMINIO,10.49
ESP186,CABLE ST  4 X 14 AWG P/SEMAFORO,5.27
ESP187,DISTRIBUIDOR FUNDIDO EN BRONCE PARA SEMA,6.36
ESP188,FLEJE PARA SEMAFORO /ATAR-EMBALAJE,0.25
ESP189,"HEBILLA P/FLEJE 1/2"" EN SEMAFORO /ATAR",0.21
ESP190,BLOQUE ANIME DE 10X60 L=2 M PARA PLACAS,23.81
ESP191,PAPEL AUTOADHESIVO ACABADO ESMERILADO P/,4.41
ESP192,BLOQUE ANIME DE 15X60 L=2 M PARA PLACAS,39.67
ESP193,ALQUILER DE CABINA DE BAÑO/SANITARIO POR,3.28
ESP194,MANTENIMIENTO DIARIO DE BAÑO/SANITARIO P,1.61
ESP195,BOTELLON DE AGUA POTABLE (CONTENIDO),7.69
ESP196,BOLSA DE HIELO DE 5 KG,1.86
ESP197,PAQUETE DE 100 VASOS CONICOS P/ TOMA DE ,3.07
ESP198,MOTOR P/PUERTA AUTOMATICA BASCULANTE \,905.82
ESP199,CONTROL REMOTO P/PUERTA AUTOMATICA \,16.5
ESP200,BOLSA DE HIELO DE 5 KG EN CUBITOS,1.75
ESP201,BOLSA DE HIELO DE 10 KG EN CUBITOS,3.28
ESP202,BOTELLON DE AGUA POTABLE (SOLO CONTENIDO,6.62
ESP203,BOTELLON DE AGUA POTABLE (ENVASE Y CONTE,22.02
ESP204,ANIME L=2M/20CM- P/LOSA NERVADA DE H=30 ,23.12
ESP205,MECATE DE NYLON / POLIPROPILENO,16.5
ESP206,ANIME L=2M/25CM- P/LOSA NERVADA DE H=30 ,28.62
ESP207,METAL BABBIT - METAL ANTIFRICCION,38.58
ELE534,BREAKER HQC 1P X 40 AMP WEST. (ATORN.) 1,22.02
ELE535,"CABLE THW 400 MCM COBRE (2,073 KG/M)",57.13
ELE536,BREAKER HQC 1P X 50 AMP WEST. (ATORN.) 1,17.64
ELE537,BORNERA TIPOM35/26FF,2.72
ELE538,BREAKER HQC 2P X 15 AMP WEST. (ATORN.) 1,24.58
ELE539,"CABLE THW 700 MCM COBRE (3,216 KG/M)",88.62
ELE540,CABLE THW 750 MCM COBRE (4.007 KG/M),110.38
ELE541,"TUBO CONDUIT D=1"" PESADO ARG ACERO GALVA",15.39
ELE542,TRANSFORMADOR SECO 300 KVA 3F 480/208 - ,23692.8
ELE543,ATERRAMIENTO DE POSTE,24.26
ELE544,"CRUCETA METALICA/HIERRO DOBLE L=1,80 M A",154.29
ELE545,"CABEZOTE/COPA DE ENTRADA D=4"" EMT",42.94
ELE546,"CABLE TTU 14 AWG COBRE (0,033 K/M)",0.94
ELE547,"CABLE TTU 2 AWG COBRE (0,392 KG/M)",11.34
ELE548,"CABLE TTU 2/0 AWG COBRE (0,774 KG/M)",20.91
ELE549,"CABLE TTU 250 MCM COBRE (1,395 KG/M)",40.39
ELE550,"PERFIL RIEL UNISTRUD 1 1/2"" X 3/4"" L= 2,",46.29
ELE551,"CABLE TTU 300 MCM COBRE (1,624 KG/M)",47.01
ELE552,"TUBO CONDUIT D=3"" PESADO ARG ACERO GALVA",80.47
ELE553,"TUBO CONDUIT D=2"" PESADO ARG ACERO GALVA",34.72
ELE554,"RIEL PERFIL DE HIERRO 35 X 15 X 2,3 MM",14.73
ELE555,"CABLE TTU 400 MCM COBRE (2,112 KG/M)",61.16
ELE556,BREAKER HQC 2P X 20 AMP WEST. (ATORN.) 1,30.85
ELE557,BREAKER HQC 2P X 30 AMP WEST. (ATORN.) 1,33.09
ELE558,"CABLE TTU 750 MCM COBRE (4,041 KG/M)",114.39
ELE559,BATERIA 12V 7 AMP-HR P/CENTRAL INCENDIO,57.34
ELE560,POLVORA NO 90 CADWELD P/SOLDADURA EXOTER,9.88
ELE561,BREAKER HQC 2P X 40 AMP WEST. (ATORN.) 1,34.7
ELE562,TERMINAL DOBLE OJO BURNDY YA3C-2N,11.02
ELE563,CONECTOR MECANICO C-TAP,2.18
ELE564,BREAKER HQC 2P X 50 AMP WEST. (ATORN.) 1,54.02
ELE565,BREAKER HQC 2P X 70 AMP WEST. (ATORN.) 1,55.1
ELE566,TERMINAL UN (1) OJO P/CABLE NO 6 THW,1.13
ELE567,BREAKER TIBRA 1P X 15 AMP (ATORN.) 120/2,7.69
ELE568,BREAKER TIBRA 1P X 20 AMP (ATORN.) 120/2,8.81
ELE569,BREAKER TIBRA 1P X 25 AMP (ATORN.) 120/2,14.31
ELE570,BREAKER TIBRA 1P X 30 AMP (ATORN.) 120/2,15.4
ELE571,BREAKER TIBRA 1P X 35 AMP (ATORN.) 120/2,17.64
ELE572,BREAKER TIBRA 1P X 40 AMP (ATORN.) 120/2,18.73
ELE573,BREAKER TIBRA 1P X 50 AMP (ATORN.) 120/2,26.45
ELE574,BREAKER TIBRA 2P X 60 AMP (ATORN.) 120/2,36.34
ELE575,BREAKER TIBRA 1P X 70 AMP (ATORN.) 120/2,27.55
ELE576,BREAKER TIBRA 1P X 90 AMP (ATORN.) 120/2,28.62
ELE577,BREAKER TIBRA 1P X 100 AMP (ATORN.) 120/,33.09
ELE578,BREAKER TIBRA 2P X 15 AMP (ATORN.) 120/2,21.13
ELE579,BREAKER TIBRA 2P X 20 AMP (ATORN.) 120/2,21.24
ELE580,BREAKER TIBRA 2P X 25 AMP (ATORN.) 120/2,21.46
ELE581,BREAKER TIBRA 2P X 30 AMP (ATORN.) 120/2,22.02
ELE582,BREAKER TIBRA 2P X 35 AMP (ATORN.) 120/2,26.45
ELE583,BREAKER TIBRA 2P X 40 AMP (ATORN.) 120/2,31.95
ELE584,BREAKER TIBRA 2P X 50 AMP (ATORN.) 120/2,33.09
ELE585,BREAKER C FD 2P X 70 AMP WEST. 240/480,272.2
ELE586,BREAKER TIBRA 2P X 70 AMP (ATORN.) 120/2,49.54
PLO457,"TEE PVC A.B. D=2""",8.56
ELE587,BREAKER TIBRA 2P X 90 AMP (ATORN.) 120/2,67.22
ELE588,BREAKER TIBRA 2P X 100 AMP (ATORN.) 120/,68.32
ELE589,BREAKER TIBRA 3P X 15 AMP (ATORN.) 120/2,44.07
ELE590,BREAKER TIBRA 3P X 30 AMP (ATORN.) 120/2,55.1
ELE591,BREAKER TIBRA 3P X 25 AMP (ATORN.) 120/2,44.07
ELE592,BREAKER TIBRA 3P X 35 AMP (ATORN.) 120/2,84.87
ELE593,BREAKER TIBRA 3P X 40 AMP (ATORN.) 120/2,90.36
ELE594,BREAKER TIBRA 3P X 50 AMP (ATORN.) 120/2,91.46
ELE595,BREAKER TIBRA 3P X 60 AMP (ATORN.) 120/2,92.57
ELE596,BREAKER TIBRA 3P X 70 AMP (ATORN.) 120/2,93.67
ELE597,BREAKER TIBRA 3P X 90 AMP (ATORN.) 120/2,99.2
ELE598,BREAKER TIBRA 3P X 100 AMP (ATORN.) 120/,99.2
ELE599,BREAKER THQC 1P X 20 AMP G-E (ATORN.) 12,15.63
ELE600,BREAKER C FD 2P X 20 AMP WEST. 240/480,287.62
ELE601,BREAKER HQC 1P X 70 AMP WEST. (ATORN.) 1,20.91
ELE602,BREAKER THQC 2P X 15 AMP G-E (ATORN.) 12,40.77
ELE603,BREAKER FI 2P X 20 AMP WEST. UNIVERSAL 2,551.02
ELE604,BREAKER FI 2P X 40 AMP WEST. UNIVERSAL 2,352.65
ELE605,BREAKER HQC 2P X 100 AMP WEST. (ATORN.) ,71.65
ELE606,BREAKER FI 2P X 90 AMP WEST. UNIVERSAL 2,231.42
ELE607,BREAKER FI 3P X 50 AMP WEST. UNIVERSAL 2,694.27
ELE608,BREAKER HQC 3P X 100 AMP WEST. (ATORN.) ,121.22
ELE609,BREAKER HQP 1P X 30 AMP WEST. (ENCHUF.) ,22.02
ELE610,BREAKER HQP 1P X 50 AMP WEST. (ENCH.) 12,24.26
ELE611,BREAKER FI 3P X 40 AMP WEST. UNIVERSAL 2,286.54
ELE612,BREAKER HQP 2P X 30 AMP WEST. (ENCH.) 12,24.26
ELE613,BREAKER HQP 2P X 50 AMP WEST. (ENCH.) 12,36.34
ELE614,BREAKER HQP 2P X 70 AMP WEST. (ENCH.) 12,55.1
ELE615,BREAKER HQP 2P X 100 AMP WEST. (ENCH.) 1,66.14
ELE616,BREAKER C FD 2P X 60 AMP WEST. 240/480,243.51
ELE617,BREAKER HQP 3P X 70 AMP WEST. (ENCH.) 12,116.8
ELE618,BREAKER HQP 3P X 100 AMP WEST. (ENCH.) 1,93.67
ELE619,TABLERO RESIDENCIAL TR 4 CIRCUITOS /2F +,29.74
ELE620,TABLERO RESIDENCIAL 12 CIRCUITOS 2F+12C,105.8
ELE621,TABLERO RESIDENCIAL TR 16 CIRCUITOS /2F+,198.38
ELE622,TABLERO 4 CIRCUITOS LUMINEX O SIM /4C-2F,41.85
ELE623,TABLERO 12  CIRCUITOS LUMINEX O SIM / 2F,273.32
ELE624,TABLERO 20  CIRCUITOS/BIFASICO / 2F+20C,281.02
ELE625,TABLERO 24 CIRCUITOS 2 FASES LUMINEX O S,391.22
ELE626,CAJA PARA BREAKER L-2P,18.73
ELE627,CAJA PARA BREAKER L-3P,20.16
ELE628,CAJA PARA BREAKER L-3P,19.84
ELE629,"CAJA DE PASO/DERIVACION  6"" X 6"" X 3""",11.02
ELE630,"CAJA DE PASO/DERIVACION 6"" X 6"" X 6""",33.09
ELE631,"CAJA DE PASO/DERIVACION 8"" X 8"" X 6""",26.45
ELE632,"CAJA DE PASO/DERIVACION/DISTRIBUCION 10""",29.74
ELE633,"CAJA DE PASO/DERIVACION 10"" X 10"" X 6""",39.67
ELE634,BREAKER HQC 3P X 20 AMP WEST. (ATORN.) 1,68.32
ELE635,BREAKER HQC 3P X 30 AMP WEST. (ATORN.) 1,98.3
ELE636,"CAJA DE PASO/DERIVACION 12"" X 12"" X 4""",48.45
ELE637,"CAJA DE PASO/DERIVACION 12"" X 10"" X 6""",42.94
ELE638,"CAJA DE PASO/DERIV 16""X12""X6"" NEMA 12",55.1
ELE639,CAJA DE MEDIDOR LV 40 X 30 X 20 CM,61.72
ELE640,CAJA DE MEDIDOR LV 55 X 45 X 25,79.34
ELE673,BREAKER HQC 3P X 70 AMP WEST. (ATORN.) 1,160.9
ELE674,FLEJADO DE POSTE Y HEBILLAS,2.48
ELE675,TAPA PLASTICA CIEGA RECTANGULAR,2.07
ELE676,CAJA METALICA ARMARIO P/MODULO MEDICION ,94.77
ELE677,BREAKER THQL 1P X 20 AMP G-E (ENCH.) 120,14.31
ELE678,"CABLE ALUMINIO 75° THW NO 8 AWG (0,04351",0.74
ELE679,BREAKER THQC 1P X 30 AMP G-E (ATORN.) 12,16.5
ELE680,TOMA TELEFONICA SUPERFICIAL SENCILLO,2.72
ELE681,"CABLE NM 2 X 10 AWG COBRE (0,15 KG/M)",4.97
ELE682,TOMA TELEFONICA EMPOTRAR SENCILLO,3.28
ELE683,TOMA TELEFONICA EMPOTRAR DOBLE,2.07
ELE684,CABLE PARA ANTENA CHATO TV 2X20 10 HILOS,0.21
ELE685,"CABLE ALUMINIO 75° THW NO 2/0 AWG 0,3065",5.53
ELE686,"CABLE ALUMINIO 75° THW NO 3/0 AWG 0,3695",6.52
ELE687,"CABLE ALUMINIO 75° THW NO 4/0 AWG 0,4474",7.86
ELE688,"CABLE ALUMINIO 75° THW NO 250 MCM - 0,53",9.47
ELE689,"CABLE ALUMINIO 75° THW NO 300 MCM - 0,62",11.03
ELE690,"CABLE PARALELO SPT 2 X 10 AWG (0,137 K/M",6.39
ELE691,"CABLE PARALELO SPT 2 X 14 AWG (0,056 K/M",2.84
ELE692,"CABLE PARALELO SPT 2 X 16 AWG (0,039 K/M",1.75
ELE693,"CABLE PARALELO SPT 2 X 18 AWG (0,028 K/M",1.38
ELE694,"CABLE PARALELO SPT 2 X 12 AWG  (0,081 K/",4.41
ELE695,"CABLE PARALELO SPT 2 X 22 AWG (0,015 K/M",0.57
ELE696,"CABLE ST  2X 10 AWG MULTICONDUCTOR 0,229",7.59
ELE697,"CABLE ST  2X 12 AWG (0,166 KG/M)",5.32
ELE698,"CABLE ST  2X 14 AWG (0,130 KG/M)",3.01
ELE699,"CABLE ST  2X 16 AWG (0,082 KG/M)",2.39
ELE700,"CABLE ST  2X 18 AWG (0,052 KG/M)",1.61
ELE701,"CABLE ST  2X 8  AWG (0,383 KG/M)",10.42
ELE702,"CABLE ST  3X 10 AWG (0,286 KG/M)",8.93
ELE703,"CABLE ST  3X 12 AWG (0,211 KG/M)",6.84
ELE704,"CABLE ST  3X 14 AWG (0,158 KG/M)",5.32
ELE705,"CABLE ST  3X 16 AWG (0,103 KG/M)",3.12
ELE706,"CABLE ST  3X 18 AWG (0,077 KG/M)",2.18
ELE707,"CABLE ST  3X 6  AWG (0,709 KG/M)",19.25
ELE708,"CABLE ST  3X 8  AWG (0,478 KG/M)",12.97
ELE709,"CABLE ST  4X 10 AWG (0,370 KG/M)",13.22
ELE710,"CABLE ST  4X 12 AWG (0,260 KG/M)",8.93
ELE711,"CABLE ST  4X 14 AWG (0,193 KG/M)",5.97
ELE712,BREAKER THQL 2P X 60 AMP G-E (ENCH.) 120,38.01
ELE713,BREAKER HQC 2P X 60 AMP WEST. (ATORN.) 1,41.85
ELE714,BREAKER THQL 3P X 60 AMP G-E (ENCH.) 120,143.23
ELE715,LAMPARA FLUORESCENTE TIPO INDUSTRIAL 4X4,72.76
ELE716,LAMPARA FLUORESCENTE TIPO INDUSTRIAL 2X4,38.58
ELE717,FOTOCELDA/ CELDA FOTOELECTRICA,27.76
ELE718,BASE PARA FOTOCELDA / FOTOELECTRICA,11.02
ELE719,CAJA PARA INTEMPERIE,2.18
ELE720,BALASTO LAMPARA FLUORE. PHILIPS O SIM 2X,38.58
ELE721,BREAKER HQP 1P X 60 AMP WEST. (ENCH.) 12,27.55
ELE722,BREAKER FI 3P X 100 AMP WEST. UNIVERSAL ,551.02
ELE723,BREAKER EHB 2P X 100 AMP INDUSTRIAL \,341.61
ELE724,BREAKER EHB 2P X 50 AMP INDUSTRIAL,220.4
ELE725,BREAKER THQC 2P X 40 AMP G-E (ATORN.) 12,60.63
ELE726,BREAKER THQC 2P X 20 AMP G-E (ATORN.) 12,45.17
ELE727,BREAKER THQL 3P X 100 AMP G-E (ENCH.) 12,158.7
ELE728,BREAKER THQC 2P X 30 AMP G-E (ATORN.) 12,59.52
ELE729,BREAKER THQC 1P X 50 AMP G-E (ATORN.) 12,15.4
ELE730,BREAKER HQC 2P X 50 AMP WEST. (ATORN.) 1,52.91
ELE731,BREAKER HQC 2P X 60 AMP WEST. (ATORN.) 1,42.94
ELE732,BREAKER FI 2P X 50 AMP WEST. UNIVERSAL 2,661.2
ELE733,BREAKER HFB 3P X 60 AMP INDUSTRIAL \,308.56
ELE734,BREAKER C FD 3P X 90 AMP WEST. 240/480,308.56
ELE735,BREAKER HQC 3P X 90 AMP WEST. (ATORN.) 1,165.32
ELE736,BREAKER HQC 1P X 15 AMP WEST. (ATORN.) 1,8.22
ELE737,TAPE / TEIPE NEGRO 3M Nº  33 SCOTCH (3/4,9.88
ELE738,LAMPARA INCANDESCENTE,6.07
ELE739,INTERRUPTOR-BREAKER SUPERFICIAL BTICINO ,40.77
ELE740,PULSADORES PARA BOTONERA HOSPITALARIA,7.69
ELE741,CENTRO DE DISTRIB. DE FUERZA 208V 60HZ 6,565.35
ELE742,TABLERO 12 CIRCUITOS 3 FASES+N+12C  S/PP,429.76
ELE743,PRUEBA/PUESTA EN MARCHA TABLERO/CIRCUITO,22.02
ELE744,"CABLE NM 2 X 16 AWG COBRE (0,059 KG/M)",2.18
ELE745,"CABLE NM 2X18 AWG COBRE (0,046 KG/M)",1.5
ELE746,BREAKER THQL 1P X 40 AMP G-E (ENCH.) 120,22.02
ELE747,"TUBO CONDUIT D=4"" PESADO ARG ACERO GALVA",110.13
ELE748,CABLE ARVIDAL ALUMINIO 1/0 ALTA TENSION ,12.13
ELE749,LUMINARIA INCANDESC. TECHO VAPOLETA ITK-,14.91
ELE750,PERRO CONECTOR P/CONEXION CABLE 350-500 ,6.62
ELE751,"TERMINAL / ADAPTADOR PVC 3"" TUBERIA ELEC",2.39
ELE752,"TERMINAL / ADAPTADOR PVC 2"" TUBERIA ELEC",1.68
ELE753,"TERMINAL / ADAPTADOR PVC 3/4"" TUBERIA EL",0.97
ELE754,LUMINARIA INCANDESC. PARED VAPOLETA LP6 ,14.31
ELE755,LUMINARIA JARDIN LUZ MOD. EX-7 C/BOMB.16,23.12
ELE756,"TERMINAL / ADAPTADOR PVC 1"" TUBERIA ELEC",0.69
ELE757,LUMINARIA PARA A/P TIPO M-100 WESTINGHOU,77.13
ELE758,CAJA FXB 50 PARES TELEFONICOS TIPO CANTV,502.53
ELE759,FIJACION TIPO 1,0.7
ELE760,CAJA FXB 20 PARES TELEFONICOS TIPO CANTV,312.96
ELE761,LAMPARA FLUORESC. TIPO CADA 4X40 W CON P,50.73
ELE762,LAMPARA FLUORESCEN. P/CIELO RASO T/COMER,26.45
ELE763,LAMPARA FLUORESC. TIPO CADA 2X40 W CON P,29.74
ELE764,LAMPARA FLUORESCEN. P/CIELO RASO T/COMER,41.85
ELE765,LUMINARIA PARA A/P TIPO M-200 E=27 WESTI,100.28
ELE766,BREAKER 1P X 100 AMP GEN ELECTRIC SEHA-3,198.38
ELE767,TUBO FLUORESCENTE CIRCULAR 22 W,4.97
ELE768,TUBO FLUORESCENTE T4 20 VATIOS GE O SIM,2.18
ELE769,TUBO FLUORESCENTE 40 VATIOS G.E. O SIM,2.18
ELE770,TAPA PLASTICA SOPORTE Y PUENTE P/TOMACOR,1.08
ELE771,LAMPARA SELENIA 4X20W O SIMILAR,48.45
ELE772,LAMPARA SELENIA 2X20W SIMILAR,38.58
ELE773,LAMPARA FLUORESCENTE CIRCULAR 22 W,8.81
ELE774,LAMPARA FLUORESCENTE CIRCULAR DE 32W,9.88
ELE775,LAMPARA FLUORESCENTE CIRCULAR DOBLE 22 W,16.5
ELE776,APLIQUE HALOGENO 1/2 LUNA 30 CMS BLANCO,12.13
ELE777,APLIQUE HALOGENO 1/2 LUNA 30 CMS GRAFITO,11.02
ELE778,APLIQUE HALOGENO 1/2 LUNA 30 CMS MARRON,13.22
ELE779,ANILLO PVC CONDUIT RIGIDO ELECTRICIDAD D,0.85
ELE780,"CABLE ALUMINIO 75° THW NO 12 AWG (0,0176",0.3
ELE781,"TUBO PVC ELECTRICIDAD D=1/2"" RIGIDO LIVI",1.26
ELE782,"TUBO PVC ELECTRICIDAD D=1/2"" RIGIDO/PESA",1.81
ELE783,"TUBO PVC ELECTRICIDAD D=3/4"" RIGIDO",2.18
ELE784,"TUBO PVC ELECTRICIDAD D=3/4"" RIGIDO/PESA",2.39
ELE785,"TUBO PVC ELECTRICIDAD D=1"" RIGIDO",2.54
ELE786,TUBO FLUORESCENTE DE 40 W  X 1.20 MTS,2.51
ELE787,INTERRUPTOR METALICO SENCILLO,6.62
ELE788,"CABLE DE COBRE TW Nº 10 AWG (0,062 KG/M)",1.47
ELE789,"CABLE DE COBRE TW Nº 8 AWG (0,102 KG/M)",2.19
ELE790,"CABLE TW 12 AWG COBRE- 0,05 KG/M",1.29
ELE791,LUMINARIA PARA A/P TIPO M-200 E=40 WESTI,84.03
ELE792,TOMACORRIENTE METALICO SENCILLO,10.75
ELE793,TABLERO SUPERFICIAL C/PTA 24 CIRCUITOS 2,317.38
ELE794,LUMINARIA PARA A/P TIPO M-400 E=40 WESTI,152.65
ELE795,"BOMBILLO LUZ MIXTA, 160 W, 220 VOLT, ROS",11.02
ELE796,"BOMBILLO VAPOR DE MERCURIO, 175 W, 220 V",16.5
ELE797,"CABLE ALUMINIO 75° THW NO 10 AWG (0,0248",0.42
ELE798,"TUBO PVC ELECTRICIDAD D=1"" RIGIDO/PESADO",2.54
ELE799,"TUBO PVC ELECTRICIDAD D=2"" RIGIDO/PESADO",8.04
ELE800,LUMINARIA/POSTE BOMBILLO VAPOR SODIO 400,153.2
ELE801,PORTA FUSIBLE HERMETICO TIPO TRON A.T.,20.91
ELE802,"TUBO PVC ELECTRICIDAD D=3/4"" PAVCO RIGID",7.7
ELE803,TABLERO 10 CIRCUITOS BARRAS 150 AMP/ 3F+,438.56
ELE804,"CODO HG 90 GRADOS D=5/8""",1.5
ELE805,"CODO HG 90 GRADOS D= 3/4""",2.39
ELE806,CAJETIN PARA INSTALACIONES DE INCENDIO,5.68
ELE807,LAMPARA FLUORESCENTE CIRCULAR DE 22W,9.88
ELE808,REGULADOR DE VOLTAJE PARA NEVERAS,13.22
ELE809,TIMBRE CON PULSADOR,7.69
ELE810,PUNTO DE ELECTRICIDAD SECT CONSTRUCCION,30.29
ELE811,TOMACORRIENTE 3 FASES 50 AMP,8.81
ELE812,TOMACORRIENTE UNIVERSAL DE 110 V,5.81
ELE813,"CURVA PVC ELECTRICIDAD D = 4"" 90 EB C-E ",67.22
ELE814,"TUBO PVC ELECTRICIDAD D= 2"" RIGIDO PESAD",6.62
ELE815,"CURVA PVC ELECTRICIDAD D = 2""  PAVCO O S",7.15
ELE816,AISLADOR POLIMERICO 35 KV A.T.,30.85
ELE817,"ABRAZADERA DE 6"" - 6 1/2 4T 4 TORNILLOS",9.88
ELE818,TRANSFORMADOR PARA BOMBILLO VAPOR DE MER,4.41
ELE819,"BOMBILLO LUZ MIXTA, 250 W, 220 VOLT, ROS",12.13
ELE820,PROTECTOR SUPERVISOR VOLTAJE/ TRIFASICO,65.03
ELE821,"SUPERVISOR TRIFASICO 110V ALTA, BAJA-INV",36.34
ELE822,ESTABILIZ. VOLTAJE 120/240 MONOF 9KVA 60,991.78
ELE823,ESTABILIZ. VOLTAJE 120/240 MONOF 9KVA 60,1102
ELE824,ESTABILIZ VOLTAJE 120/240 MONOF 9KVA 60H,1322.37
ELE825,ESTABILIZADOR VOLTAJE 120/240 MONOF 3KVA,925.68
ELE826,ABRAZADERA DE 3 TORNILLOS/TUERCA 5 - 5 1,9.88
ELE827,CONTACTOR /RELAY,25.36
ELE828,LUMINARIA TIPO CAPRI SIN POSTE,55.1
ELE829,TAPE / TEIPE Y TERMINALES PEQUEÑOS,1.08
ELE830,ABRAZADERA DE 3 TORNILLOS/TUERCA 4 - 4 1,5.54
ELE831,ABRAZADERA DE 4 TORNILLOS/TUERCA 4-4 1/2,8.81
ELE832,ABRAZADERA SOPORTE P/UN TRANSFORMADOR,27.55
ELE833,ABRAZADERA DE 3 TORNILLOS/TUERCA 3 - 3 1,6.62
ELE834,ABRAZADERA DE 4 TORNILLOS/TUERCA 5 -5 1/,7.48
ELE835,TABLERO 4 CIRCUITOS SIN BREAKER /4C-3F,44.07
ELE836,BREAKER C JD 3P X 175 AMP WEST. 240/480/,570.84
ELE837,ACCESORIOS PARA TW -THW-TTU (MEDIO),0.11
ELE838,ACCESORIOS PARA TW-THW-TTU (PESADO),0.21
ELE839,ACCESORIOS PARA THW / TTU (LIVIANO),0.11
ELE840,ACCESORIOS Y TAPE / TEIPE,0.42
ELE841,TAPE / TEIPE TIPO COBRA O SIMILAR,2.39
ELE842,"TUBO EMT D=3""  L= 3 M ACERO GALV - A.G. ",28.31
ELE843,TUBO ELECTRICIDAD GALVANIZADO FLEXIBLE B,4.86
ELE844,TUBO ELECTRICIDAD GALVANIZADO FLEXIBLE B,6.3
ELE845,CABLE UTP  DE RED PARA CONECTOR RJ45,1.08
ELE846,LAMPARA FLUORESCENTE ESPECULAR ENC. RAP.,112.38
ELE847,LAMPARA FLUORESCENTE ESPECULAR 3X17W 4 X,93.67
ELE848,"CABLE PARALELO SPT 2 X 20 AWG (0,018 K/M",0.69
ELE849,BREAKER/INTERRUPTOR SUPERFICIAL 30 AMP \,198.38
ELE850,"CABLE THHN Nº 10 COBRE (0,061 KG/M)",1.87
ELE851,"CABLE THHN Nº  8  COBRE (0,1 KG/M)",2.84
ELE852,"CABLE THHN Nº  2 COBRE (0,375 KG/M)",12.43
ELE853,"CABLE THHN Nº  4 COBRE (0,245 KG/M)",6.87
ELE854,"CABLE THHN Nº  12  COBRE (0,038 KG/M)",1.18
ELE855,"BOMBILLO VAPOR DE MERCURIO, 400 W, 220 V",31.95
ELE856,"CABLE TSJ-N Nº 10 AWG (2X 10) - 0,217 KG",7.15
ELE857,TOMA PLASTICA P/SEÑAL RED COMPUTADORA DO,3.28
ELE858,LAMPARA FLUORESCENTE ESPECULAR 3X32W 2X2,77.13
ELE859,TUBO FLUORESCENTE LINEAL 32 W,2.18
ELE860,TUBO FLUORESCENTE LINEAL 17 W LUZ FRESCA,2.18
ELE861,BALASTO 1 X 9 W P/LAMPARA FLUORESCENTE,7.69
ELE862,BALASTO 1 X 13 W P/LAMPARA FLUORESCENTE,7.69
ELE863,LAMPARA FLUORESCENTE INDUSTRIAL 4 X 20 W,71.65
ELE864,CABLE BERLINER 27 1/2 POLARIZADO P/ALARM,0.21
ELE865,BATERIA 12V 12 AMP-HR P/LAMPARA EMERGENC,45.17
ELE866,BATERIA 12V 9 AMP-HR P/LAMPARA EMERGENCI,33.09
ELE867,CABLE 4 HILOS MULTIFILAR NO. 22 AWG P/AL,0.58
ELE868,CABLE 4 X 14 SOLIDO NO. 22 P/ALARMA,2.23
ELE869,BREAKER HQP 3P X 20 AMP WEST. (ENCH.) 12,33.09
ELE870,BREAKER HQP 3P X 40 AMP WEST. (ENCH.) 12,66.14
ELE871,PULSADOR LINEA ECONOM. P/TIMBRE 15A/250V,3.28
ELE872,ANILLO PVC CONDUIT RIGIDO ELECTRICIDAD D,0.64
ELE873,ANILLO PVC CONDUIT RIGIDO ELECTRICIDAD D,1.61
ELE874,ANILLO PVC CONDUIT RIGIDO ELECTRICIDAD D,2.51
ELE875,ANILLO PVC CONDUIT RIGIDO ELECTRICIDAD D,3.65
ELE876,PUNTO DE ELECTRICIDAD SECT PETROLERO,36.79
ELE877,"CABLE TSJ-N Nº 12 AWG (2X 12) - 0,134 KG",4.14
ELE878,CABLE COAXIAL RG 6 P/ANTENA TV-CABLE,1.08
ELE879,INTERRUPTOR DOBLE PARA EMPOTRAR PLASTICO,4.41
ELE880,INTERRUPTOR TRIPLE PARA EMPOTRAR PLASTIC,5.54
ELE881,INTERRUPTOR SENCILLO PARA EMPOTRAR PLAST,4.41
ELE882,PULSADOR LINEA REGULAR P/TIMBRE 15A/250V,4.41
ELE883,TACO PARA PULSADOR TIPO BTICINO,6.62
ELE884,INTERRUPTOR CON SENSOR INFRARROJO,11.02
ELE885,TACO P/INTERRUPTOR TIPO BTICINO (COMBINA,4.63
ELE886,TAPA PLASTICA PARA INTERRUPTOR,0.97
ELE887,PARARRAYO 13.8 KV A.T. PARA SUB-ESTACION,179.64
ELE888,RELOJ PARA CONTROL ILUMINACION/ELECTRICI,41.85
ELE889,CAJA METALICA PARA 2 MEDIDORES C/PUERTAS,60.63
ELE890,PLANTA ELECTRICA DIESEL 35 KVA 220V  \,20937.8
ELE891,PLANTA ELECTRICA DIESEL 58 KVA 22OV,23141.78
ELE892,PLANTA ELECTRICA DIESEL 95 KVA 220V  \,38569.64
ELE893,CABLE COAXIAL RG 59U P/VIDEO,1.08
ELE894,"TUBO CONDUIT D=3/4"" ACERO IMC LIVIANO E=",8.47
ELE895,"TUBO CONDUIT D= 1/2"" ACERO IMC LIVIANO E",8.7
ELE896,"TUBO CONDUIT D=1-1/2"" ACERO IMC LIVIANO ",16.2
ELE897,"TUBO PVC ELECTRICIDAD D=1 1/2"" RIGIDO/PE",4.97
ELE898,"TUBO PVC ELECTRICIDAD D=2-1/2"" RIGIDO/PE",9.36
ELE899,"TUBO PVC ELECTRICIDAD D=3"" RIGIDO/PESADO",12.91
ELE900,TUBO ELECTRICIDAD GALVANIZADO FLEXIBLE B,9.88
ELE901,TUBO ELECTRICIDAD GALVANIZADO FLEXIBLE B,11.02
ELE902,TUBO ELECTRICIDAD GALVANIZADO FLEXIBLE B,9.25
ELE903,TUBO ELECTRICIDAD GALVANIZADO FLEXIBLE B,15.28
ELE904,TUBO ELECTRICIDAD GALVANIZADO FLEXIBLE B,18.51
ELE905,TUBO PVC ELECTRICIDAD CORRUGADO FLEXIBLE,1.56
ELE906,TUBO PVC ELECTRICIDAD CORRUGADO FLEXIBLE,2.39
ELE907,TUBO PVC ELECTRICIDAD CORRUGADO FLEXIBLE,3.87
ELE908,TUBO PVC ELECTRICIDAD CORRUGADO FLEXIBLE,4.97
ELE909,"CURVA PVC ELECTRICIDAD D= 1/2"" RIGIDA/PE",1.4
ELE910,"PLANTA ELECTRICA DIESEL 7,5 KVA 220V  \",2975.36
ELE911,PLANTA ELECTRICA DIESEL 20 KVA 220V  \,14766.68
ELE912,PLANTA ELECTRICA DIESEL 25 KVA 220V  \,14766.68
ELE913,PLANTA ELECTRICA DIESEL 50 KVA 220V  \,20937.8
ELE914,PLANTA ELECTRICA DIESEL 75 KVA 220V  \,29753.71
ELE915,PLANTA ELECTRICA DIESEL 100 KVA 220V  \,38569.64
ELE916,PLANTA ELECTRICA DIESEL 160 KVA 220V  \,64907.22
ELE917,PLANTA ELECTRICA DIESEL 220 KVA 220V  \,89261.14
ELE918,PLANTA ELECTRICA DIESEL 300 KVA 220V  \,121880.08
ELE919,PLANTA ELECTRICA DIESEL 450 KVA 220V  \,193950.21
ELE920,PLANTA ELECTRICA DIESEL 500 KVA 440V  \,203868.13
ELE921,PLANTA ELECTRICA DIESEL 750 KVA 440V  \,304700.19
ELE922,PLANTA ELECTRICA DIESEL 1000 KVA 440V  \,330596.95
ELE923,"CURVA PVC ELECTRICIDAD D= 3/4"" RIGIDA/PE",2.18
ELE924,"CURVA PVC ELECTRICIDAD D= 1"" RIGIDA/PESA",2.72
ELE925,"CURVA PVC ELECTRICIDAD D= 1-1/2"""" RIGIDA",4.97
ELE926,"CURVA PVC ELECTRICIDAD D= 2"" RIGIDA/PESA",8.22
ELE927,"CURVA PVC ELECTRICIDAD D= 3"" RIGIDA/PESA",17.64
ELE928,"CURVA PVC ELECTRICIDAD D= 2-1/2"" RIGIDA/",12.13
ELE929,"ABRAZADERA EMT DOBLE D = 2-1/2""",4.75
ELE930,"ABRAZADERA EMT DOBLE  D = 3""",6.07
ELE931,"ABRAZADERA EMT DOBLE D = 4""",7.48
ELE932,"ANILLO EMT D=2-1/2""",11.02
ELE933,CAJA DE MEDIDOR LV 100 X 45 X 30 DOS MED,121.22
ELE934,BREAKER INDUSTRIAL 3P X 700 A 600 V G-E ,3214.51
ELE935,BREAKER INDUSTRIAL 3P X 1000 A 600 V G-E,3526.39
ELE936,BREAKER INDUSTRIAL 3P X 150 A 600 V G-E ,1267.29
ELE937,BREAKER INDUST. G-E SELA 36-60 3PX40/50/,308.56
ELE938,BREAKER INDUST G-E SELA 36-100 3P X100A ,352.65
ELE939,BREAKER INDUST GE SELA 3P X 125A 600V \,771.4
ELE940,BREAKER INDUSTRIAL 3P X 100 A 600 V G-E ,661.2
ELE941,BREAKER INDUSTRIAL 3P X 125 A 600 V G-E ,1102
ELE942,BREAKER INDUSTRIAL 3P X 70A 600 V G-E TH,539.95
ELE943,BREAKER INDUSTRIAL 3P X 90A 600 V G-E TH,551.02
ELE944,BREAKER INDUSTRIAL 3P X 40 A 600 V G-E \,303.04
ELE945,BREAKER INDUSTRIAL 1P X 30A 277 V G-E TH,143.23
ELE946,BREAKER INDUSTRIAL 1P X 15A 277 V G-E TH,176.32
ELE947,BREAKER INDUSTRIAL 2P X 15A 480 V G-E TH,385.72
ELE948,BREAKER INDUSTRIAL 2P X 40A 480 V G-E TH,440.79
ELE949,BREAKER INDUST-SUPERFICIAL 2P X 125A 240,791.21
ELE950,BREAKER INDUST-SUPERFICIAL 2P X 225A 240,980.78
ELE951,BREAKER INDUST-SUPERFICIAL 3P X 125A 240,1212.18
ELE952,BREAKER INDUST-SUPERFICIAL 3P X 225A 240,1060.12
ELE953,BREAKER THQC 2P X 90 AMP G-E (ATORN.) 12,77.13
ELE954,BREAKER THQC 3P X 15 AMP G-E (ATORN.) 12,58.2
ELE955,BREAKER THQC 3P X 90 AMP G-E (ATORN.) 12,121.22
ELE956,BREAKER TIVEN 1PX15 AMP (ENCHUFAB) 120/2,8.12
ELE957,BREAKER TIVEN 1PX20 AMP (ENCHUFAB) 120/2,8.81
ELE958,BREAKER TIVEN 1PX30 AMP (ENCHUFAB) 120/2,16.5
ELE959,BREAKER TIVEN 1PX40 AMP (ENCHUFAB) 120/2,17.1
ELE960,BREAKER TIVEN 1PX50 AMP (ENCHUFAB) 120/2,17.64
ELE961,BREAKER TIVEN 1PX60 AMP (ENCHUFAB) 120/2,18.73
ELE962,BREAKER TIVEN 1PX70 AMP (ENCHUFAB) 120/2,22.02
ELE963,BREAKER TIVEN 2PX15 AMP (ENCHUFAB) 120/2,22.02
ELE964,BREAKER TIVEN 2PX20 AMP (ENCHUFAB) 120/2,19.84
ELE965,BREAKER TIVEN 2PX30 AMP (ENCHUFAB) 120/2,28.62
ELE966,BREAKER TIVEN 2PX40 AMP (ENCHUFAB) 120/2,27.55
ELE967,BREAKER TIVEN 2PX50 AMP (ENCHUFAB) 120/2,33.09
ELE968,BREAKER TIVEN 2PX60 AMP (ENCHUFAB) 120/2,49.54
ELE969,BREAKER TIVEN 2PX70 AMP (ENCHUFAB) 120/2,51.84
ELE970,BREAKER TIVEN 2PX100 AMP (ENCHUF) 120/24,66.14
ELE971,BREAKER TIVEN 2PX90 AMP (ENCHUFAB) 120/2,44.07
ELE972,BREAKER TIVEN 3PX15 AMP ENCH 120/240 BTI,48.45
ELE973,BREAKER TIVEN 3PX20 AMP (ENCHUFAB) 120/2,33.09
ELE974,BREAKER TIVEN 3PX30 AMP (ENCHUFAB) 120/2,55.1
ELE975,BREAKER TIVEN 3PX40 AMP (ENCHUFAB) 120/2,72.76
ELE976,BREAKER TIVEN 3PX50 AMP (ENCHUFAB) 120/2,76.04
ELE977,BREAKER TIVEN 3PX60 AMP (ENCHUFAB) 120/2,71.65
ELE978,BREAKER TIVEN 3PX70 AMP (ENCHUFAB) 120/2,93.67
ELE979,BREAKER TIVEN 3PX100 AMP (ENCHUF) 120/24,99.2
ELE980,BREAKER TIVEN 3PX90 AMP (ENCHUFAB) 120/2,88.17
ELE981,BREAKER THQL 1P X 60 AMP G-E (ENCH.) 120,19.84
ELE982,BREAKER THQL 2P X 90 AMP G-E (ENCH.) 120,58.41
ELE983,BREAKER THQL 2P X 100 AMP G-E (ENCH.) 12,66.14
ELE984,BREAKER THQL 3P X 15 AMP G-E (ENCH.) 120,88.17
ELE985,BREAKER THQL 3P X 90 AMP G-E (ENCH.) 120,156.48
ELE986,BREAKER 1P X 15 AMP 120/240 RES./INDUSTR,110.19
ELE987,BREAKER 1P X 20 AMP 120/240 RES./INDUST.,92.57
ELE988,BREAKER 1P X 30 AMP 120/240 INDUSTRIAL \,121.22
ELE989,BREAKER 1P X 40 AMP 120/240 RES./INDUST.,178.53
ELE990,BREAKER 1P X 50 AMP 120/240 RES./INDUST.,198.38
ELE991,BREAKER 1PX20 AMP 18KA 120/240 RESIDENCI,91.46
ELE992,BREAKER 1PX100 AMP 120/240 RESIDENCIAL/I,217.09
ELE993,BREAKER 2P X 20 AMP 120/240 V 10 KA,17.64
ELE994,BREAKER 2P X 60 AMP 120/240 V. 10 KA \,36.34
ELE995,BREAKER 2P X 70 AMP 120/240 V 10 KA INDU,330.58
ELE996,BREAKER 2P X 20 AMP 120/240 V 14 KA,17.64
ELE997,BREAKER 2P X 30 AMP 120/240 V 14 KA,24.26
ELE998,BREAKER 2P X 40 AMP 120/240 V 14 KA,29.74
ELE999,BREAKER 2P X 50 AMP 120/240 V 14 KA,37.45
ELF001,"CAJA CONDULET D= 1/2"" TIPO L-B TAPA Y EM",10.38
ELF002,"CAJA CONDULET TIPO FD=1/2""",11.02
ELF003,"CAJA DE PASO/DERIVACION/DISTRIBUCION 12""",39.13
ELF004,"CAJA PASO/DERIVACION CON TAPA 6"" X 6"" X ",13.22
ELF005,CAJA DE DERIVACION FINAL,1.08
ELF006,"CAJA DE PASO/DERIVACION 16"" X 16"" X 6""",68.32
ELF007,"CAJA DE PASO/DERIVACION 20"" X 20"" X 12""",209.36
ELF008,CAJA DE PASO TIPO INTEMPERIE 10 X 10 X 5,33.09
ELF009,"CAJA DE PASO 20X20X10 CM /8""X8""X4"" NEMA ",51.84
ELF010,"CAJA DE PASO 40X40X15 CM 16""X16""X6"" NEMA",286.54
ELF011,CAJA DE PASO TIPO INTEMPERIE 60X60X15CM-,440.79
ELF012,CAJA DE DERIVACION PRINCIPAL DE 21 A 50,1.29
ELF013,CAJA DE DERIVACION SECUNDARIA 25 X 35 X ,3.28
ELF014,"CAJA PARA SELLAR GUAC 1/2"". CROUSE HINDS",31.95
ELF015,CAJA PARA UNIDAD DE MEDICION,33.09
ELF016,CAJA DE DERIVACION  INTERM. DE 2 A 10 PA,11.02
ELF017,CELDA AUTOSOPORTANTE C/BREAKERS DE 3 X 3,1763.2
ELF018,CELDA AUTOSOPORTANTE EN GABINETE METALIC,174.12
ELF019,"CELDA AUTOSOPORTANTE, GAB. MET. MEDICION",159.02
ELF020,CAJA DE PASO TIPO INTEMPERIE 15 X 15 X 1,119
ELF021,"CAJA CONDULET D= 3/4"" TIPO L-B",12.13
ELF022,"CAJA CONDULET D= 1/2 "" TIPO L-B",13.22
ELF023,"CAJA CONDULET D= 1"" TIPO L-B",15.06
ELF024,"CAJA CONDULET D= 2 "" TIPO L-B",33.09
ELF025,"CAJA CONDULET D= 3 "" TIPO L-B TICA PRESO",88.17
ELF026,"CAJA CONDULET D= 4"" TIPO L-B TICA PRESOF",180.74
ELF027,"CAJA CONDULET D= 1/2 "" TIPO T",11.44
ELF028,"CAJA CONDULET D= 3/4"" TIPO T",18.09
ELF029,"CAJA CONDULET D= 1"" TIPO T",19.84
ELF030,"CAJA CONDULET D= 2 "" TIPO T",35.23
ELF031,"CAJA CONDULET D= 3 "" TIPO T",141.04
ELF032,"CAJA OCTOGONAL CON TAPA 4""",1.4
ELF033,"CAJA OCTOGONAL CON TAPA 3""",0.85
ELF034,CAJA FXB 10 PARES TELEFONICOS TIPO CANTV,218.2
ELF035,"CAJA CONDULET D= 1/2"" TIPO C",11.02
ELF036,"CAJA DE PASO/DERIVACION 10"" X 6"" X 6""",27.55
ELF037,CAJA FXB 100 PARES TELEFONICOS TIPO CANT,711.88
ELF038,CAJA FXB 150 PARES TELEFONICOS TIPO CANT,854.05
ELF039,CAJA FXB 200 PARES TELEFONICOS TIPO CANT,997.3
ELF040,CAJA DE MEDIDOR LV 50 X 40 X 20 CM,94.77
ELF041,"CAJA DE PASO 15X15X10 CM/ 6""X6""X4"" NEMA ",48.45
ELF042,"CAJA DE PASO/DERIVACION 12"" X 12"" X 6""",48.45
ELF043,CAJA DE PASO TIPO INTEMPERIE 20 X 15 X 1,110.19
ELF044,"CAJA DE PASO/DERIVACION 18"" X 12"" X 6""",88.17
ELF045,"CAJA DE PASO/DERIVACION 24"" X 12"" X 6""",82.64
ELF046,"CAJA DE PASO/DERIVACION 24"" X 20"" X 6""",198.38
ELF047,"CABLE THW 10 AWG COBRE (0,073 KG/M) #",2.22
ELF048,CAJA DE PASO TIPO INTEMPERIE 20 X 20 X 1,99.2
ELF049,CAJA DE PASO TIPO INTEMPERIE 25 X 20 X 1,60.63
ELF050,"CAJA DE PASO 25X25X10CM/10""X10""X4"" NEMA1",66.14
ELF051,"CAJA DE PASO 30X30X15 CM / 12""X12""X6"" NE",71.65
ELF052,CAJA DE PASO TIPO INTEMPERIE 30 X 20 X 1,132.23
ELF053,CAJA DE PASO TIPO INTEMPERIE 40 X 30 X 1,238.01
ELF054,CAJA DE PASO TIPO INTEMPERIE 45 X 30 X 1,192.86
ELF055,"CAJA DE PASO INTEMPERIE 60X30X15 CM- 24""",264.48
ELF056,CAJA DE PASO TIPO INTEMPERIE 80X50X 25 C,319.57
ELF057,"CAJA DE PASO INTEMPERIE 100X60X25 CM-40""",1497.63
ELF058,CAJA DE PASO TIPO INTEMPERIE 100X70X30 C,551.02
ELF059,CAJA DE PASO TIPO INTEMPERIE 116X80X30 C,661.2
ELF060,"CAJA CONDULET D= 1 1/2"" TIPO L-B/L-R",24.26
ELF061,"CAJA DE DERIVACION 20""X20""X8"" NEMA 12",132.23
ELF062,"CAJA DE PASO 24""X24""X 8"" NEMA 12",60.63
ELF063,"CAJA DE PASO/DERIV 16""X12""X6"" NEMA 3R EX",55.1
ELF064,"CAJA DE PASO INTEMPERIE 28""X24""X8"" NEMA ",440.79
ELF065,"CAJETIN OCTOGONAL MET 4"" S=1/2""-3/4"" PRO",3.28
ELF066,"CAJETIN CUADRADO MET 4""X4"" SALIDA=3/4"" P",2.82
ELF067,"CAJETIN CUADRADO MET 4""X4"" SALIDA=1"" PRO",2.82
ELF068,"CAJA DE PASO/DERIVACION 24"" X 16"" X 6""",99.2
ELF069,CAPACITOR DE 30 MF P/MARCHA A/C \,6.07
ELF070,CAPACITOR DE 50 MF P/MARCHA A/C \,7.91
ELF071,CAPACITOR DE 40 MF P/MARCHA A/C \,7.15
ELF072,CAPACITOR DE 35 MF P/MARCHA A/C \,6.62
ELF073,CAPACITOR DE 60 MF P/MARCHA A/C \,8.58
ELF074,CAPACITOR DE 55 MF P/MARCHA A/C \,8.22
ELF075,CAPACITOR DE 45 MF P/MARCHA A/C \,7.69
ELF076,CAPACITOR DE 20 MF P/MARCHA A/C \,4.75
ELF077,CAPACITOR DE 70 MF P/MARCHA A/C \,9.88
ELF078,CAPACITOR DE 15 MF P/MARCHA A/C \,4.13
ELF079,CONTACTORES 220 V  X 50 A - 24V A/C \,77.13
ELF080,CONTACTOR ELECTROMAGNETICO 3F 24 / 220 V,95.87
ELF081,CAPACITOR DE 10 MF P/MARCHA A/C \,3.28
ELF082,CAPACITOR DE 4.5 MF P/VENTILADOR A/C \,5.21
ELF083,CAPACITOR DE 5 MF P/VENTILADOR A/C \,5.54
ELF084,CAPACITOR DE 4 MF P/VENTILADOR A/C \,4.9
ELF085,CAPACITOR DE 6 MF P/VENTILADOR A/C \,6.07
ELF086,CAPACITOR DE 7 MF P/VENTILADOR A/C \,6.62
ELF087,CAPACITOR DE 3 MF P/VENTILADOR A/C \,3.28
ELF088,CAPACITOR DE 2.5 MF P/VENTILADOR A/C \,3.07
ELF089,CAPACITOR DE 3.5 MF P/VENTILADOR A/C \,4.18
ELF090,CAPACITOR DE 1.5 MF P/VENTILADOR A/C \,2.18
ELF091,CAPACITOR DE 8 MF P/VENTILADOR A/C \,8.81
ELF092,"TUBO EMT DE ALUMINIO D=1/2""",2.47
ELF093,"TUBO EMT DE ALUMINIO D=3/4""",3.86
ELF094,"TUBO EMT DE ALUMINIO D=1""",5.64
ELF095,"TUBO EMT DE ALUMINIO D=2""",25.63
ELF096,"TUBO EMT DE ALUMINIO D= 1 1/4"" (0,463 K/",7.13
ELF097,"TUBO EMT DE ALUMINIO D= 1 1/2"" (0,565 K/",7.68
ELF098,"TUBO EMT DE ALUMINIO D= 3"" ",37.96
ELF099,"TUBO EMT DE ALUMINIO D= 1 /12""",12.1
ELF100,"TUBO EMT DE ALUMINIO D= 4"" ",60.64
ELF101,"TUBO RMC CONDUIT DE ALUMINIO D=1/2""",6.07
ELF102,"TUBO RMC CONDUIT DE ALUMINIO D= 3/4""",8.46
ELF103,"TUBO RMC CONDUIT DE ALUMINIO D= 1""",13.22
ELF104,"TUBO RMC CONDUIT DE ALUMINIO D= 1 1/4""",16.22
ELF105,"TUBO RMC CONDUIT DE ALUMINIO D= 1 1/2""",19.52
ELF106,"TUBO RMC CONDUIT DE ALUMINIO D= 2""",26.09
ELF107,"TUBO RMC CONDUIT DE ALUMINIO D= 2 1/2""",38.87
ELF108,"TUBO RMC CONDUIT DE ALUMINIO D= 3""",51.28
ELF109,"TUBO RMC CONDUIT DE ALUMINIO D= 4""",71.93
ELF110,"TUBO RMC CONDUIT DE ALUMINIO D= 6""",143.39
ELF111,TOMACORRIENTE GRADO HOSPITALARIO 20A 120,46.29
ELF112,TOMACORRIENTE GRADO HOSPITALARIO 20A 120,44.07
ELF113,CAJA DE PASO 40 X 30 X 20 CM NEMA 4,93.67
ELF114,CAJA DE PASO 40 X 50 X 20 CM NEMA 3R,346.01
ELF115,CAJA ELECTRICA 180 X 80 X 40 CM NEMA 12,614.88
ELF116,CAJA ELECTRICA 120 X 70 X 70 CM NEMA 3R,484.88
ELF117,"CAJA DE PASO INTEMP 15X15X10 CM-6""X6""X4""",44.07
ELF118,CAJA ELECTRICA 30 X 20 X 15 CM NEMA 3R,78.25
ELF119,"PLETINA COBRE 2"" X 1/8"" L=5M 7,17 K/PZA",308.56
ELF120,PLETINA DE COBRE,33.06
ELF121,"CAJA DE PASO INTEMP 8""X8""X4"" 20X20X10CM ",63.93
ELF122,SOPORTE P/ANTENA ESTRUCTURA GALV A-36,5.54
ELF123,"CAJA DE PASO INTERIOR 12""X12""X8"" - 30X30",84.87
ELF124,"CAJA DE PASO INTERIOR 50X50X40 CM-20""X20",440.79
ELF125,"CAJA DE PASO INTERIOR 50X50X50 CM-20""X20",539.95
ELF126,"CAJA DE PASO INTERIOR 32""X24""X24""- 80X60",551.02
ELF127,"CAJA DE PASO 60X40X25 CM-24""X16""X10"" NEM",239.14
ELF128,"CONECTOR BIMETALICO KC TORNILLO 3/4"" DE ",4.18
ELF129,"CONECTOR BIMETALICO KC TORNILLO 3/4"" CON",4.51
ELF130,"CONECTOR BIMETALICO KC TORNILLO 3/4"" PAR",3.55
ELF131,CONECTOR BIMETALICO KS P/CONDUCTOR #6 - ,5.54
ELF132,CONECTOR BIMETALICO KS 23-22 P/CONDUCTOR,14.31
ELF133,CONECTOR BIMETALICO KS 26 P/CONDUCTOR #2,22.02
ELF134,CONECTOR BIMETALICO KS 17 P/CONDUCTOR # ,6.62
ELF135,"TERMINAL/CONECTOR 1 OJO CORTO 3/8"" COND ",5.54
ELF136,"TERMINAL/CONECTOR 1 OJO CORTO 1/2"" COND ",11.02
ELF137,"TERMINAL/CONECTOR 1 OJO CORTO 3/8"" COND ",7.94
ELF138,"TERMINAL/CONECTOR 1 OJO CORTO 1/2"" COND ",12.85
ELF139,"TERMINAL/CONECTOR 1 OJO CORTO 1/2"" COND ",12.55
ELF140,"TERMINAL/CONECTOR 1 OJO CORTO 3/8"" COND ",12.47
ELF141,"TERMINAL/CONECTOR 2 OJOS CORTO 1/2"" COND",8.81
ELF142,"TERMINAL/CONECTOR 2 OJOS CORTO 3/8"" COND",8.81
ELF143,"TERMINAL/CONECTOR 2 OJOS CORTO 1/2"" COND",5.54
ELF144,"TERMINAL/CONECTOR 2 OJOS CORTO 3/8"" COND",11.71
ELF145,"TERMINAL/CONECTOR 2 OJOS CORTO 1/2"" COND",17.78
ELF146,"TERMINAL/CONECTOR 2 OJOS CORTO 3/8"" COND",12.93
ELF147,"TERMINAL/CONECTOR 2 OJOS CORTO 1/2"" COND",12.55
ELF148,"TERMINAL/CONECTOR 2 OJOS CORTO 1/4"" COND",6.21
ELF149,"TERMINAL/CONECTOR 2 OJOS 3/4"" COND # 2 A",6.94
ELF150,"TERMINAL/CONECTOR 2 OJOS LARGO 1/4"" COND",6.94
ELF151,"TERMINAL/CONECTOR 2 OJOS LARGO 1/2"" COND",9.19
ELF152,"TERMINAL/CONECTOR LARGO 2 OJOS 1/2"" COND",14.31
ELF153,"TERMINAL/CONECTOR 2 OJOS LARGO 1/4"" COND",7.69
ELF154,"TERMINAL/CONECTOR 2 OJOS LARGO 1/4"" COND",6.29
ELF155,"TERMINAL/CONECTOR 2 OJOS LARGO 1/4"" COND",4.97
ELF156,"CONECTOR COMPRESION 2 PERF. PERFIL 0,25""",11.02
ELF157,CONECTOR COMPRESION CANAL # 2 A # 4 - #1,4.41
ELF158,CONECTOR COMPRESION CANAL #2-#1/0 A #12-,8.81
ELF159,"CONECTOR COMPRESION TIPO C  5/8""",3.28
ELF160,CONECTOR COMPRESION TIPO C  #2 A #4,3.65
ELF161,CONECTOR COMPRESION TIPO C  #4 A #8,2.72
ELF162,MASTIL P/SOPORTE DE PARARRAYOS A.T. /LUC,143.23
ELF163,SOPORTE BRAZO P/TORRE INC. TORNILLERIA.,1322.37
ELF164,MASTIL MODULAR MMB BASE L=3 M ACERO A-36,440.79
ELF165,MASTIL MODULAR MMT TOPE L=3 M ACERO A-36,495.91
ELF166,"MASTIL MODULAR MMT TOPE L=4,5 M ACERO A-",650.13
ELF167,SECCION MASTIL MODULAR MMB  L=4 M ACERO ,606.09
ELF168,SOPORTE H-DUAL TORRE ACERO GALV A-36,66.14
ELF169,SOPORTE MINI LINK TORRE ACERO GALV A-36,66.14
ELF170,"SOPORTE PARA GPS D= 1 1/4"" ACERO GALVANI",44.07
ELF171,"SOPORTE P/PARABOLA D= 1,8 M ACERO GALV A",33.09
ELF172,"SOPORTE P/PARABOLA D= 2,4 M ACERO GALV A",55.1
ELF173,"SOPORTE BRAZO D= 2 1/2"" ACERO GALV A-36",132.23
ELF174,TABLERO 18 CIRCUITOS BARRA 225 AMP /3F+1,429.76
ELF175,CELDA AUTOSOPORTANTE BARRAS/INTERRUPTOR ,4958.96
ELF176,"CINTA DE COBRE FLEXIBLE TIERRA L=16""",214.88
ELF177,"CINTA DE COBRE FLEXIBLE TIERRA L=12""",178.53
ELF178,"CINTA DE COBRE FLEXIBLE TIERRA L=18""",241.33
ELF179,"PLETINA COBRE 2"" X 1/4"" L=5M 14,42 K/PZA",495.91
ELF180,"PLETINA COBRE 1"" X 1/4"" L=5M 7,21 K/PZA",385.72
ELF181,"PLETINA COBRE 1/2"" X 1/8"" L=5M 1.805 K/P",61.18
ELF182,"PLETINA COBRE 5/8"" X 1/8"" L=5M 2,25 K/PZ",121.22
ELF183,"CINTA/TRENZA COBRE 25MM X 4MM 0,5 K/M",12.13
ELF184,"CINTA/TRENZA COBRE 40MM X 6MM 1,2 K/M",28.62
ELF185,"CINTA COBRE ESTAÑADO 40MM X 6MM 1,2 K/M",28.62
ELF186,"CINTA/TRENZA COBRE 25MM X 4MM 0,5 K/M",12.13
ELF187,"CONECTOR YPC P/ALUMBRADO PUBLICO 5/8""",4.97
ELF188,CONECTOR PERRO KS 23 COBRE CABLE 02,7.69
ELF189,CONECTOR PERRO 2 - 2/0 KS 26 BURNDY,19.84
ELF190,TERMINAL/CONECTOR 1 OJO CABLE 2/0 A 500 ,7.69
ELF191,CONECTOR KS 17 CALIBRE 8 A 6,7.69
ELF192,CONECTOR KS 15 PARA CALIBRE 8,4.41
ELF193,CONECTOR KS 22 PARA CALIBRE 6 A 2,15.4
ELF194,CONECTOR KS 27 PARA CALIBRE 1/0 A 3/0,22.02
ELF195,CONECTOR KS 34 PARA CALIBRE 2/0 A 500MCM,57.34
ELF196,CONECTOR KS 39 PARA CALIBRE 4/0 A 750 MC,99.2
ELF197,CONECTOR KS 44 PARA CALIBRE 300 A 1000 M,104.68
ELF198,CONECTOR A COMPRESION TIPO H P/CABLE 4/0,5.54
ELF199,CONECTOR A COMPRESION AL-CU TIPO H CB-2 ,5.54
ELF200,TUBO EMT DE ALUMINIO,12.13
ELF201,CONECTOR PARA CABLE COAXIAL RG 6,1.5
ELF202,CONECTOR COMPRESION CA-40 SUELME CABLE 4,4.41
ELF203,CONECTOR TUBULAR A COMPRESION CABLE 250 ,5.54
ELF204,CONECTOR TUBULAR A COMPRESION CABLE 500 ,17.64
ELF205,CONECTOR TUBULAR A COMPRESION CABLE 400 ,11.02
ELF206,CONECTOR TUBULAR A COMPRESION CABLE 4 A ,5.54
ELF207,CONECTOR TUBULAR COMPRESION CABLE 4 A 6 ,2.72
ELF208,CONECTOR ALUM. TUBULAR A COMPRESION 300 ,7.69
ELF209,CONECTOR BRONCE LINEA VIVA CU 250-6 A 2/,49.54
ELF210,"CINTA CU-SN ESPESOR 0.016"" L=15"" ANCHO=1",36.34
ELF211,GUARDACABO SOPORTE CIRCULAR P/TENSAR D>1,8.81
ELF212,"TUERCA OJO 5/8"" ACERO LAMINADO CALIENTE",2.39
ELF213,"CINTA AISLANTE GOMA Y SILICON 1"" AT GRIS",30.85
ELF214,"CINTA AISLANTE GOMA 3/4"" ANCHO AT NEGRO",35.23
ELF215,"CINTA AISLANTE PLAST 3/4"" X 0.007 X 66 N",24.26
ELF216,"CINTA SEMICONDUCTORA 3/4"" X 0030"" X 15""",25.36
ELF217,"MALLA FLEXIBLE P/CABLE 29,9 MM 31,7 MT",26.45
ELF218,"GANCHOS ACERO GALV 4"" P/SOPORTE D/ACOMET",2.18
ELF219,DESCARGADOR SOBRETENSION 6 KV POLIMERICO,46.29
ELF220,DESCARGADOR SOBRETENSION 9KV POLIMERICO,55.1
ELF221,"AMARRE TERMINAL PREFORMADO 4/0 AWG L=86,",7.69
ELF222,CONECTOR COMPRESOR DERIV AL-CU-AL 2-2/0 ,2.72
ELF223,CONECTOR COMPR DERIV AL-CU 1/0-2/0 AWG T,6.62
ELF224,TAPA HIERRO P/TANQUILLA PREFAB 1.20X 1.0,143.23
ELF225,TANQUILLA PREFAB 1.00 X 1.20 X 0.80 M P/,198.38
ELF226,"ACCESORIOS, CABLE P/INSTALAC GEN 2500 KV",826.5
ELF227,"ACCESORIOS, CABLE P/INSTALAR GEN 1000 KV",661.2
ELF228,LUMINARIA FLUORESCENTE/ESTANCA IP65 SUPE,88.17
ELF229,LAMPARA ALUMBRADO PUBLICO LED 200W,154.29
ELF230,TABLERO RESIDENCIAL 6 CIRCUITOS C/PUERTA,37.45
ELF231,DRIVER 12W TRANSF P/LAMPARA SPOT/PANEL L,6.62
ELF232,POSTE P/LUMINARIAS FIJACION CENTRAL H=2.,88.17
ELF233,"LUMINARIA CAPRI POSTE ALUMINIO H=2,5M C/",153.2
ELF234,LUMINARIA MINI CAPRI ALUMINIO H=60CM C/ ,55.1
ELF235,TRANSFORMADOR/ACEITE 100KVA 13.8/120/240,2534.54
ELF236,POSTE METALICO HEXAGONAL CANCHA L= 8 MT ,424.26
ELF237,BOMBILLO LED 62 W/ E27 GRANDE/MULITVOLTA,18.73
ELF238,TABLERO NLAB 18 CIRCUITOS 3F+ N CON PRIN,440.79
ELF239,TABLERO NLAB 18 CIRCUITOS 3F SIN PPAL /E,374.69
ELF240,TABLERO NLAB 30 CIRCUITOS 3F CON PPAL EM,606.09
ELF241,TABLERO NLAB 42 CIRCUITOS CON PRINCIPAL ,771.4
ELF242,TABLERO NLAB 8 CIRCUITOS 3F CON PPAL /EM,370.26
ELF243,INTERRUPTOR 3PX 250 A NEMA 5 PARA MOTORE,991.78
ELF244,"PLETINA COBRE 6"" X 1/4"" L=5M 8,526 K/M",1755.49
ELF245,"PLETINA COBRE 4"" X 1/2"" L=5M 11,163 K/M",1388.52
ELF246,"BARRA COLECTORA PAT DE COBRE 20"" X 4"" X ",209.36
ELF247,GUARDACABO SOPORTE CIRCULAR P/TENSAR D<1,5.54
ELF248,"TENSOR P/GUAYA DIAMETRO MAYOR A 5/8""",20.91
ELF249,TENSOR P/GUAYA DIAMETRO MENOR O IGUAL A ,8.81
ELF250,"PERRO/GRAPA P/GUAYA ACERO DIAM >=5/8""",8.81
ELF251,"GRILLETE DE ACERO D= 5/8""",9.88
ELF252,"GRILLETE DE ACERO D= 3/4""",23.12
ELF253,"GRILLETE DE ACERO D= 1""",99.2
ELF254,BASE PARA BARRA ATERRAMIENTO TGB O SIM,60.63
ELF255,"TORNILLO DE COBRE CON TUERCA D= 3/8""",4.41
ELF256,CONECTOR COMPRES. CORTO COBRE ESTAÑADO P,1.08
ELF257,CONECTOR COMPRES. CORTO COBRE ESTAÑADO P,3.28
ELF258,CONECTOR A COMPRESION CA NO 2,4.3
ELF259,CONECTOR A COMPRESION COBRE ESTAÑADO CA ,5.54
ELF260,CONECTOR COMPRESION COBRE ESTAÑADO #6 2H,3.65
ELF261,CONECTOR COMPRESION COBRE ESTAÑADO #2 2H,4.75
ELF262,CONECTOR COMPRESION COBRE ESTAÑADO #2/0 ,4.86
ELF263,"CAJA CUADRADA PVC 6"" X 6"" X 2"" ELECT C/T",9.88
ELF264,AISLADOR AB-E #2 A 2/0 PORCELANA C/BASE ,19.84
ELF265,"CAJA CUADRADA PVC 4"" X 4"" X 2"" ELECT C/T",7.69
ELF266,CONECTOR YGIB P/CONDUCTOR 2 AWG A TORRE ,11.02
ELF267,CONECTOR PUESTA TIERRA GB26 #4 - 2/0,14.1
ELF268,CONECTOR PUESTA TIERRA GB29 2/0 - 250 MC,17.64
ELF269,CONECTOR PUESTA TIERRA GB34 300 MCM - 50,35.23
ELF270,CONECTOR COMPRESION 2H 150MM2 - 300 MCMA,3.28
ELF271,LUMINARIA/BALIZA 300MM DOBLE FAA L-864,749.34
ELF272,LUMINARIA /BALIZA SENCILLA FAA L-810 69W,306.34
ELF273,LUMINARIA/BALIZA DOBLE 116W 800HR FAA L-,462.82
ELF274,LUMINARIA/BALIZA DOBLE 69W 800HR FAA L-8,468.37
ELF275,BOMBILLO INCANDESCENTE 116W - 110 V A21 ,11.55
ELF276,CONTROL LUCES OBSTACULOS C/DESTELLO+ C-N,1377.49
ELF277,CONTROL LUCES OBSTACULOS C/C DESTELLO+ C,1542.77
ELF278,CONTROL LUCES OBSTACULOS S/C DESTELLO+ C,1322.37
ELF279,CONTROL LUCES OBSTACULOS S/C DESTELLO+ C,1432.57
ELF280,CONTROL LUCES OBSTACULOS S/C DESTELLO+ C,1377.49
ELF281,MATERIALES P/SOLDADURA EXOTERMICA CABLE ,7.15
ELF282,BOMBILLO INCANDESCENTE 69W - 110 V A21 8,2.18
ELF283,BOMBILLO INCANDESCENTE 110W - 110 V A21 ,3.28
ELF284,BOMBILLO INCANDESCENTE  620W 130V 3000HR,110.19
ELF285,"GUARDACABO SOPORTE P/TENSAR D<5/8""",8.22
ELF286,PERRO/GRAPA P/GUAYA ACERO DIAM MENOR A 5,7.69
ELF287,"GRILLETE DE ACERO D= 5/8"" C/PASADOR",11.02
ELF288,"GRILLETE DE ACERO MENOR A 5/8"" C/PASADOR",7.69
ELF289,BARRA QUIMICA TCHEM-ROD®. PUESTA A TIERR,584.07
ELF290,KIT P/ATERRAMIENTO BARRA QUIMICA L=8 PIE,495.91
ELF291,TABLERO 12 CIRCUITOS 208/120V 5H NLAB EM,462.82
ELF292,TABLERO 18 CIRCUITOS 208/120V 5H NLAB EM,484.88
ELF293,TABLERO 12 CIRCUITOS 208/120V 5H NLAB SU,352.65
ELF294,TABLERO 18 CIRCUITOS 208/120V 5H NLAB SU,519.04
ELF295,TABLERO 18 CIRCUITOS 208/120 5H NAB EMBU,484.88
ELF296,TABLERO 12 CIRCUITOS 208/120 5H NAB EMBU,358.17
ELF297,TABLERO 18 CIRCUITOS 208/120 5H NAB SUP ,517.93
ELF298,TABLERO 12 CIRCUITOS 208/120 5H NAB SUP/,355.96
ELF299,BREAKER 1P X 20 AMP 18 KA 120/240 IND CA,136.62
ELF300,BREAKER 1P X 30 AMP 18 KA 120/240 IND CA,142.16
ELF301,LUMINARIA PANEL LED 60X60CM 36 W 2300LM,44.07
ELF302,LUMINARIA LED SPOT REDONDO EMPOTRABLE LU,51.84
ELF303,LUMINARIA PANEL LED 60X60CM 40 W 3000LM,35.23
ELF304,LUMINARIA PANEL LED 60X60CM 54 W 4000LM,49.54
ELF305,LUMINARIA PANEL LED 60X60CM 48W 4000LM 6,41.85
ELF306,LUMINARIA LED REFLECTOR LUZ FRIA 50W 375,48.45
ELF307,LUMINARIA HIGH BAY LED LUZ FRIA 110W 132,85.97
ELF308,LUMINARIA HIGH BAY LED LUZ FRIA 130W 156,109.09
ELF309,LUMINARIA HIGH BAY LED LUZ FRIA 160W 192,126.73
ELF310,PANEL LED TECHO 18 W 3200/4100/6500K (60,55.1
ELF311,APARTARRAYO POLIMERICO 13.8 KVA,132.23
ELF312,SUPRESOR DE PICOS P/MOTOR MONOFASICO D23,220.4
ELF313,TOMACORRIENTE COMBINABLE DOBLE 1-F PLAST,8.33
ELF314,TOMACORRIENTE COMBINABLE DOBLE 2-FASES 3,8.33
ELF315,LAMPARA FLUORESCENTE HERMETICA 2X17W,45.17
ELF316,LAMPARA FLUORESCENTE HERMETICA IND. 2X32,46.29
ELF317,LUMINARIA LED HERMETICA 51 W,48.45
ELF318,REFLECTOR LED 90W 208-277V C/BRAZO DE FI,49.54
ELF319,CONECTOR TUBULAR COMPRESION NO 4 A 6 COB,5.54
ELF320,CONECTOR TUBULAR COMPRESION NO 4 A 6 COB,5.76
ELF321,CONECTOR TUB  LARGO COMPRESION #4 A 6 CO,5.86
ELF322,TERMINAL/CONECTOR BARRIL CORTO-1 OJO CAB,5.65
ELF323,TERMINAL/CONECTOR CORTO 1 OJO P/CABLE 1/,5.97
ELF324,TERMINAL/CONECTOR LARGO 2 OJOS P/CABLE 1,6.07
ELF325,TERMINAL/CONECTOR CORTO 2 OJOS 4/0 AWG,6.62
ELF326,TERMINAL/CONECTOR LARGO 2 OJOS 4/0 AWG,6.73
ELF327,TERMINAL/CONECTOR CORTO 2 OJOS CALIBRE 2,14.31
ELF328,TERMINAL/CONECTOR LARGO 2 OJOS CALIBRE 2,14.41
ELF329,TERMINAL/CONECTOR CORTO 2 OJOS CALIBRE 3,14.31
ELF330,TERMINAL/CONECTOR LARGO 2 OJOS CALIBRE 3,14.31
ELF331,TERMINAL/CONECTOR CORTO 2 OJOS CU #350 M,14.31
ELF332,TERMINAL/CONECTOR LARGO 2 OJOS CU #350 M,14.31
ELF333,TERMINAL/CONECTOR CORTO 2 OJOS CU #400 M,15.4
ELF334,TERMINAL/CONECTOR LARGO 2 OJOS CU #400 M,15.4
ELF335,TERMINAL/CONECTOR CORTO 2 OJOS CU #500 M,19.19
ELF336,TERMINAL/CONECTOR LARGO 2 OJOS CU #500 M,19.19
ELF337,TERMINAL/CONECTOR LARGO 2 OJOS CU #750 M,34.15
ELF338,CONECTOR COMPRESION C-TAP #4 DERIVA #4 Y,4.41
ELF339,CONECTOR COMPRESION C-TAP #2 DERIVA #2 Y,4.97
ELF340,"CAJA CONDULET D= 1"" TIPO C",14.95
ELF341,"CAJA CONDULET ALUMINIO TIPO FS 3/4""",17.1
ELF342,"CAJA CONDULET ALUMINIO TIPO FSC 3/4""",18.73
ELF343,"CAJA CONDULET ALUMINIO TIPO FS 1""",20.91
ELF344,"CAJA CONDULET ALUMINIO TIPO FSC 1""",18.73
ELF345,"BARRA COLECTORA COBRE 10"" X 4"" X 1/4""",439.68
ELF346,AISLADOR DIELECTRICO D=50 MM H=50 MM P/B,9.88
ELF347,AISLADOR DIELECTRICO D=40 MM H=40 MM P/B,8.81
ELF348,AISLADOR AB-R P/BAJANTE DE PARA RAYOS,49.54
ELF349,"BARRA ATERRAMIENTO PAT TGB 40""X4""X1/4""",418.76
ELF350,PANEL SOLAR CON LUMINARIA/REFLECTOR DE 3,209.36
ELF351,PANEL SOLAR CON LUMINARIA/REFLECTOR DE 2,176.32
ELF352,"PLETINA COBRE 6""  X 1/4"" L=5M 43.35 K/PZ",1755.49
ELF353,"PLETINA COBRE 30 X 10 MM L=5M 13,44 K/PZ",374.69
ELF354,"PLETINA COBRE 80 X 10 MM L=5M 35,84 K/PZ",1002.8
ELF355,BREAKER TQL 1P X 60 AMP ENCHUFABLE 120/2,12.13
ELF356,BREAKER TQC 1P X 60 AMP ATORNILLABLE 120,15.4
ELF357,BREAKER TQC 2P X 90 AMP ATORNILLABLE 120,55.1
ELF358,BREAKER TQL 2PX90 AMP ENCHUFABABLE 120/2,49.54
ELF359,BREAKER TQL 2PX100 AMP ENCHUFABABLE 120/,55.1
ELF360,BREAKER TQL 1P X 20 AMP ENCHUFABLE 120/2,10.49
ELF361,BREAKER TQL 1P X 70 AMP ENCHUFABLE 120/2,17.64
ELF362,BREAKER TQL 2PX20 AMP ENCHUFABABLE 120/2,20.91
ELF363,BREAKER TQC 1P X 70 AMP ATORNILLABLE 120,16.5
ELF364,BREAKER TQC 1P X 20 AMP ATORNILLABLE 120,9.88
ELF365,BREAKER TQC 2P X 20 AMP ATORNILLABLE 120,24.26
ELF366,BREAKER TQC 2P X 100 AMP ATORNILLABLE 12,60.63
ELF367,BREAKER TQL 3P X 20 AMP ENCHUFABLE 120/2,44.07
ELF368,BREAKER TQL 3P X 100 AMP ENCHUFABLE 120/,77.13
ELF369,BREAKER TQL 3P X 70 AMP ENCHUFABLE 120/2,56.2
ELF370,BREAKER TQC 3P X 20 AMP ATORNILLABLE 120,55.1
ELF371,BREAKER TQC 3P X 60 AMP ATORNILLABLE 120,63.93
ELF372,BREAKER TQC 3P X 100 AMP ATORNILLABLE 12,76.04
ELF373,TABLERO MONOF. P/INTERRUPTORES TQL 12 CI,112.38
ELF374,TABLERO MONOF. P/INTERRUPTORES TQL 24 CI,192.86
ELF375,BREAKER RESIDENCIAL 2P 125 AMP 240 VAC,110.19
ELF376,BREAKER RESIDENCIAL 3P 225 AMP 240 VAC,198.38
ELF377,BREAKER RESIDENCIAL 3P 250 AMP 240 VAC,220.4
ELF378,KIT TERMINALES FC CUAL A2 1X250MCM 4PCS ,38.58
ELF379,KIT TERMINALES FC CUAL A2 1X250MCM 6PCS ,38.58
ELF380,BREAKER INDUSTRIAL TED 1P X 30A 480 V G-,110.19
ELF381,BREAKER INDUSTRIAL TED 2P X 100A 480 V,297.54
ELF382,BREAKER INDUSTRIAL TED 3P X 70A 600 V,330.58
ELF383,BREAKER IND 3P×250A DISPARO TERMOMAG FIJ,991.78
ELF384,BREAKER IND 3PX 500A DISPARO TERMOMAG FI,2424.36
ELF385,BREAKER IND 3PX 800A DISPARO TERMOMAG FI,3967.18
ELF386,BREAKER IND 3PX 800A DISPARO TERMOMAG AJ,3526.39
ELF387,BREAKER IND 3PX 1200A DISPARO TERMOMAG A,4518.17
ELF388,BREAKER IND 3PX 2000A DISPARO TERMOMAG A,7383.33
ELF389,BREAKER 3P CAJA MOLDEADA GCM-A 100 AMP,154.29
ELF390,BREAKER 3P CAJA MOLDEADA GCF-A 100 AMP,88.17
ELF391,BREAKER INDUSTRIAL 3P 125A 80KA - 240V F,231.42
ELF392,KIT TERMINLAES 300MCM P/BREAKER FRAME FE,16.5
ELF393,KIT TERMINLAES 4/0 P/BREAKER FRAME FE 3 ,16.5
ELF394,BREAKER INDUSTRIAL 100 AMP SPECTRA RMS 2,352.65
ELF395,BREAKER INDUSTRIAL 250 AMP SPECTRA RMS 6,749.34
ELF396,BREAKER INDUSTRIAL 250 AMP SPECTRA RMS 1,1079.96
ELF397,BREAKER INDUSTRIAL SGHA 400 AMP ICC65KA ,1102
ELF398,DISPARO MAGNETICO 800A P/PROTECCION MOTO,2254.71
ELF399,BOBINA DISPARO P/BREAKER SPECTRA 240V AC,132.23
ELF400,CONECTOR COMPRESION C-TAP 1/0 DERIVA #2 ,5.08
ELF401,CONECTOR COMPRESION C-TAP 2/0 DERIVA #2 ,5.08
ELF402,TUERCA DE COBRE CU,1.08
ELF403,ARANDELA PLANA DE COBRE CU,0.85
ELF404,TORNILLO DE BRONCE MEDIANO,2.18
ELF405,"ARANDELA A PRESION 1/2"" BRONCE SILICIO",1.08
ELF406,"TUERCA HEXAGONAL 1/2"" BRONCE SILICIO",4.3
ELF407,"CAJA CONDULET DE ALUMINIO D= 1 1/2"" TIPO",23.47
ELF408,TERMINAL/CONECTOR CORTO 2 OJOS PARA # 1/,7.69
ELF409,BASE P/MASTIL DE PARARRAYO PUNTA FRANKLI,38.58
ELF410,BREAKER INDUSTRIAL HMCP 43P X 400 A FRAM,1311.34
ELF411,BREAKER INDUST. 3P X 1200A AJUSTABLE 480,3085.59
ELF412,TRANSFORMADOR SECO 45 KVA 3F SECUNDARIO ,4407.96
ELF413,TRANSFORMADOR 3F SECO 500KVA 480/280/120,30084.33
ELF414,CONTACTOR 3F IMAX AC3 32 AMP,79.34
ELF415,CONTACTOR 3F IMAX AC3 80 AMP,242.42
ELF416,RELE DE SOBRECARGA TERMICO 300A,1377.49
ELF417,RELE TERMICO P/CONTACTOR AJUSTE 63-80 AM,106.91
ELF418,GUARDAMOTOR MBS25-025 / 1.6 - 2.5A 65KA ,36.34
ELF419,TRANSFERENCIA AUTOMATICA TRIPOLAR 1600 A,8154.71
ELF449,ESPIRAL ORGANIZADOR CABLE D= 12MM,1.29
ELF450,AISLADOR DIELECTRICO D=65 MM H=75 MM 5/8,12.13
ELF451,AISLADOR DIELECTRICO D=65 MM H=75 MM 1/2,11.55
ELF452,"AISLADOR DIELECTRICO D=41 MM H=63,5 MM 1",11.55
ELF453,"PLETINA COBRE 4"" X 1/4"" L=5M 8,526 K/M",782.41
ELF454,PROTECTOR SOBRECARGA P/MOTOR BOMBA 208-4,104.68
ELF455,PROTECTOR SOBRECARGA P/COMPRESOR A/C 208,104.68
ELF456,"LAMPARA EMERGENCIA 2 X 1,2W 6V 4,5AH",36.34
ELF457,REFLECTOR TIPO LED 600 W 85/277V IP65 65,186.25
ELF458,REFLECTOR TIPO LED 1500 W 85-277V IP65 6,462.82
ELF459,LUMINARIA LED P/POSTE 200 W 85-277V,99.2
ELF460,LUMINARIA LED P/POSTE 100 W 85-277V SOLA,132.23
ELF461,BALASTO ELECTRONICO LAMPARA 2X59W 120-27,38.58
ELF462,BALASTO ELECTRONICO LAMPARA 2X32W 120-27,18.73
ELF463,ARRANCADOR DE BOMBAS Y MOTORES MONOFASIC,44.07
ELF464,PROTECTOR DE EQUIPOS AIRE ACONDICIONADO ,36.34
ELF465,CONTACTOR 3F AC1 100 AMP 100-250V ABB O ,802.25
ELF466,CABLE THW 18 AWG COBRE,0.37
ELF467,INTERRUPTOR AIRPAX MODELO LELK1-1REC4 CA,90.36
ELF468,INTERRUPTOR AIRPAX MODELO LELK1-1REC4 CA,91.46
ELF469,"CURVA CONDUIT D=6"" RMC RIGIDA/PESADA GAL",319.57
ELI003,"TEFLON PARA ROSCAS (ROLLO DE 10 MT X1/2""",0.16
ELI004,"CLAVOS ACERO PTA. PARIS L=2 1/2"" CAL=12",6.07
ELI006,COSTO AGREG. TUB Y ACCES. MAX 50 KM,0.16
ELI007,"DESCONEXION, TRASLADO, REUBICACION TRANS",220.4
ELI008,ESTRUCTURA PARA CASETA,165.32
ELI011,FILTROS ESPECIALES,5.54
ELI012,ENCAMISADO Y PINTURA,2.72
ELI014,LAMINA ESTRIADA DE ACERO (1.01 X 2.40) E,102.32
ELI015,"MANCHON - UNION DE 110 MM, JA-JA, PVC A.",19.84
ELI016,"MANCHON - UNION DE 160 MM, JA-JA, PVC A.",41.63
ELI017,MANCHON RAPIDO INCORPORACION /HIERRO HF,80.47
ELI018,PIEZA DE EXTREMIDAD BRIDA 110 MM PVC A.B,11.44
ELI019,PIEZA DE EXTREMIDAD BRIDA 160 MM PVC A.B,28.62
ELI021,TECHO PARA CASETA/IMPERMB,55.1
ELI022,TOMACORRIENTE FISIOLOGICO-HOSPITAL  20A ,77.13
ELI023,TOMACORRIENTE P/RX PORTATIL HOSPITAL 60A,110.19
ELT001,NEVERA IMPORTADA 11 PIES3  GRIS/BLCA 2 P,595.07
ELT002,NEVERA 13 PIES3  GRIS 2 PUERTAS IMPORTAD,716.28
ELT003,NEVERA IMPORTADA 15 PIES3 ACERO INOX 2 P,1652.99
ELT004,LAVADORA BLANCA DE 12 KG IMPORTADA,551.02
ELT005,SECADORA BLANCA DE 12 KG IMPORTADA,545.47
ELT006,TELEVISOR LED DE 32 PLG HD,275.51
ELT007,TELEVISOR LED DE 43 PLG HD SMART TV,661.2
ELT008,TELEVISOR LED DE 40 PLG,473.87
ELT009,TELEVISOR / MONITOR LED DE 24 PLG,148.75
ELT010,KIT ANTENA DECODIFICADOR PARA TV SATELIT,154.29
ELT011,INSTALACION SENCILLA P/TV SATELITAL INTE,33.09
ELT012,INSTAL. SENCILLA PARA DIRECT /SIMPLE TV ,38.58
ELT013,TELEVISOR LED DE 50 PLG SMART TV 4K,881.57
ELT014,TOPE COCINA GAS 70 CM CRISTRAL IMPORTADA,539.95
ELT015,COCINA GAS A 4 HORNILLAS IMPORTADA,539.95
ELT016,BATIDORA MANO ELECTRICA /HOGAR OSTER O S,49.54
ELT017,BATIDORA MANO ELECTRICA /HOGAR 7 VELOCID,33.09
ELT018,CAFETERA ELECTRICA DE 12 TAZAS,39.67
ELT019,CAFETERA ELECTRICA 12 TAZAS FILTRO PERM,44.07
ELT020,CAMPANA ACERO INOX COCINA 60 CM C/VIDRIO,495.91
ELT021,CAMPANA ACERO INOX COCINA 90 CM,606.09
ELT022,CAMPANA ACERO INOX COCINA 76 CM,528.97
ELT023,COCINA GAS A 6 HORNILLAS IMPORTADA,595.07
ELT024,LAVADORA BLANCA DE 14 KG IMPORTADA,606.09
ELT025,LAVADORA SECADORA MOROCHA  DE 11 KG IMPO,859.57
ELT026,MICROONDAS ACERO INOXIDABLE 20 LTS IMPOR,132.23
ELT027,MICROONDAS ACERO INOXIDABLE 36 LTS IMPOR,222.59
ELT028,MICROONDAS IMPORTADO,209.36
ELT029,MICROONDAS ACERO INOXIDABLE 25 LTS LUJO,220.4
ELT030,TOPE COCINA 60 CM ELECTRICA VITROCERAMIC,551.02
ELT031,TOSTADORA ELECTRICA DE 2 ESPACIOS,66.14
ELT032,BASE DE PARED PARA TV PLANO 23 A 42 PULG,24.26
ELT033,BASE DE PARED PARA TV PLANO 32 A 52 PULG,30.85
ELT034,BASE DE PARED PARA TV PLANO 26 A 55 PULG,55.1
ELT035,"BASE DE PARED P/TV PLANO 19 A 65"" CON IN",46.29
ELT036,CONTROL REMOTO UNIVERSAL PARA TV,7.69
ELT037,CONTROL REMOTO UNIVERSAL PARA SMART TV,16.5
ELT038,TELEVISOR LED DE 65 PLG HD SMART TV 4K,2314.17
ELT039,TELEVISOR LED 75 PLG UHD SMART TV 4K SAM,3195.77
ENC001,CUARTON DE MADERA AURORA 5 X 10 CM X L=3,1046.87
ENC002,ENCOFRADO MADERA ELEMENTOS ESTRUCT.  PUE,991.78
ENC003,"ENCOFRADO METALICO P/C. ACERAS, BROCALES",3.87
ENC004,ENCOFRADO PARA BROCALES,2.72
ENC005,ENCOFRADO,2.18
ENC006,MADERA A LA MEDIDA SAQUI-SAQUI,1377.49
ENC007,MADERA DE AURORA CEPILLADA,1057.9
ENC008,ENCOFRADO METALICO,3.28
ENC009,ENCOFRADO DE MADERA,8.81
ENC010,MADERA PARA ENCOFRADO,771.4
ENC011,PUNTALES DE MADERA PARA ENCOFRADO,330.58
ENC012,PUNTALES REDONDOS PARA ENCOFRADO (NUEVO/,0.74
ENC013,TABLAS MADERA SAQUI-SAQUI SIN CEPILLAR N,1212.18
ENC014,TABLA MADERA MACHIHEMBRADO ALGARROBO P/P,93.67
ENC015,MADERA MACHIHEMBRADO CEPILLADA SEMIDURA ,20.91
ENC016,FORMALETA PLASTICA 90 X 82 X 22.5 CM ALQ,0.53
ENC017,FORMALETA PLASTICA 90 X 90 X 25 CM ALQUI,0.53
ENC018,FORMALETA PLASTICA 90 X 90 X 30 CM ALQUI,0.53
ENC019,FORMALETA PLASTICA 90 X 90 X 35 CM ALQUI,0.53
ENC020,CONO PARA ENCOFRADO 18.5 MM,1.08
ENC021,CUÑAS PARA ENCOFRADOS NACIONALES,0.53
ENC022,TUBO PVC PARA CONOS DE ENCOFRADO REFORZA,1.5
ENC023,ROLO DE MADERA 25 X 25 X 70 CM (0.04 M3),11.02
ENC024,VIGUETAS DE MADERA P/ARRIOSTRAR O APUNTA,661.2
ENC025,MADERA*  VIGUETA ARRIOSTRAR/APUNTALAR L=,11.02
ENC026,MADERA VIGUETA P/ARRIOSTRAR APUNTALAR L=,15.4
ENC027,MADERA VIGUETA P/ARRIOSTRAR APUNTALAR L=,18.41
ENC028,MADERA MACHIHEMBRADO CEPILLADA DURA CART,18.73
ENC029,MADERA MACHIHEMBRADO CEPILLADA DURA PARD,19.84
ENC030,ENCOFRADO METALICO PARA CILINDRO CONCRET,3.76
ENC031,MADERA MACHIHEMBRADO CEPILLADA SEMIDURA ,17.64
ENC032,MADERA MACHIHEMBRADO CEPILLADA MUY DURA ,31.95
ENC033,MADERA DE CAOBA EN TABLAS (NACIONAL),1763.2
ENC034,"ENCOFRADO METALICO B.V TIPO II D=8"" (9.8",2.18
ENC035,MADERA PARA ENTIBADO (6 USOS) /POR USO,165.32
ENC036,"TABLERO DE MADERA PINO P/ENCOFRADO L=1,2",358.17
ENC037,ENTIBADO METALICO/ACERO SIN RECUPERACION,7.69
ENC038,ENCOFRADO METALICO PARA BROCALES,3.55
ENC039,MADERA DE PINO,462.82
ENC040,POSTE ESTANTILLO MADERA P/CERCA ALAMBRE ,5.86
ENC041,ENCOFRADO DE MADERA OBRA LIMPIA,14.63
ENC042,ENCOFRADO DE MADERA OBRA LIMPIA EN MUROS,17.43
ENC043,ENCOFRADO DE MADERA  A. CORRIENTE SECTOR,8.81
ENC044,ENCOFRADO DE MADERA  P/ESCALERAS SECT. P,11.44
ENC045,ENCOFRADO MADERA COLUMNA CIRCULAR SECT. ,16.5
ENC046,ESTANTILLO METALICO P/CERCA ALAMBRE PUA ,8.2
ENC047,ENTIBADO METALICO/ACERO 100% RECUPERABLE,2.07
ENC048,"LISTON MADERA P/ENCOFRADO 2"" X 4"" X 3 MT",2.84
ENC049,"ESTANTILLO (PUNTALES)  DE MADERA. L = 3,",3.87
ENC050,MADERA AURORA EN CUARTONES CEPILLADA,1046.87
ENC051,MADERA SAQUI-SAQUI EN CONTACTO,1267.29
ENC052,MADERA SAQUI-SAQUI EN NO CONTACTO,1046.87
ENC053,ENCOFRADO DE MADERA EN BASES,12.36
ENC054,ENCOFRADO DE MADERA,8.58
ENC055,ENCOFRADO DE MADERA EN PAVIMENTOS DE CON,9.25
ENC056,ENCOFRADO DE MADERA EN MUROS,9.88
ENC057,ENCOFRADO DE MADERA EN BASE PAV. Y VIGA ,13.22
ENC058,TABLAS DE MADERA SAQUI-SAQUI USADA (HAST,440.79
ENC059,PUNTALES PARA ENCOFRADO (NUEVO/4 USOS),1.08
ENC060,MADERA CUARTON AURORA 5 X 10 CM (NUEVO/ ,363.67
ENC061,PUNTAL DE HIERRO P/ENCOFRADO HASTA 4 M-A,0.42
ENC062,CUARTONES MADERA AURORA (PRECIO NUEVO/3 ,352.65
ENC063,MADERA CUARTON USADO SAQUI-SAQUI (NUEVO/,440.79
ENC064,TABLA MADERA SAQUI-SAQUI USADAS (NUEVO/3,363.67
ENC065,TABLERO MADERA USADO P/ENCOFRADO-NUEVO/3,121.22
ENC066,"DISCO DE SIERRA ELECTRICA 7 1/4""",20.91
ENC067,TABLERO MADERA PINO P/ENCOFRADO 1.2X0.6 ,8.81
ENC068,TABLERO DE MADERA PINO P/ENCOFRADO 1.2X0,458.46
ENC069,ENCOFRADO MADERA PARA LOSAS/VIGAS EN PUE,18.73
ENC070,ENCOFRADO MADERA PARA PILAS/ESTRIBOS EN ,13.22
ENC071,ENCOFRADO MADERA FUNDACIONES Y BASES,7.69
ENC072,FORMALETA METALICA PARA ENCOFRADO,2.18
ENC073,TOPE DE CONCRETO PARA ANCLAJES,0.53
ENC074,CERRAMIENTO DE HIERRO P/ENCOFRADO DE PUE,2.18
ENC075,ENCOFRADO DE MADERA EN VIALIDAD,7.69
ENC076,ENCOFRADO DE MADERA RECTO,7.69
ENC077,ENCOFRADO DE MADERA EN MUROS Y PANTALLAS,10.25
ENC078,ENCOFRADO DE MADERA EN VACIADOS RECTOS,7.15
ENC079,PERROS /GRAPA DE AMARRE / GUAYA ACERO 1/,3.28
ENC080,CIMBRA MADERA P/ENCOFRADO,12.13
ENC081,FORMALETA PLASTICA 68 X 68 X 20 CM ALQUI,0.26
ENC082,FORMALETA PLASTICA 75 X 75 X 25 CM ALQUI,0.26
ENC083,FORMALETA PLASTICA 80 X 80 X 30 CM ALQUI,0.26
ENC084,CUARTONES DE MADERA DE PINO,440.79
ENC085,MADERA PREPARADA CUARTON/TABLA,661.2
ENC199,MADERA PARA MACHIHEMBRADO ZAPATERO,27.55
ENC200,ENCOFRADO MADERA A. CORRIENTE LOSAS Y MA,11.76
ENC201,ENTIBADO METALICO P/ESTABILIZAR PAREDES ,2.72
ENC202,ENCOFRADO MADERA A. CORRI. RECTO V. CORO,11.02
ENC203,ENCOFRADO MADERA A. CORRIENTE BASES ESCA,12.8
ENC204,ENCOFRADO MADERA A. OBRA LIMPIA RECTO EN,17.64
ENC205,ENCOFRADO MADERA A. CORRI RECTO BROC VIG,9.88
ENC206,ENCOFRADO MADERA RECTO BROC. CUNETA-SUMI,8.81
ENC207,MADERA MACHIHEMBRADO TIPO PUY P/TECHOS,46.29
ENC208,"MADERA VIGUETA L=3M 10 CM X 10 CM - 4""X4",14.31
ENC209,FORMALETA PLASTICA 90 X 90 X 25 CM,30.85
ESP001,"TUBO ALIMENTADORES DE 4"" DE DIAMETRO",5.54
ESP002,"ANCLA DE EXPANSION 70""",4.41
ESP003,ANCLAJE P/TANQUES,22.02
ESP004,ANIME EN LAMINA E= 5 CM,12.13
ESP005,AVISOS DE EMERGENCIA EN LAMINAS,13.22
ESP006,BANDERAS DE EMERGENCIA,0.53
ESP007,BANDERILLAS DE EMERGENCIA,0.53
ESP008,BOLSAS / SACOS PARA ESCOMBROS,0.53
ESP009,CAMPANA EXTRACCION DE AIRE P/AMBIENTES\,426.47
ESP010,CUPULA PARA TECHO (CLARABOYA),22.02
ESP011,PRODUCTOS DE LIMPIEZA,0.85
ESP012,MATERIALES PARA UBICACION DE SERVICIOS P,12.13
ESP013,DESVIO CAUCE RIO POCO PROFUNDO A MAQUINA,110.19
ESP014,"POSTE D/MADERA D=12 CM, H=3 M",5.54
ESP015,ESPONJAS Y PAÑOS PARA LIMPIEZA,4.41
ESP016,ESTACAS DE MADERA PARA REPLANTEO,0.21
ESP017,MATERIALES PARA MANT. SERVICIOS LOCALIZA,11.02
ESP018,"FLANGE BRONCE 1 1/2"" PARA INSTALACION SA",12.13
ESP019,INSTALACIONES PROVISIONALES,132.23
ESP020,INSTALACIONES PROVISIONALES Y MOVILIZACI,91.46
ESP021,JUNTA TEFLON/TI. N-ACETRON O SIMILAR,66.14
ESP022,JUNTA TIPO CNE-20 O SIMILAR,30.85
ESP023,LIMPIEZA DEL TERRENO,0.26
ESP024,"MATERIAL LIMPIEZA: DETERGENTE, DESINFECT",2.18
ESP025,MATERIALES P/PUESTA EN OBRA CONCRETO EN ,1.61
ESP026,MECATE,1.56
ESP027,NIVELACION DEL SITIO,33.09
ESP028,"MECATE POLIPROPILENO AMARILLO 3/8"" (0.04",0.85
ESP029,REFUERZO ARMCO P/SOPORTE DE TAPA ACERO D,33.09
ESP030,"RETENIDA PARA GUAYA DE 3/8"" EN POSTE",0.97
ESP031,SPUD P/ ARTEFACTO SANITARIO,6.62
ESP032,TAMBORES PINTADOS PARA SEÑAL DE EMERGENC,22.02
ESP033,TANQUE ALMACENAJE DE GAS HELIO 6M3\,5509.95
PLO458,"TEE PVC A.B. D=3""",22.02
ESP034,TANQUE ALMACENAMIENTO 1000 GL GAS PROPAN,6060.94
ESP035,TANQUE ALMACENAMIENTO 6 M3 DE HIDROGENO\,5509.95
ESP036,DINAMITA GELATINOSA (60%) EXPLOSIVO,2.18
ESP037,"TREPANO DE 20"" DE DIAMETRO (EN REVISION)",77.13
ESP038,"TREPANO DE 24"" DE DIAMETRO (EN REVISION)",114.6
ESP039,ESTACAS DE MADERA PARA FAJINA LEÑOSA,0.21
ESP040,GRUTA PREFABRICADA CONCRETO 45X95X19CM G,27.55
ESP041,OBRAS PRELIMINARES,99.2
ESP042,SEÑALES DE TRANSITO,8.81
ESP043,PERFILES ACERO P/ARRIOSTRAMIENTO,2.18
ESP044,JUNTA PARA TABLEROS DE PUENTE-MATERIAL,55.1
ESP045,MATERIAL CONSTRUCCION CONVENCIONAL TIPO ,110.19
ESP046,MATERIALES CONSTRUC. CONVENCIONAL TIPO M,99.2
ESP047,MATERIALES CONSTRUC. CONVENCIONAL TIPO M,88.17
ESP048,ESTACAS DE CABILLA PARA REPLANTEO,1.08
ESP049,CORDON DETONANTE PARA EXPLOSIVOS,0.74
ESP050,DESPARASITANTE P/ARBOLES/PLANTAS/ARBUSTO,9.88
ESP051,"GEODREN TUBO PVC D= 4"" CUBIERTA GEOTEXTI",18.04
ESP052,"GEODREN TUBO PVC D= 6"" 160 MM CUB. GEOTE",33.79
ESP053,"GEODREN TUBO PVC D= 8"" 200 MM CUB. GEOTE",46.28
ESP054,"GEODREN TUBO PVC D= 10"" 250 MM CUB. GEOT",66.16
ESP055,GEOCRETO (BOLSACRET) 1 TON 1.2 X 1.0 X 0,17.64
ESP056,GEOCRETO (BOLSACRET) 3 TON 3 X 1.1 X 0.5,25.36
ESP057,GEOCRETO (BOLSACRET) 6 TON 3.3 X 1.65 X ,41.85
ESP058,GEOCRETO (BOLSACRET) 10 TON 3.3 X 2.75 X,73.85
ESP059,ALQUILER DE CASA/ CAMPAMENTO HASTA 10 PE,55.1
ESP060,BASE FUNDACION NO RECUP P/TORRE GRUA,104.68
ESP061,SERVICIO DE GRUA PARA MONTAJE TORRE,99.2
ESP062,DETONADOR ELECTRICO PARA EXPLOSIVOS,0.85
ESP063,ANFOAL SCO 30 KG/EXC. (EXPLOSIVO-VOLADUR,1.08
ESP064,FUMIGACION LIQUIDA MAS DE 500 M2,0.21
ESP065,DETECTOR PORTATIL SCANNER/ARMAS GARRETT ,539.95
ESP066,DETECTOR VIBRADOR/ALARMA P/PROTEGER VIDR,21.43
ESP067,DETECTOR-CONTACTOR MAGNETICO P/ALARMA,8.81
ESP068,DETECTOR-SENSOR INFRARROJO MOV. P/ALARMA,49.54
ESP069,CONTROL ACCESO DIGITAL MULTIPLEX SOVICA ,42.07
ESP070,TRANSFORMADOR P/TECLADO/CONTROL ACCESO D,12.13
ESP071,MOTOR P/PUERTA AUTOMATICA DE CREMALLERA ,771.4
ESP072,CREMALLERA P/PUERTA DESLIZANTE AUTOMATIC,33.09
ESP073,MOTOR P/PUERTA AUTOMATICA PIVOTANTE\,575.26
ESP074,RECEPTOR INALAMBRICO P/PUERTA AUTOMATICA,8.81
ESP075,CONTROL MANUAL INALAMBRICO P/PUERTA AUTO,16.5
ESP076,MODULO RECEPT. INALAMBRICO P/PUERTA AUTO,12.13
ESP077,TARJETA MASTER P/MOTOR DE PUERTA AUTOMAT,33.09
ESP078,CAJA Y MASTER P/MOTOR PUERTA AUTOMATICA ,77.13
ESP079,"APOYO DE NEOPRENE 55 X 35 CM E=5,1 CM",44.07
ESP080,PABILO GRUESO EN ROLLO,4.86
ESP081,"AVISOS LAMINA 1 X 1,20 LETRERO E INSTALA",143.23
ESP082,"AVISO LAMINA 2.4 X 1,20 CON LETRERO",165.32
ESP083,"AVISO LAMINA 2.0 X 1,20 CON LETRERO",110.19
ESP084,MATERIAL DE RELLENO PARA JUNTA,0.53
ESP085,ALQUILER Y OPERACION DE EQUIPO WELL POIN,23.12
ESP086,"APOYO DE NEOPRENE 30 X 25 CM E=2,5 CM",4.57
ESP087,LIBRETA PARA LEVANTAMIENTO TOPOGRAFICO,8.81
ESP088,BASE ALEMANA PARA SEMAFORO IMP,12.13
ESP089,PEDESTAL DE 0.40 M P/CAJA CONTROL SEMAFO,6.62
ESP090,ADAPTADOR PARA CAJA DE CONTROL EN SEMAFO,3.28
ESP091,INTERMITENTE SEMAFORO ELECTRON. I-3 SEMA,4.41
ESP092,MATERIALES DE FUMIGACION LIQUIDA,0.53
ESP093,POLVO DE FUMIGACION INSECTOS,0.11
ESP094,VENENO P/ROEDORES SEGUN AREA,0.32
ESP095,HIPOCLORITO DE SODIO AL 12%,2.35
ESP096,LANA / LANILLA DE ACERO PAQUETE DE 1 KG,35.23
ESP097,JUNTA HORIZONTAL DE NEOPRENE,23.12
ESP098,JUNTA VERTICAL DE POLIURETANO,2.26
ESP099,PAPEL DE DIBUJO /IMPRESORA,0.97
ESP100,VARIOS PARA DIBUJO,1.29
ESP101,PAPEL DE DIBUJO MAILARD O SIM P/IMPRIMIR,1.08
ESP102,LIBRETA PARA TOPOGRAFIA,11.02
ESP103,MATERIAL PARA DIBUJO,0.64
ESP104,"APOYO DE NEOPRENE 40 X 25 CM E=2,5 CM",11.55
ESP105,BASE HEXAGONAL DE ACERO,2.63
ESP106,SEPARADORES PVC P/CABILLA - VACIADO DE C,0.15
ESP107,"GEODREN TUBO PVC D= 12"" 315 MM CUB. GEOT",120
ESP109,CONTAINER ESTANDARD 8 X 3 M (USO EQUIVAL,683.22
ESP110,CONTAINER ESTANDARD 6 X 3 M (USO EQUIVAL,343.8
ESP111,"BRAZO, MOTOR Y MECANISMO ACCESO ESTACION",2460.74
ESP112,MOTO-REDUCTOR PUERTA AUTOMAT INDUST CREM,606.09
ESP113,CREMALLERA PUERTA AUTOMATICA INDUSTRIAL\,22.02
ESP114,"MECATE POLIPROPILENO AMARILLO 3/4"" (0,15",3.01
ESP115,"MECATE POLIPROPILENO AMARILLO 5/8"" (0.12",2.11
ESP116,SACO PARA LLENADO AGREGADOS HASTA 80 KG,0.21
ESP117,PLANILLERO DE TUBOS P/ADOSAR EN TAQUILLA,24.26
ESP118,PLANILLERO DE TUBOS DE PEDESTAL P/TAQUIL,33.09
ESP119,CAÑONERA PARA GARITA BANCARIA,95.87
ESP120,PLANILLERO GALVANIZADO DOBLE TIPO BANESC,80.47
ESP121,PLANILLERO GALVANIZADO SIMPLE TIPO BANES,128.93
ESP122,VISOR Y CAÑONERA P/GARITA BANCARIA,154.29
ESP123,REPISA CROMADA CON TOPE SURREL- BANCARIA,41.15
ESP124,"MOTOR PTA SANTA MARIA EJE 2"" ELECTROFENO",705.26
ESP125,"MOTOR SANTA MARIA 2 1/2"" ELECTROFENO/CON",716.28
ESP126,"MOTOR SANTA MARIA EJE 3"" ELECTROFENO/CON",805.34
SAN137,TOALLERA PARA BAÑO,7.69
ESP127,TAPA P/BASE ALEMANA STANDARD SEMAFORO,0.74
ESP128,MECATE DE SISAL,16.5
ESP129,TAPA TANQUILLA DE 30 X 40 CM EN SEMAFORO,9.88
ESP130,ADAPTADOR P/FLEJAR SEMAFORO O CAJA AL PO,4.86
ESP131,BASE ALEMANA STANDARD P/SEMAFORO,11.02
ESP132,ADAPTADOR P/FLEJAR SEMAFORO/CAJA POSTE S,5.32
ESP133,"CARA SEMAFORO DE 4 SECCIONES DE 12""",495.91
ESP134,"CARA SEMAFORO DE 4 SECCIONES DE 8""",425.37
ESP135,"CARA SEMAFORO DE 3 SECCIONES DE 12""",371.37
ESP136,"SECCION DE SEMAFORO DE 12"" PEATONAL",9.03
ESP137,"CARA SEMAFORO DE 3 SECCIONES DE 8""",325.06
ESP138,"CARA SEMAFORO DE 2 SECCIONES DE 8""",247.93
ESP139,"SECCION SEMAFORO 8"" DE POLICARBONATO",8.81
ESP140,"SECCION SEMAFORO 12"" DE POLICARBONATO",13.22
ESP141,PEDESTAL P/CAJA CONTROL DE SEMAFORO,11.02
ESP142,ADAPTADOR P/CAJA CONTROL DE SEMAFORO,2.18
ESP143,CARA SEMAFORO PEATONAL 2 SECCIONES DE 12,281.02
ESP144,"CABLE ST  5X 14 AWG (0,345 KG/M)",9.35
ESP145,"CABLE ST  8X 14 AWG (0,386 KG/M)",10.49
ESP146,CONTROLADOR ELECTRON FIJO 2 F PPAL 6 CIR,44.07
ESP147,"CABLE ST  7X 14 AWG (0,338 KG/M)",9.16
ESP148,CONTROLADOR ELECTRON. 4 F 2 SOLAP 18 CIR,46.29
ESP149,CONTROLADOR MICROPRO. 4 F 2 SOLAP 24 CIR,60.63
ESP150,CONTROLADOR MICROPRO. 3 F 2 SOLAP 24 CIR,51.84
ESP151,CONTROLADOR MICROPRO. 2 FASES 24 CIRCUIT,41.85
ESP152,CONTROLADOR MICROPRO. 4 F 2 TONOS 24 CIR,57.34
ESP153,CONTROLADOR ELECTRON. 8 F 2 SOL 54 CIRC ,66.14
ESP154,UNIDAD MONITOREO MICROP. CONFLICTO SEMAF,36.34
ESP155,SINCRONIZADOR ELECTRONICO INALAMBRICO P/,7.69
ESP156,DETECTOR ELECTRON VEHICULOS TIPO LOOP P/,220.4
ESP157,DETECTOR ELECTRONICO PRESENCIA VEHIC. SE,253.48
ESP158,INTERMITENTE SIMPLE P/SEMAFORO,4.41
ESP159,INTERMITENTE ELECTRON. DOBLE SALIDA P/SE,6.62
ESP160,"PEDESTAL DE 2,5 M P/SEMAFORO DE PEATONES",18.73
ESP208,CUPILLA DE ACERO TIPO PASADOR,3.28
ESP209,LAMINA EMPACADURA FIBRA SINTETICA E=1/16,95.87
ESP210,LAMINA EMPACADURA FIBRA SINTETICA E=1/32,57.34
ESP211,LAMINA EMPACADURA FIBRA SINTETICA E=1/64,48.45
ESP212,"LAMINA EMPACADURA FIBRA SINTETICA E=1/8""",115.14
ESP213,FILTRO-SEPARADOR HIDRAULICO PARA COMPRES,385.72
ESP214,"MECATE POLIPROPILENO AMARILLO 1/2""",1.29
ESP215,"MECATE POLIPROPILENO 3/8"" 0.0458 KG/M EN",0.58
ESP216,"MECATE DE SISAL D= 1""",5.97
ESP217,APOYO DE NEOPRENE 15 X15 CM E=2 CM,18.73
ESP218,CONEXION BYPASS DE AGUA CRUDA P/VACIADO ,2203.96
ESP219,REJILLA PEAD 100 X 60 X 5 CM P/PISO,49.54
ESP220,CONTROLADOR LOGICO PROG. P/AUTOM-FILTRO ,1432.57
ESP221,CONTROLAD. LOG. PROG. P/AUTOMATIZ DOSIF ,1432.57
ESP222,GEODREN TUBO PVC CUBIERTA DE GEOTEXTIL,10.22
ESP223,LAMINA ANIME E= 5 CM / 50 MM P/CAVA REFR,14.2
ESP224,LAMINA ANIME E= 8 CM / 80 MM P/CAVA REFR,21.36
ESP225,PASAGUIA DE 9 PERFORACIONES,19.84
ESP226,"ANCLA DE EXPANSION 135""",11.02
ESP227,"SACO BIG BAG INDUSTRIAL 0,90X0,90X1,20 1",16.5
ESP228,"SACO BIG BAG INDUSTRIAL 0,90X0,90X1,60 1",24.26
ESP229,"SACO BIG BAG MANGA Y VALV. 0,90X0,90X1,2",28.62
ESP230,"SACO BIG BAG VALVULA VACIAR 0,90X0,90X1,",24.26
ESP231,IDENTIFICADOR DE ESTATUS,24.26
ESP232,CONSUMIBLE DE LAPEADO,24.26
ESP234,BORNES,2.72
ESP235,BATERIA COMPACTLOGIX L32E,2.72
ESP236,FUSIBLES 5X20MM 1.5 A / EN INVESTIGACION,2.18
ESP237,"REDUCTOR 1-1/4"" NPT-M X 1/2"" NPT-F A105,",22.02
ESP238,"CONECTOR RECTO 1/2"" NPT X 1/2"" OD SS316,",22.02
ESP239,"TUBING 1/2"" SS316 3000 LBS. LONG 6 M",165.32
ESP240,"VALVULA BOLA FULL NPT 1/2""-150 CUERPO E ",38.58
ESP241,"FLEJES METALICOS ½"" CON GRAPAS",0.21
ESP242,COMIDA,13.22
ESP244,AGUA POTABLE EN BOTELLAS DE 335ML,0.58
ESP245,SERVICIO DE CLINICA,5.54
ESP246,EXAMENES MEDICOS PRE Y POS EMPLEO,5.54
ESP247,EXAMENES MEDICOS PARA ALTURA Y ESPACIOS ,5.54
ESP248,BRAGA DE ALGODON MANGA LARGA,55.1
ESP249,BOTAS DE SEGURIDAD CON PUNTERAS,49.54
ESP250,BRAGA PETROLERA 100% ALGODON INGNIFUGO,77.13
ESP251,BOTAS PLASTICAS CAÑA CORTA (GOMA) C/PUNT,27.55
ESP253,PIPOTE/ TAMBOR PVC VACIO C/TAPA CAP=200 ,65.03
ESP254,PIPOTE USADO /TAMBOR VACIO C/TAPA CAP=20,16.5
FIS001,CAJA ECUALIZADORA TOMA DE TIERRA 6 PTOS.,19.19
FIS002,CAJA A PRUEBA EXPLOSIVO GUAC CROUSE HIND,49.54
FIS003,CAJA A PRUEBA EXPLOSIVO GUAC CROUSE HIND,36.34
FIS004,CAMPANA PARA LABORATORIO,267.78
FIS005,CENTRAL DE AIRE COMPRIMIDO PARA DOS CILI,1102
FIS006,CENTRAL DE OXIGENO MANUAL DE 4 CILINDROS,305.22
FIS007,CENTRAL OXIDO NITROSO SIMPLE MANUAL 2 CI,897.03
FIS008,CENTRAL DE SUCCION CON DOS CABEZALES 1 1,848.51
FIS009,CONEXION/TOMA FISIOLOGICA HOSPITAL (REVI,66.14
FIS010,CONEXION/TOMA PARA RAYOS X  (EN REVISION,110.19
FIS011,CONEXIONES PARA MANGUERA,3.28
FIS012,CONEXIONES Y AISLANTES ESP. PARA QUIROFA,132.23
FIS013,"CONEXIONES, TAPES/ TEIPES, TERMINALES",1.29
FIS014,CORDON LLAMADA PACIENTE HOSPITAL (REVI),49.54
FIS015,ESTACION MANUAL INCENDIO DOBLE ACCION EM,31.95
FIS016,"VALVULA REGULADORA DE PRESION D=2""",980.78
FIS017,LLAVE/VALVULA ADMISION-EXPULSION AIRE DE,132.23
FIS018,RECARGA DE BOMBONA DE 6 M3 DE NITROGENO,44.07
FIS019,GABINETE CONTROL ARRANQUE MAGNETICO\,539.95
FIS020,GABINETE MET. CON 2 VALVULAS ESFERICAS 1,220.4
FIS021,GABINETE METALICO ESFERICO 2 VALV. DE 1/,220.4
FIS022,"GABINETE TRES FASES, 4 HILOS INC. EQ. MD",209.36
FIS023,"GABINETE Y MANGUERA C/INCENDIO 1 1/2""X 1",236.9
FIS024,"LAMPARA SELLADA 1.22 X0,61 M P/QUIROFANO",264.48
FIS025,"MANIFOLD DE DISTRIBUCION D=1""",88.17
FIS026,MATERIAL COLOC. VINYL ELECTROCOND. QUIRO,16.5
FIS027,MONITOR REMOTO DE FUGA A TIERRA\,57.34
FIS028,VALVULA DE AGUJA DE ACERO INOXIDABLE CON,440.79
FIS029,MUEBLE PARA PUESTO DE ENFERMERAS 6 X 0.9,1322.37
FIS030,MUEBLE PARA BACTERIOLOGIA (CON FORMICA),837.5
FIS031,MUEBLE PARA ESTERILIZACION (CON FORMICA),440.79
FIS032,MUEBLE PARA FAENA LIMPIA,440.79
FIS033,MUEBLE PARA FAENA SUCIA,440.79
FIS034,"MUEBLE PARA FAENA SUCIA 4,50 X 0.90 (EN ",870.57
FIS035,MUEBLE PARA PUESTO DE ENFERMERAS,451.81
FIS036,"MUEBLE PARA PUESTO DE ENFERMERAS 2,70 X ",484.88
FIS037,"MUEBLE PARA SALA DE YESO 2,0 X 0,90",440.79
FIS038,"MUEBLE PARA VESTIER DE MEDICOS 1,60 X 2,",440.79
FIS039,"MUEBLE PARA PUESTO ENFERMERAS L= 2,10 M ",385.72
FIS040,"MUEBLE PARA FAENA LIMPIA 2,20 X 0,50 SUS",374.69
FIS041,BOMBONA DE OXIGENO MEDICINAL (CONTENIDO ,41.85
FIS042,PULSADOR REMOTO PARA LLAMADAS (HOSPITAL),27.55
FIS043,TANQUE ALMACENAMIENTO DE NITROGENO\,6611.93
FIS044,TANQUE DE ALMACENAJE DE OXIGENO\,5509.95
FIS045,TOMA MODULAR P/OXIDO NITROSO (EN REVISIO,110.19
FIS046,TOMA MODULAR  ACOPLE  PARA VACIO (HOSPIT,77.13
FIS047,TOMA MODULAR HOSPITAL P/ACOPLE AIRE,55.1
FIS048,TOMA MODULAR  ACOPLE RAPIDO P/ VACIO (HO,60.63
FIS049,TOMA MODULAR ACOPLE OXIGENO HOSPITAL/REV,110.19
FIS050,TOMA MODULAR ACOPLE RAPIDO OXIGENO HOSPI,110.19
FIS051,"LLAVE/VALVULA PASO ESFERICA D=3"" INST. F",650.13
FIS052,A/C DE 4 TON PARA QUIROFANO AMBIENTE QUI,5179.35
FIS053,"LLAVE/VALVULA PASO 1/2"" C/EXTENSION TUBE",20.91
FIS054,"LLAVE/VALVULA D/PASO 3/4"" EXTENSION TUBE",36.34
FIS055,"LLAVE/VALVULA PASO ESFERICA D=3"" FISIOLO",440.79
FIS056,"VALVULA CHECK  D=3""",281.46
FIS057,VINYL ELECTROCONDUCTIVO P/PISO DE QUIROF,77.13
FIS058,"LLAVE/VALVULA DE PASO COMPUERTA D=2"" FIS",242.42
FIS059,CAJA A PRUEBA EXPLOSIVO GUAC CROUSE HIND,38.58
FIS060,CAJA A PRUEBA EXPLOSIVO GUAC CROUSE HIND,84.87
FIS061,BOMBONA DE 6 M3 PARA NITROGENO C/ENVASE,275.51
FIS062,MANIFOLD DISTRIBUCION DE AIRE,330.58
FIS101,MUEBLE PARA RESIDENCIA MEDICOS,440.79
FIS104,CLOSET / MUEBLE DE 1.40 X 2.20 DE ALTO,330.58
FIS105,MUEBLE PARA COCINA L=2.40 M SIN TOPE,462.82
FIS106,MUEBLE PARA CRIOTERAPIA L=2.20 M,154.29
FIS107,MUEBLE PARA SANITARIO PUBLICO,363.67
HER001,BOMBONA DE GAS ACETILENO (CONTENIDO),385.72
HER002,CARETA PARA SOLDAR,14.31
HER003,ELECTRODO R10 E6013 X 350 MM RUTILICO #,6.84
HER004,ELECTRODOS P/SOLDURA GENERAL,1.08
HER005,CANDADO CISA DE LATON 60 MM O SIMILAR,55.1
HER006,MATERIALES MENORES MONTAJE,0.11
HER007,MATERIALES PARA MONTAJE DE REJAS METALIC,0.42
HER008,BOMBONA DE OXIGENO INDUSTRIAL (CONTENIDO,38.58
HER009,SOLDADURA CON ELECTRODOS,4.41
HER010,"HOJA DE SEGUETA 30 CM -12""(NACIONAL)",2.39
HER011,"PERNO/TORNILLO CARRUAJE 5/8"" X 2""",1.61
HER012,"HOJA DE SEGUETA DE 30 CM /12""  (IMPORTAD",2.61
HER013,"ELECTRODO E-7010 RUTILICO/ESTRUCTURAS, T",9.88
HER014,ELECTRODO E7018 RUTILICO PENETRACION EST,12.13
HER015,"MARCO HIERRO P/PUERTA 2.10 X 0.90M E= 1,",87.06
HER016,MARCO DE HIERRO PARA PUERTA DE 2.10 X 0.,88.18
HER017,MARCO DE HIERRO PARA PUERTA DE 2.10 X 0.,69.44
HER018,MARCO PARA VENTANA DE BAÑO 0.70 X 0.60 M,8.81
HER019,MARCO HIERRO P/VENTANAS ROMANILLAS 1 X 1,27.55
HER020,MARCO HIERRO P/VENTANA DE ROMANILLAS 1.5,55.1
HER021,MARCO DE HIERRO P/VENTANAS DE 2.00 X 1.0,88.2
HER022,CONTRA MARCO DE VENTANA (ALUMINIO) DE 1.,31.95
HER023,CONTRA MARCO DE VENTANA (ALUMINIO) DE 1.,38.58
HER024,CONTRA MARCO DE VENTANA (ALUMINIO) DE 1.,38.58
HER025,PUERTA HIERRO 2 PANEL C/CERRAD MARCO D/A,407.74
HER026,PUERTA HIERRO 2 PANEL C/CERRAD MARCO D/A,424.26
HER027,PUERTA HIERRO 2 PANEL C/CERRAD MARCO D/A,429.76
HER028,PUERTA HIERRO 2 PANEL C/PASADOR MARCO D/,352.65
HER029,PUERTA HIERRO 2 PANEL C/PASADOR MARCO D/,374.69
HER030,PUERTA HIERRO 2 PANEL C/PASADOR MARCO D/,396.71
HER031,"ELECTRODOS P/ACERO INOXIDABLE 3/32""X14"" ",1.4
HER032,PERFIL CELOSIA ROMANILLA ALUMINIO VENTAN,5.54
HER033,"DISCO DE CORTE 14"" PARA TRONZADORA",28.3
HER034,ELECTRODO TIPO RUTILICO / ACEROS COMUNES,6.62
HER035,ELECTRODO PARA ESTRUCTURA ALTA RESISTENC,8.81
HER036,VENTANA CON MECANISMO DE ALUMINIO (ROMAN,77.13
HER037,REJA DE TUBOS HIERRO GALVANIZADO Y CABIL,38.58
HER038,CADENA HIERRO GALVANIZADO,2.33
HER039,BOMBONA DE GAS PROPANO (CONTENIDO),17.64
HER040,"TUBO P/HERRERIA DE 1 1/2"" X 1 1/2"" E=1.1",4.72
HER041,ELECTRODO PARA HIERRO COLADO/HF,149.83
HER042,ELECTRODO PARA BRONCE #,34.15
HER043,"TUBO P/HERRERIA DE 1"" X 1"" E=1,1MM 0,83 ",3.62
HER044,"TUBO P/HERRERIA D=1"" E=1,4MM CIRCULAR",3.07
HER045,"TUBO P/HERRERIA DE 2"" X 1"" E= 0,9 MM 1,0",3.9
HER046,"TUBO P/HERRERIA DE 1 1/2"" X 1 1/2"" E=0.9",3.83
HER047,"TUBO P/HERRERIA DE 3/4"" X 3/4"" E=1,1MM 0",2.62
HER048,ELECTRODO PARA HERRERIA,5.76
HER049,REJA DE TUBULARES DE HIERRO Y CABILLA LI,33.09
HER050,ELECTRODO RUTILICO,10.7
HER051,ELECTRODO RUTILICO R-10 AGA O SIMILAR,7.15
HER052,ELECTRODO PARA SOLDADURA GENERAL #,6.62
HER053,RUEDA PARA PORTON DE HIERRO,14.31
HER054,"TUBO P/HERRERIA DE 2"" X 1 1/2"" E=1,1 MM ",6.26
HER055,TIZA DE HERRERO / HERRERIA,0.18
HER056,"TUBO P/HERRERIA DE 1"" X 1"" E= 0.9 MM 0,6",2.98
HER057,PLIEGO DE LIJA PARA METALES,5.54
HER058,"DISCO CORBUDURUM DE 14"" X 1/8",26.45
HER059,MARCO DE HIERRO P/ VENTANAS E= 12 CMS,11.23
HER060,"MARCO HIERRO PESADO P/PUERTA E=15 CM /3,",40.95
HER061,ELECTRODO RUTILICO USO GENERAL,9.46
HER062,DISCO ABRASIVO PARA METALES,6.62
HER063,"BISAGRA DE HIERRO DE 102 X 102 X 2,5 MM",6.84
HER064,BOMBONA GAS ARGON-CONTENIDO 6 M3,336.1
HER065,"TUBO ACERO RECT 3""X 1 1/2"" E=2,9MM 4,98K",13.76
HER066,"TUBO P/HERRERIA DE 4"" X 2""  E=1,4 MM 3,2",12.12
HER067,PERFIL CELOSIA ROMANILLA ALUMINIO VENTAN,3.28
HER068,"VARILLA DE BRONCE 1/8"" X 1 MT",7.33
HER069,"VARILLA DE BRONCE 3/32"" X 1 MT",2.18
HER070,ELECTRODO R10 E6010  X L=350 MM (CELULOS,8.81
HER071,ELECTRODO R10 E6010  X  L=350 MM (CELULO,7.69
HER072,PERFIL CELOSIA ROMANILLA ALUMINIO VENTAN,4.51
HER073,PERFIL CELOSIA ROMANILLA ALUMINIO VENTAN,3.65
HER074,MARCO* DE HIERRO C/BISAG P/PUERTA E=20 C,7.69
HER075,MARCO*  DE HIERRO P/ VENTANA E= 12 CMS P,6.62
HER076,"TUBO P/HERRERIA DE 1/2"" X 1/2"" E= 0.9 MM",1.6
HER077,DISCO C/BORDE DIAMANTE P/CORTAR CONCRETO,143.23
HER078,"TUBO P/HERRERIA D=2"" E= 2 MM 2,41 KG/M C",6.62
HER079,"TUBO P/HERRERIA D=3/4"" E=1,9MM 0,8K/M CA",2.18
HER080,"TUBO P/HERRERIA D=3"" E= 2 MM 3,66 KG/M C",10.05
HER081,BOMBONAS DE GASES ACETILENO Y OXIGENO (U,437.48
HER082,PUERTA ENRROLLABLE SANTA MARIA MICROPERF,261.17
HER083,SEMITUBOS CROMADOS P/PLATAFORMA BANCARIA,41.85
HER084,"TUBOS CROMADOS 2"" EXTREMOS P/PLATAFORMA ",19.84
HER085,CANDADO ANTICISALLA 90 MM TIPO CISA O SI,81.56
HER086,"MARCO DE HIERRO VENTANAS 1,2 X 1 M BLOQU",68.03
HER087,PERFIL VENTANA MACUTO DE ALUMINIO P/VIDR,3.38
HER088,HIDROGENO PARA TRABAJOS A/A,2.18
HER089,MARCO ENVOLV HIERRO P/PUERTA E=12 CM E=1,12.43
HER090,MECANISMO VENTANA ALUMINIO MACUTO/MARIPO,3.87
HER091,MECANISMO VENTANA ALUMINIO MACUTO/PALANC,3.28
HER092,MECANISMO MANUAL-TAMBOR PUERTA SANTA MAR,40.77
HER093,MARCO DE HIERRO P/ CLOSET TIPO CORREDERA,11.22
HER094,MARCO DE HIERRO P/ CLOSET TIPO BATIENTE ,11.03
HER095,ROMANILLA METALICA,3.28
HER096,PERFILERIA PARA VENTANAS TODOVISION,6.84
HER097,"MARCO DE HIERRO P/PUERTA E=1,1 MM C-19",16.51
HER098,PROTECTOR ANTICIZALLA DE HIERRO P/CANDAD,5.54
HER099,CADENA ACERO GALVANIZADA PARA FIJACION,5.32
HER100,CANDADO ABLOY O SIMILAR DE SEGURIDAD,49.54
HER101,CANDADO DE SEGURIDAD BLINDADO 100MM,147.66
HER102,DISCO TIPO CEPILLO PARA ESMERIL,29.74
HER103,PUERTA METALICA PLEGABLE,33.09
HER104,MATERIALES P/INSTALACION REJAS O PUERTAS,6.62
HER105,"MARCO ENVOLV HIERRO PUERTA E=15 CM /E=1,",15.17
HER106,"TUBO P/HERRERIA DE 2"" X 1"" E=1,1 MM L=6M",28.2
HER107,"TUBO P/HERRERIA DE 1"" X 1"" E=1,4 MM L=6M",23.08
HER108,BISAGRA PESADA DE 15 CMS P/SOLDAR,6.62
HER109,ASA PESADA DE HIERRO P/SOLDAR,2.18
HER110,"TUBO P/HERRERIA DE 2"" X 1""",3.62
HER111,"TUBO P/HERRERIA DE 2"" X 1"" E= 0,9 MM 1,0",5.39
HER112,"TUBO P/HERRERIA DE 2"" X 1"" E= 1,4 MM 1,6",5.94
HER113,"TUBO P/HERRERIA DE 2"" X 1"" E= 2 MM 2,24 ",8.25
HER114,"TUBO P/HERRERIA DE 4"" X 4""  E= 2,3 MM 7,",26.44
HER115,"TUBO P/HERRERIA 3""X 1 1/2"" 1,4MM 2,44K/M",3.81
HER116,LAMINA P/PUERTA SANTA MARIA ENRROLLABLE,55.1
HER117,PUERTA SANTA MARIA PINTADA <15M2,275.51
HER118,TAPA ROLLO PUERTA SANTA MARIA,77.13
HER119,PUERTA SANTA MARIA MICROPERFORADA-ELECTR,286.54
HER120,EJE COMPENSACION Y TAMBOR PUERTA SANTA M,22.02
HER121,TAPA ROLLO PUERTA SANTA MARIA,72.76
HER122,PUERTA SANTA MARIA TODO INCLUIDO SIN MOT,275.51
HER123,"TUBO P/HERRERIA DE 3"" X 3"" E=2 MM 4,63 K",17.16
HER124,"TUBO P/HERRERIA DE 3"" X 3"" E=2,9 MM 6,62",24.52
HER125,"TUBO P/HERRERIA DE 1"" X 1"" E=2 MM 1,44 K",5.36
HER126,TUBO PARA HERRERIA,3.65
HER127,"TUBO P/HERRERIA DE 4"" X 2""  E=2 MM 4,63 ",17.16
HER128,"TUBO P/HERRERIA DE 1 1/4"" X 1 1/4"" E=1.1",3.9
HER129,"TUBO P/HERRERIA DE 5/8"" X 5/8"" E=1,1MM 0",2.32
HER130,"TUBO P/HERRERIA DE 1 1/2"" X 1 1/2"" E=2 M",8.89
HER131,"TUBO P/HERRERIA DE 2 1/2""  X 2 1/2"" E=2M",14.17
HER132,MARCO DE HIERRO P/VENTANAS E=10 CM CAL 2,10.2
VAL250,FLETE/TRANSPORTE 5&M1,34.37
HER133,MARCO DE HIERRO P/VENTANAS E=12 CM CAL 1,12.68
HER134,MARCO DE HIERRO P/VENTANAS E=15 CM CAL 1,15.43
HER135,MARCO DE HIERRO P/VENTANAS E=15 CM CAL 2,12.68
HER136,MARCO ENVOLV HIERRO P/PUERTA E=10 CM E=0,11.65
HER137,MARCO ENVOLV HIERRO P/PUERTA E=12 CM E=0,11.01
HER138,"MARCO ENVOLV HIERRO PUERTA E=15 CM /E=0,",11.02
HER139,MARCO DE HIERRO P/ CLOSET E= 15 CM,12.47
HER140,MARCO DE HIERRO P/ CLOSET E= 12 CM,11.03
HER141,MARCO DE HIERRO P/ CLOSET E= 10 CM,10.06
HER142,ELECTRODO DE PLATA 99% L=500MM D=2MM,33.09
HER143,"TORNILLO TIPO ARMELLA 3/8"" (ARGOLLA/OREJ",0.21
HER144,"TUBO P/HERRERIA DE 2"" X 2""  E=1,9 MM CAL",3.6
HER145,"DISCO PARA ESMERIL DE 4""",6.62
HER146,"DISCO PARA CORTE DE METALES D= 4""",6.62
HER147,MARCO HIERRO ANTIVANDALICO PUERTA E=15 C,37.45
HER148,"HOJA DE SEGUETA DE 45 CM /18""  (IMPORTAD",16.5
HER149,VARILLA P/SOLDAR  A/C  (PLATA - COBRE 0%,2.18
HER150,VARILLA P/SOLDAR  A/C  (PLATA - COBRE 2%,3.04
HER151,VARILLA P/SOLDAR  A/C  (PLATA - COBRE 5%,3.87
HER152,MARCO ENVOLVENTE DE HIERRO PARA PUERTA,6.18
HER153,MARCO ENVOLVENTE DE HIERRO PARA VENTANA,5.54
HER154,MARCO DE HIERRO PARA CLOSET,5.86
HER155,MARCO / TAPA DE HIERRO FUNDIDO HF,2.99
HER156,MOTOR PARA PUERTA SANTA MARIA 200 KG,661.2
HER157,"PERFIL/ANGULO DE ALUMINIO ""U"" 3/8 X 3/8""",2.18
HER158,PUERTA SANTA MARIA ENRROLLABLE > 15M2,286.54
HER159,PUERTA SANTA MARIA PERFORADA AREA > 15M2,330.58
HER160,MOTOR SANTA MARIA 380 KG ELECTROFENO/CON,749.34
HER161,CEPILLO DE ALAMBRE / LIMPIEZA,3.28
HER163,COPA-CEPILLO DE LIMPIEZA PARA ESMERIL,29.74
HER164,DISCO DIAMANTADO SEGMENTADO CORTE CONCRE,25.36
HER165,DISCO DIAMANTADO LISO CORTE CONCRETO,24.26
HER166,DISCO ESMERIL DEBASTAR PULIR CONCRETO,13.22
HER167,ELECTRODO E7018/E6010 SOLDADURAS VARIAS,11.02
HER666,"ELECTRODO E7013 - 1/8"" RUTILICO",8.81
HER667,PERFIL CELOSIA ROMANILLA ALUMINIO VENTAN,6.62
HER668,PASAMANO DE PERFILES DE HIERRO,5.86
HER669,"TUBO P/HERRERIA DE 2"" X 2"" E= 1,1 MM 1,7",7.42
HER670,"TUBO P/HERRERIA DE 3"" X 3"" E=1,4 MM 3,27",12.12
HER671,"TUBO P/HERRERIA DE 4"" X 4""  E= 2 MM 6,23",23.05
HER672,"TUBO P/HERRERIA DE 3"" X 1""  E=1,1 MM 1,5",7.15
HER673,"TUBO P/HERRERIA DE 3"" X 1 1/2"" 1,1MM 1,9",8.6
HER674,"TUBO P/HERRERIA DE 2"" X 1"" E= 1,1 MM 1,2",5.54
HER675,VARILLA DE PLATA AL 2%,41.85
HER676,VARILLA DE PLATA AL 2% (CORTA),0.97
HER677,VARILLA DE PLATA AL 5% (LARGA),2.18
HER678,VARILLA DE BRONCE,41.55
HER679,"ELECTRODO PARA HIERRO COLADO 1/8""",4.97
HER680,ELECTRODOS P/ACERO INOXIDABLE,41.85
HER681,"TUBO P/HERRERIA D=2"" E= 1,1 MM 1,35 KG/M",3.76
HER682,"ABRAZADERA 3/8"" PARA TUBULAR",0.42
HER683,BOMBONA P/SOLDAR PRESTOLITE 400G/PROPANO,27.55
HER684,S/T/C BARANDAS DE PERFILES DE HIERRO,8.71
INC001,CAJA/GABINETE P/EXTINTOR METALICA C/VIDR,97.98
INC002,CENTRAL PARA DETECCION INCENDIOS,232.52
INC003,DETECTOR INCENDIO TERMICO/TEMPERATURA FI,54.02
INC004,DETECTOR IONICO DE HUMO INCENDIO /,50.73
INC005,DETECTOR TERMICO 135 ºF INCENDIO 601-S O,49.54
INC006,EXTINTOR DE POLVO QUIMICO SECO PQS 10 LB,44.07
INC007,EXTINTOR PORTATIL HALOCLEAN 10 LBS O SIM,154.29
INC008,EXTINTOR DIOXIDO DE CARBONO-BC-CO2 10 LB,253.48
INC009,GUANTES CUERO CARNAZA (PAR),11.02
INC010,MASCARILLA DESECHABLE ANTIPOLVO (TAPABOC,0.32
INC011,MASCARILLA DESECHABLE PARA POLVO,1.4
INC012,TERMOSTATO ON-OFF HONEYWELL O SIMILAR,79.34
INC013,TERMOSTATOS DE AMBIENTE,99.2
INC014,GUANTES PARA CONSTRUCCION (PAR),7.69
INC015,GUANTES IRIDISCENTES NACIONALES (PAR),5.54
INC016,GUANTES IRIDISCENTES IMPORTADOS (PAR)\,11.02
INC017,LINTERNA CON PICO IRIDISCENTE,15.4
INC018,"GABINETE Y MANGUERA C/INCENDIO 1 1/2"" X ",346.01
INC019,EXTINTOR CO2 CON CAPSULA 10 LB,319.57
INC020,GABINETE P/MANGUERA CONTROL INCENDIO INC,137.72
INC021,"GABINETE Y MANGUERA C/INCENDIO 2 1/2""X 1",330.58
INC022,"VALVULA 1 1/2"" TOMA SIST. INCENDIO HEMBR",99.2
INC023,"VALVULA 2 1/2"" TOMA SIST. INCENDIO HEMBR",121.22
INC024,"TAPA DE VALVULA TV 2 1/2"" P/TOMA EN SIST",6.62
INC025,"TAPA DE VALVULA TV 1 1/2"" P/TOMA EN SIST",4.97
INC026,"ROCIADOR ROSCA DE 1/2"" P/SIST. INCENDIO/",15.4
INC027,VALVULA CONTROL DE FLUJO P/SIST. INCENDI,44.07
INC028,BASE METALICA DE PARED P/COLGAR EXTINTOR,11.02
INC029,LAMPARA EMERGENCIA INDUSTRIAL 2X12W SIN ,55.1
INC030,LAMPARA EMERGENCIA DOBLE FARO S/B,93.67
INC031,CENTRAL DETECCION ROBO 16 ZONAS VEC16 S/,440.79
INC032,CENTRAL DETECCION ROBO 2  ZONAS CR2 S/BA,214.88
INC033,CENTRAL INCENDIO REPETIDOR MODULAR 8 A 3,132.23
INC034,CENTRAL INCENDIO REPETIDOR MODULAR 8 A 4,154.29
INC035,CAJA EXPANSORA EX15 PARA CENTRAL INCENDI,99.2
INC036,SEALED BEAM-BOMBILLO 6V 8W G-E LAMPARA E,12.13
INC037,SEALED BEAM P/LAMPARA EMERGENCIA EMPOTRA,9.25
INC038,SUICHE/SWITCH PRESION P/VALVULA INCENDIO,231.42
INC039,"VALVULA DE FLUJO SIST INCENDIO 5"" C/RETA",55.1
INC040,DETECTOR GARRETT DE ARMAS/METALES PORTAT,683.22
INC041,DETECTOR VIBRACION VIDRIOS SIST ROBO,19.84
INC042,CONTACTO MAGNETICO PUERTAS SIST ANTI ROB,7.69
INC043,DETECTOR TERMICO FIJO SIST INCENDIO,57.55
INC044,SENSOR INFRA-ROJO PARED ANTI ROBO C/BASE,11.02
INC045,SENSOR INFRA-ROJO TECHO ANTI ROBO 10 MT,26.45
INC046,SIRENA 30W Y CAJA PARA SIST ANTI ROBO,22.02
INC047,CENTRAL P/CERCA ELECTRICA,308.56
INC048,AISLADOR PARA CERCA ELECTRICA,0.64
INC049,"TUBO/POSTE L=85 CM D=1"" C/BASE P/CERCA E",11.66
INC050,CABLE AISLADO ALTO VOLTAJE P/CERCA ELECT,0.68
INC051,SEÑAL PELIGRO P/CERCA ELECTRICA,6.62
INC052,TABLERO CONTROL DE ACCESO PUERTAS,125.62
INC053,"VALVULA 1 1/2"" TOMA SIST. INCENDIO HEMBR",99.2
INC054,"VALVULA 2 1/2"" TOMA SIST. INCENDIO HEMBR",126.73
INC055,CENTRAL P/CERCA ELECTRICA SOVICA VOLTA1 ,220.4
INC056,CENTRAL DETECCION INCENDIO 2 ZONAS / SIN,484.88
INC057,TELEFONO INTERCOMUNICADOR SOVICA O SIMIL,49.54
INC058,PANEL DE INTERCOMUNICADOR CAP= 60 APARAT,165.32
INC059,FUENTE CENTRAL INTERCOMUNICADOR\,451.81
INC060,REJILLA PROTEC. PINT P/LAMPARA EMERGENCI,6.62
INC061,CAJA METALICA EMPOTRAR LAMPARA EMERGENCI,16.5
INC062,GABINETE P/MANGUERA INCENDIO 72X62X16 CM,121.22
INC063,"GABINETE P/MANGUERA INCENDIO 78X77,5X16 ",143.23
INC064,LECTOR LLAVE PROXIMIDAD Y DE CONTACTO,62.82
INC065,DETECTOR FOTOELECTRICO/ LISTADO UL APROB,36.34
INC066,DETECTOR TERMICO 88 Cº (UL APROBADO FM),56.2
INC067,BASE PARA DETECTOR INTELIGENTE UL APROBA,6.62
INC068,DETECTOR HUMO EN DUCTO CON RELE DE ALARM,60.63
INC069,ESTACION MANUAL DOBLE ACCION C/2 MINI MO,30.85
INC070,MATERIALES PARA INSTALACION,0.16
INC071,ESTACION MANUAL INCENDIO PROTECTOR C/VID,33.09
INC072,MODULO CONTROL DIRECCIONABLE CENTRAL INC,39.78
INC073,MODULO DE RELE DIRECCIONABLE CENTRAL INC,34.15
INC074,MODULO DE AISLAMIENTO DE LAZO CENTRAL IN,31.95
INC075,DIFUSOR SONIDO 1/4 A 2 WATTS 8 OHM C. IN,15.4
INC076,LUZ ESTROBOSCOPICA EN CENTRAL INCENDIO,66.14
INC077,SEÑAL SALIDA 15X30 CM  FOTOLUM. UNA CARA,6.07
INC078,SEÑAL SALIDA 15X45 CM  FOTOLUM. UNA CARA,5.54
INC079,SEÑAL SALIDA 15X45 CM  FOTOLUM. DOS CARA,6.62
INC080,SEÑAL PROHIBIDO FUMAR 15X15 CM  FOTOLUM/,5.54
INC081,SEÑAL EXTINTOR DE INCENDIOS 15X15 CM  FO,5.54
INC082,LAMPARA EMERGENCIA EMPOTRABLE 2 FOCOS S/,87.07
INC083,EXTINTOR PQS 10 LBS 2 AÑOS VIDA UTIL UL/,46.29
INC084,"CABLE BLINDADO, APANTALLADO 1 PAR AWG 18",2.18
INC085,"TEE H.N. 90º CLASE 150 PSI D= 1 1/2 "" P/",27.55
INC086,"CABLE BLINDADO, APANTALLADO 1 PAR AWG 12",3.28
INC087,SEÑAL VIA DE ESCAPE 15X45 CM  FOTOLUM. D,6.62
INC088,SEÑAL VIA DE ESCAPE 15X45 CM  FOTOLUM. U,3.28
INC089,SEÑAL MANGUERA INCENDIOS 15X15 CM  FOTOL,6.62
INC090,CENTRAL INCENDIO 198 DISP INTELIG. CPU P,1102
INC091,"TEE H.N. 90º CLASE 150 PSI D= 2 "" P/AGUA",44.07
INC092,"TEE H.N. 90º CLASE 150 PSI D= 2 1/2 "" P/",60.63
INC093,"TEE H.N. 90º CLASE 150 PSI D= 3"" P/AGUA",62.82
INC094,"TEE H.N. 90º CLASE 150 PSI D= 3 1/2 "" P/",74.95
INC095,CRUZ CONEXION H.N. 90º CLASE 150 PSI D= ,220.4
INC096,CRUZ CONEXION H.N. 90º CLASE 150 PSI D= ,187.34
INC097,CRUZ CONEXION H.N. 90º CLASE 150 PSI D= ,231.42
INC098,VALVULA HIERRO DUCTIL CON SWITCH SUPERV.,100.83
INC099,"DETECTOR FLUJO CONTACTOS SPD1 450 PSI 3""",136.62
INC100,"ROCIADOR TIPO BULBO NPT PENDENT K=5,6 IN",14.63
INC101,SEÑAL SALIDA 15X30 CM  FOTOLUM. DOS CARA,8.81
INC102,FLAUTA ESPECIAL P/DETECTOR DE DUCTO,198.38
INC103,TABLERO INTERCOMUNICADOR GSM SOVICA\,495.91
INC104,BATERIA 12V - 4 AMP EMERGENCIA,24.26
INC105,RECARGA EXTINTOR DE CO2 TIPO BC 10 LBS,44.07
INC106,RECARGA EXTINTOR DE CO2 TIPO BC 20 LBS,110.19
INC107,RECARGA EXTINTOR POLVO QUIMICO SECO PQS ,17.64
INC108,RECARGA EXTINTOR POLVO QUIMICO SECO PQS ,38.58
INC109,RECARGA EXTINTOR DE CO2 TIPO BC 30 LBS,126.73
INC110,EXTINTOR DE CO2 TIPO BC 20 LBS ALUMINIO ,724.01
INC111,EXTINTOR DE CO2 TIPO BC 15 LBS ALUMINIO ,586.28
INC112,"TOMA INCENDIO ALUMINIO SIAMESA ""Y"" 2  X ",165.32
INC113,EXTINTOR DE CO2 TIPO BC 10 LBS ALUMINIO ,440.79
INC114,EXTINTOR DE CO2 TIPO BC 10 LBS ALUMINIO ,385.72
INC115,DETECTOR/ SENSOR DE GAS H2S,55.1
INC116,CILINDRO DE CO2 DE 100 LBS C/CABEZAL DE ,551.02
INC117,CILINDRO GAS PRESURIZ. NITROGENO 100 LBS,539.95
INC118,EXTINTOR PQS DE 150 LBS CON CARRETILLA,2314.17
INC119,FORRO PARA EXTINTOR DE CARRETILLA CON RU,253.48
INC120,EXTINTOR PQS DE 50 LBS CON RUEDAS,771.4
INC121,EXTINTOR CO2 DE 50 LBS CON RUEDAS,1046.87
INC122,EXTINTOR PQS DE 125 LBS CON CARRETILLA,1763.2
INC123,"SEÑAL EMERGENCIA ""RIESGO ELECTRICO"" 15X ",6.62
INC124,"SEÑAL EXT.""ADVERTENCIA. AREA PROTEGIDA..",17.64
INC125,"SEÑAL INT.""ADVERTENCIA. AREA PROTEGIDA..",17.64
INC126,"SEÑAL EXT CALC.""ALARMA DEL SISTEMA."" 15X",5.54
INC127,"SEÑAL CALC.""ALARMA DE ACTIVACION INC."" 1",5.54
INC128,"SEÑAL CALC.""DETENDRA ACTUACION.."" INC. 1",5.54
INC129,"SEÑAL EXT CALC.""ADVERTENCIA."" 15X 10CM",5.54
INC130,"SEÑAL SALIDA 19,5 X 29,5 CM  FOTOLUM. UN",9.56
INC131,RECARGA COMPLETA EXTINTOR CO2 15 LBS,55.1
INC132,GABINETE P/EXTINTOR C/CERRADURA 58X32CM ,148.75
INC133,GABINETE P/EXTINTOR C/CERRADURA 58X32CM ,127.82
LAM001,CABALLETE P/LAMINA TECHO CLIMATIZADA LIT,27.55
LAM002,CIELO RASO DRY WALL / YESO PARA TECHO,17.64
LAM003,GANCHO P/LAMINA TECHO C/ARANDELA,1.08
LAM004,LAMINA DE YESO RESISTENTE HUMEDAD RH E= ,10.65
LAM005,LAMINA PLYCEM DE 11 MM FIBROCEMENTO O SI,25.82
LAM006,LAMINA DE YESO / DRY WALL PREPARADA E=1/,15.36
LAM007,LAMINA STEELOX,1.08
LAM008,LAMINA P/TECHO TIPO ACEROLIT (ANCHO 0.79,19.63
LAM009,TABIQUE DE ALUMINIO PARA VIDRIO,49.54
LAM010,LAMINA P/TECHO ACEROLIT (ANCHO O.79 M),19.29
LAM011,VENTANA BASCULANTE DE HIERRO SIN VIDRIO,34.99
LAM012,VENTANA DE HIERRO ROMANILLA FIJA,12.13
LAM013,VENTANA RIGIDA CON MALLA DE ALAMBRE 1 X ,12.13
LAM014,VENTANAS CON MARCO DE HIERRO Y MECANISMO,88.17
LAM015,VENTANAS DE ALUMINIO BATIENTES CON VIDRI,242.42
LAM016,LAMINAS DE FIBROCEMENTO REFORZADO ONDULA,18.54
LAM017,TELA METALICA,0.42
LAM018,CUMBRERA DE CEMENTO REFORZADO,3.28
LAM019,LAMINA P/TECHO TIPO COVERIB O SIM,14.31
LAM020,LAMINA PARA TECHO TIPO SUPERCOVERIB,12.13
LAM021,LAMINA P/TECHO TIPO ACEROTEC,9.67
LAM022,LAMINA PARA TECHO TIPO CINDUTEJA O SIMIL,16.5
LAM023,LAMINA DE CINDUTEJA TERMOACUSTICA O SIM,3.33
LAM024,FULMINANTE Y CLAVO ACERO PISTOLA HILTI O,0.42
LAM025,ELEMENTOS DE FIJACION,0.11
LAM026,VIDRIO PLANO AL CORTE E= 3MM,82.64
LAM027,VIDRIO PLANO AL CORTE E= 4MM,86.05
LAM028,VIDRIO PLANO AL CORTE E= 5MM,104.68
LAM029,VIDRIO PLANO AL CORTE E= 6MM,134.62
LAM030,VIDRIO PLANO BRONCE AL CORTE E= 5MM,92.57
LAM031,VIDRIO PLANO AL CORTE E= 6MM,137.7
LAM032,VIDRIO ESCARCHADO AL CORTE E= 4 MM,63
LAM033,PALETA DE VIDRIO PLANO E= 5 MM,78.25
LAM034,PALETA DE VIDRIO ESCARCHADO E= 4 MM,63
LAM035,ESPEJO/VIDRIO NACIONAL AL CORTE E= 5 MM,186.92
LAM036,ESPEJO/VIDRIO NACIONAL AL CORTE E= 3 MM,104.69
LAM037,ESPEJO/VIDRIO NACIONAL AL CORTE E= 4 MM,159.78
LAM038,ESPEJO/VIDRIO COLOR BRONCE IMPORT. AL CO,165.32
LAM039,LAMINA P/TECHO TIPO CINDULIT O SIM,11.02
LAM040,CANAL 90 A=0.91M ETERNIT FIBROCEMENTO 7M,9.88
LAM041,LAMINA ASBESTO CEMENTO CANAL 90  0.90 X ,16.86
LAM042,LAMINA CANAL 90 ANCHO=0.91 M FIBROCEMENT,14.99
LAM043,LAMINA CANAL 90 ANCHO=0.91 (ASBESTO CEME,16.58
LAM044,CABALLETE PARA CANAL 90  FIBROCEMENTO,4.41
LAM045,CABALLETE PARA TEJAS ASFALTICAS,13.22
LAM046,"VENTANA ALUMINIO CORREDERA, C/VIDRIO 6 M",247.93
LAM047,"CORREDERA P/PUERTAS, REJAS METALIC. (GUI",1.08
LAM048,"LAMINA PARA TECHO DE ZINC C35 ANCHO=0,83",4.75
LAM049,CABALLETE P/CUMBRERA TECHO STEELOX O SIM,15.4
LAM050,CABALLETE 0.70 X 0.30,1.08
LAM051,LAMINA DE YESO RESISTENTE AL FUEGO 4' X ,16.48
LAM052,"LAMINA DE ALUMINIO ESTRIADA E=3,5 MM 10,",269.85
LAM053,LAMINA FIBRA VIDRIO P/TECHO TIPO CINDU-A,19.98
LAM054,LAMINA DE YESO CANTO CUADRADO 4' X 8' X ,12.2
LAM055,LAMINA DE YESO SIN ACABADO 2' X 4' X 1/4,6.1
LAM056,LAMINA DE YESO LISA PINTADA  2' X 4' X 1,14.51
LAM057,LAMINA DE YESO TEXTURIZADO 2' X 4' X 1/4,10.79
LAM058,"LAMINA DE YESO VINYL 174  2' X 4' X 1/4""",14.73
LAM059,LAMINA DE YESO VINYL CUADRITO  2' X 4' X,17.3
LAM060,LAMINA DE YESO TEXTURIZADO  2' X 4' X 1/,14.94
LAM061,LAMINA DE YESO VINYL CONCHA DE NARANJA 2,17.3
LAM062,CANAL AGUAS DE LLUVIA GALVANIZADO C-22 D,33.08
LAM063,TABIQUE TIPO PANORAMICO DE ALUMINIO Y VI,97.1
LAM064,TABIQUE DE ALUMINIO Y ACRILICO,77.13
LAM065,TABIQUE METALICO CON LAMINAS Y PERFILES,19.84
LAM066,TABIQUE METALICO PARA BAÑOS / SANITARIOS,22.02
LAM067,LAMINA DE ALUMINIO ONDULADO ASFALTADA,7.69
LAM068,ELEMENTOS DE FIJACION DE LAMINAS TECHO-G,1.08
LAM069,PANEL P/TECHO TIPO VENIBER O SIMILAR A=0,13.22
LAM070,LAMINA AISLANTE P/TECHO VENI-SEAMED CAL ,5.54
LAM071,"REMATE FRONTAL TIPO L, VENIBER-METALICO",1.08
LAM072,CANAL AGUA LLUVIA  BASE=20 H=10 CM GALV.,40.55
LAM073,CUMBRERA P/TECHOS VENIBER (60 CM E= 7MM),5.54
LAM074,VIDRIO LAMINADO AL CORTE E= 8 MM,208.65
LAM075,LAMINA P/SEPARACION URINARIOS,44.07
LAM076,"PANEL P/PARED VENIBER O SIMILAR A=1,08 M",16.5
LAM077,LAMINA CANAL 90  AU=0.91 M ASBESTO-DESCO,2.37
LAM078,"CABALLETE ARTICULADO 90 FIBROCEMTO AU=0,",22.02
LAM079,"GANCHO, BOCINA, TORNILLO P/CANAL 90",0.42
LAM080,"LAMINA TECHO CINDUTEJA ANCHO UTIL=0,70M",2.9
LAM081,"LAMINA TECHO ACEROLIT ANCHO UTIL=0,70M",20.19
LAM082,"LAMINA TECHO CINDULIT ANCHO UTIL=0,70M",7.69
LAM083,CANAL AGUAS DE LLUVIA GALVANIZADO C-22 D,49.62
LAM084,"LAMINA DE ALUMINIO ESTRIADA E=1,5 MM 4,7",130.56
LAM085,LAMINA FIBRA DE VIDRIO P/TECHOS LIVIANOS,16.5
LAM086,LAMINA  METALICA CLIMATIZADA TIPO LIT A=,4.75
LAM087,LAMINA  METALICA CLIMATIZADA EXTRALIT A=,4.51
LAM088,LAMINA POLIESTER CLIMATIZADA P/TECHO A=0,5.08
VAL251,FLETE/TRANSPORTE 3&M1,3.5
LAM089,LAMINA CIELO RASO ANIME ADORNADO ISOCORE,6.62
LAM090,ANIME EN BLOQUE,165.32
LAM091,CABALLETE P/LAMINA TECHO MIL TEJAS,16.5
LAM092,GOTERO P/TECHO LAMINA MIL TEJAS,1.35
LAM093,"LAMINA P/TECHO TIPO ZINC PLASTICA A=0,85",4.15
LAM094,TABIQUE DE ALUMINIO PARA BAÑOS/SANITARIO,60.63
LAM095,VIDRIO PLANO E=10 MM,165.32
LAM096,VIDRIO PLANO E=10 MM ESMERILADO,251.95
LAM097,VIDRIO LAMINADO AL CORTE E= 8 MM GRIS,208.65
LAM098,VIDRIO PLANO BRONCE E= 10 MM,148.75
LAM099,VIDRIO LAMINADO AL CORTE E= 10 MM,260.85
LAM100,VIDRIO PLANO BRONCE E= 8 MM,143.14
LAM101,"PLETINA DE ALUMINIO DE 3""",1.82
LAM102,LAMINA TECHO CLIMATIZADA MIL TEJAS O SIM,12.13
LAM103,"PERFIL DE ALUMINIO 4"" X 4""",0.97
LAM104,VIDRIO BLINDADO E= 45 MM,1836.29
LAM105,CUMBRERA P/TECHOS METALICA MIL TEJAS,6.62
LAM106,PERFIL- CANTO DE ALUMINIO P/ESCALERA/PIS,6.84
LAM107,TABIQUE DE PVC PARA BAÑOS/SANITARIOS,24.26
LAM108,LAMINA DE FIBROCEMENTO REFORZADA PLANA E,15.38
LAM109,LAMINA PLANA FIBROCEMENTO 8 MM TIPO PLYC,21.13
LAM110,LAMINA DE YESO RESISTENTE FUEGO RF 4' X ,13.21
LAM111,PLACA IDENTIFICADORA ALUMINIO FUNDIDO-LE,82.64
LAM112,LAMINAS DE FIBRA DE VIDRIO TRANSLUCIDAS ,12.13
LAM113,LAMINAS DE FIBRA DE VIDRIO TRANSLUCIDAS ,7.69
LAM114,LAMINA DE YESO P/CIELO RASO DE 2'  X  2',5.51
LAM115,CANAL AGUA DE LLUVIA GALVANIZADO C18 15X,39.69
LAM116,"LAMINA DE ALUMINIO ESTRIADA E=1 MM 3,407",76.66
LAM117,"CABALLETE P/CANAL 90 FIBROCEMENTO 0,935X",18.73
LAM118,LAMINA CANAL 90 ANCHO=0.91 M FIBROCEMENT,17.7
LAM119,LAMINA DE YESO RESISTENTE FUEGO RF 4' X ,19.11
LAM120,FACHADA CON VIDRIO 8 MM CON PERFILERIA,175.02
LAM121,"VENTANA ALUMINIO CORREDERA, C/VIDRIO 8 M",330.58
LAM122,LAMINA PERFORADA ACERO INOXIDABLE E= 1MM,121.22
LAM123,"LAMINA PERFORADA ACERO INOXIDABLE E= 1,5",159.78
LAM124,LAMINA ACERO INOXIDABLE E=2 MM PERFORADA,197.27
LAM125,LAMINA PERFORADA ACERO AL CARBONO E=2MM,110.19
LAM126,LAMINA P/CIELO TECHO RASO DE PVC,13.22
LAM127,LAMINA PERFORADA ALUMINIO P/CIELO RASO 6,9.88
LAM128,PERFIL MONTANTE PFRV STD 50X50X5MMX1.10M,12.13
LAM129,PERFIL C PASAMANO PRFV 60X50X5MMX6M /1.2,16.5
LAM130,BARRA INTERMED PRFV ACANALADA 55X5MMX6M-,15.4
LAM131,PERFIL RODAPIE PRFV ACANALADO 150X5MMX6M,22.02
LAM132,PERFIL PRFV 50X50X5MMX100M P/JUNTA BARAN,22.02
LAM133,JUNTA 90º P/PERF ACANAL 40X40X1.2MMX15MM,55.1
LAM134,"JUNTA 90º P/PASAMANO ANG.40X40X40X1.2MM,",55.1
LAM135,JUNTA LINEAL P/PERF ACAN 50X15X1.2MMX15M,55.1
LAM136,LAMINA DE ALUMINIO LISO,19.19
LAM137,LAMINA DE ALUMINIO ESTRIADA,22.49
LAM138,LAMINA DE ALUMINIO ESTRIADA E=2 MM,174.94
LAM139,LAMINA DE ALUMINIO ESTRIADA E=3 MM,231.31
LAM140,VIDRIO PLANO CLARO E= 8 MM,143.23
LAM141,"LAMINA ACERO INOXIDABLE E=2,2 MM PERFORA",194.63
LAM142,"LAMINA ACERO INOXIDABLE E=1,6 MM PERFORA",145.99
LAM143,"LAMINA ACERO INOXIDABLE E=2,7 MM PERFORA",243.51
LAM144,"LAMINA ALUMINIO STUCCO E = 0,6 MM",20.37
LAM145,LAMINA ACERO INOXIDABLE E=3 MM MATE,279.92
LAM146,LAMINA DE ALUMINIO 0.9 MM ACAB. LISO 2.4,44.55
LAM147,LAMINA ACERO INOXIDABLE MATE 1.22 X 2.44,117.92
LAM148,LAMINA ACERO INOXIDABLE MATE 1.22 X 2.44,514.59
LAM149,"LAMINA ACERO INOXIDABLE E=1,5 MM SATINAD",89.76
LAM150,"LAMINA ACERO INOXIDABLE MATE E=2,5 MM",173.01
LAM151,LAMINA DE ALUMINIO E= 6 MM TIPO ESPEJO,29.64
LIM001,LIMPIEZA C/CHORRO ARENA SUPERFICIE METAL,8.81
LIM002,LIMPIEZA C/CHORRO ARENA SUPERFICIE CONCR,13.22
LIM003,LIMPIEZA C/CHORRO AGUA SUPERFICIE CONCRE,2.72
MAU001,ESTOPA EN FARDOS,2.96
MAU002,MASCARILLA DESECHABLE 3M O SIMILAR,4.41
MAU003,DETERGENTE / JABON LIQUIDO,5.54
MAU004,BOLSA NEGRA FUERTE PARA DESECHOS,0.85
MAU005,DETERGENTE / JABON EN POLVO,3.87
MAU006,LIMPIADOR DE VIDRIOS,2.18
MAU007,PAÑO DE LIMPIEZA AMARILLO O SIMILAR,1.18
MAU008,LEJIA O CLORO PARA LIMPIEZA,2.18
MAU009,PRIDE AEROSOL O SIMILAR P/LIMPIEZA DE MU,5.54
MAU010,PAÑITO YES O SIM PARA LIMPIEZA,2.18
MAU011,COLETO DE TELA PARA LIMPIEZA,1.61
MAU012,"MATERIAL LIMPIEZA: JABON, PAÑO, LIMPIADO",11.02
MAU013,ESPONJA ALAMBRE /LANILLA LANA ACERO 160 ,5.54
MAU014,VINAGRE (ACIDO ACETICO DILUIDO EN AGUA),2.18
MAU015,BOLSA NEGRA PARA BASURA,0.85
MAU016,DESINFECTANTE LIQUIDO PARA LIMPIAR PISOS,11.3
MAU017,BOLSA PLASTICA TOBITA P/BASURA DE 30 LT,0.37
MAU018,"PAPEL SANITARIO 9"" X 4"" 250 M INDUSTRIAL",4.97
MAU019,LIMPIADOR DE WC / POCETAS TIPO MAS O SIM,16.5
MAU020,JABON LIQUIDO P/LAVADO DE MANOS P/DISPEN,8.81
MAU021,JABON LIQUIDO PARA LAVAPLATOS,8.22
MAU022,"CONTENEDOR BASURA PVC 1000 LT 1,33X1,3X1",661.2
MAU023,PAPELERA EN PEAD BENITO IBIZA DE 80 LT O,44.07
MAU024,TRAPO ESTERILIZADO BULTO 20 KG,44.07
MAU025,GUANTES DE NEOPRENO RESIT A QUIMICOS,13.22
MAU026,BRAGAS DESECHABLE,11.02
MAU027,TRAPO ESTERILIZADO ALGODON BLANCO,15.4
MAU028,"BOLSA NEGRA PLASTICA 40 KG 1,25X0,92 M C",0.53
MAU031,SERVICIO DE BOTE DE BASURA SEMANAL,826.5
MAU032,MOPA ENTORCHADA PARA LIMPIEZA,13.22
MEC001,A/C SPLIT DE 72.000 BTU 6TON EVAPORADOR-,5509.95
MEC002,VENTILADOR HELICOIDAL PA-16 1150 RPM 220,293.5
MEC003,A/C SPLIT DE 90.000 BTU 7 1/2 TON AIRE A,6281.35
MEC004,"A/C SPLIT DE 96,000 BTU-8 TON  AIRE ACON",6611.93
MEC005,A/C BALANCEO Y CARGAS (SIN MATERIAL),3.28
MEC006,A/C BASE P/INSTALACION AIRE ACONDICIONAD,18.73
MEC007,"DIFUSOR DE ALUMINIO 12"" X 12"" 4 VIAS C/C",95.91
MEC008,"DIFUSOR DE ALUMINIO 4 VIAS 8"" X 8"" C/C",67.22
MEC009,"DIFUSOR DE ALUMINIO 6"" X 6"" 3 VIAS C/CON",31.13
MEC010,"DIFUSOR DE ALUMINIO 6"" X 6"" 4 V C/C",58.41
MEC011,"DIFUSOR DE ALUMINIO C/CONTROL 4 V 12"" X ",88.17
MEC012,"DIFUSOR DE ALUMINIO 16"" X 16"" 4 V S/C",121.22
MEC013,"DIFUSOR DE ALUMINIO 3 VIAS 8"" X 8"" C/C",60.63
MEC014,"DIFUSOR DE ALUMINIO  4 VIAS 14"" X 14"" C/",99.19
MEC015,"DIFUSOR DE ALUMINIO 10"" X 10"" 4V C/C",74.95
MEC016,"DIFUSOR DE ALUMINIO 10"" X 10"" 3 V C/C",66.61
MEC017,DIFUSOR SONIDO INCENDIO 5 WATTS,33.09
MEC018,DIFUSOR SONIDO INCENDIO 50 W SIN CAJA,61.72
MEC019,"DIFUSOR DE ALUMINIO 16"" X 16"" 3 VIAS C/C",154.29
MEC020,"DIFUSOR DE ALUMINIO 12"" X 10"" 3V C/C",79.95
MEC021,"DIFUSOR DE ALUMINIO, LINEAL C/MARCO DL-A",66.14
MEC022,A/C SPLIT DE 90.000 BTU 7 1/2 TON AIRE A,6832.34
MEC023,A/C FILTRO METALICO,2.18
MEC024,MATERIALES P/COLOCACION Y BASES,0.53
MEC025,A/C MATERIALES PARA INSTALACION,12.13
MEC026,MATERIALES PARA LIMPIEZA,0.32
MEC027,"REJILLA 12"" X 12"" S/CONTROL VOL. 1 VIA",44.07
MEC028,"REJILLA 14"" X 8"" S/CONTROL DE VOLUMEN",20.91
MEC029,"REJILLA PARA DREN DE PISO EN BRONCE D=2""",9.88
MEC030,A/C AISLAMIENTO ARMAFLEX DEXT TUBERIA CO,4.05
MEC031,MODULO SONIDO 4 SECT P/CENT INCENDIO 16/,16.5
MEC032,CAJA EXPANSORA CENTRAL INCENDIO 49 A 96 ,110.19
MEC033,REJILLA CON CUPULA DREN DE PISO BRONCE D,12.13
MEC034,"REJILLA PARA DREN DE PISO-BRONCE 3""",22.02
MEC035,"REJILLA RETORNO 20"" X 18"" PORTA FILT RRF",110.19
MEC036,"REJILLA RETORNO 24"" X 12"" FIJA Y PORTA F",44.07
MEC037,"REJILLA DE PUERTA 16"" X 10"" SENC. ALUM.",47.38
MEC038,"REJILLA DE PUERTA 16"" X 8"" DOBLE ALUM.",44.07
MEC039,"REJILLA DE PUERTA 18"" X 10"" SENC. ALUM.",51.84
MEC040,"REJILLA DE PUERTA 20"" X 10"" SENC. ALUM.",59.52
MEC041,"REJILLA DE PUERTA 20"" X 8"" DOBLE ALUM.",55.1
MEC042,"REJILLA DE PUERTA DOBLE ALUM. ANOD. 10"" ",18.73
MEC043,"REJILLA  DE PUERTA DOBLE MARCO ALUM. 12""",58.41
MEC044,"REJILLA RETORNO 18"" X 12""  S/CONTROL DE ",42.94
MEC045,"REJILLA RETORNO 24""X 12"" S/CONTROL VOL",55.1
MEC046,"REJILLA RETORNO 16"" X 10 "" PORTA FILT RR",61.72
MEC047,"REJILLA RETORNO 14"" X 8"" C/CONT VOLUMEN",59.52
MEC048,"REJILLA RETORNO 24"" X 18"" C/CONT. VOL",99.2
MEC049,"REJILLA DE PUERTA 12"" X 8"" SENC. ALUMINI",20.7
MEC050,"REJILLA DE DRENAJE P/PISO EN BRONCE D=3""",21.91
MEC051,"REJILLA RETORNO/EXTRACCION 20"" X 8"" S/C ",44.07
MEC052,"REJILLA RETORNO/EXTRACCION 24"" X 18""  C/",88.17
MEC053,"REJILLA RETORNO/EXTRACCION 12 "" X 12"" AL",41.85
MEC054,REJILLA EXTRACCION ILUMINADA,66.14
MEC055,"REJILLA RETORNO/EXTRAC 16 "" X 8"" S/C POR",58.41
MEC056,"REJILLA RETORNO/EXTRACCION 20"" X 10"" S/C",76.04
MEC057,"REJILLA COMPLETA PARA DREN DE PISO D=4""",27.55
MEC058,"REJILLA PARA DREN DE PISO D=3""",14.13
MEC059,REJILLA PARA DREN DE PISO DE BRONCE DE 2,10.49
MEC060,REJILLA PROTECTORA,5.54
MEC061,"REJILLA DE PUERTA 14"" X 8"" DOBLE ALUMINI",28.62
MEC062,"REJILLA DE SUMINISTRO 24"" X 12"" S/C",51.05
MEC063,"REJILLA RETORNO 48"" X 12"" ALUM. C/C VOL",110.19
MEC064,"REJILLA RETORNO ALUM. 30"" X 18""  C/C VOL",88.17
MEC065,"REJILLA RETORNO/EXTRACCION 10"" X 6"" ALUM",22.02
MEC066,"REJILLA RETORNO/EXTRACCION 10"" X 8"" ALUM",33.09
MEC067,"REJILLA RETORNO/EXTRACCION 12"" X 8"" ALUM",50.73
MEC068,"REJILLA RETORNO/EXTRACCION 14"" X 8"" ALUM",41.85
MEC069,"REJILLA RETORNO/EXTRACCION 10"" X 6"" ALUM",17.64
MEC070,"REJILLA DE ALUMINIO RETORNO 30"" X 12"" C/",77.13
MEC071,"REJILLA RETORNO ALUMINIO 10"" X 8"" S/C",38.58
MEC072,"REJILLA RETORNO ALUMINIO 12"" X 12"" C/C",72.76
MEC073,"REJILLA RETORNO ALUMINIO 20"" X 10"" C/C",69.41
MEC074,"REJILLA SUMINISTRO  20"" X 10"" C/CONTROL ",63.93
MEC075,"REJILLA DE SUMINISTRO 14"" X 8"" C/C VOL",24.26
MEC076,A/C REMACHE PARA DUCTOS,0.11
MEC077,A/C SISTEMA DE RODAMIENTO AIRE ACONDICIO,158.7
MEC078,A/C UNIDAD DE AIRE ACONDICIONADO DE 10 T,8264.92
MEC079,A/C AIRE ACOND. COMPACTO DE 10 TON 12000,8815.9
MEC080,A/C AIRE ACOND. COMPACTO DE 4 TON 48000 ,3305.97
MEC081,VENTILADOR HONGO CENTRIFUGO HCD-8,183.75
MEC082,VENTILADOR HONGO HELIC. 800 PCM MOD.HPA-,366.98
MEC083,"VENTILADOR EXTRACTOR HELICOIDAL 6"" 1550 ",110.19
MEC084,VENTILADOR DE TECHO P/TRABAJO PESADO,132.23
MEC085,VENTILADOR HELICOIDAL PA-12 1000 PCM,182.94
MEC086,VENTILADOR HONGO HELICOIDAL 1550 RPM 350,286.54
MEC087,VENTILADOR HONGO HELICOIDAL 1550 RPM 320,219.3
MEC088,VENTILADOR HELICOIDAL 1550 RPM 600 PCM 5,127.18
MEC089,VENTILADOR HONGO HELICOIDAL 1550 RPM 650,288.72
MEC090,VENTILADOR HONGO HELICOIDAL 1750 RPM 795,370.26
MEC091,VENTILADOR HONGO HELICOIDAL 1750 RPM 155,367.63
MEC092,VENTILADOR PA-16 1/3 HP 3200 PCM,326.18
MEC093,A/C AIRE DE VENTANA 12000 BTU CARRIER O ,451.81
MEC094,A/C SPLIT DE 36.000 BTU- 3 TON AIRE ACON,2126.85
MEC095,A/C SPLIT DE 60.000 BTU-5 TON AIRE ACOND,3416.14
MEC096,A/C SPLIT DE 84000 BTU - 7 TON AIRE ACON,6611.93
MEC097,"VENTILADOR EXTRACTOR HELICOIDAL 10"" -115",170.8
MEC098,"REJILLA DE PUERTA 14"" X 12"" SENC. ALUM.",37.45
MEC099,SUPERVISOR ALTAVOZ  NORMAL SATN/SATF INC,8.81
MEC100,CENTRAL SECTORIZAD. SONIDO 12 SECT3X4 SS,231.42
MEC101,"REJILLA RETORNO/EXTRACCION 12"" X 10"" ALU",33.09
MEC102,A/C AIRE DE VENTANA 12000 BTU \,440.79
MEC103,A/C EVAPORADOR 5 TON / 60000 BTU\,3636.56
MEC104,A/C AIRE DE VENTANA 36000 BTU\,1212.18
MEC105,"VENTILADOR EXTRACTOR HELICOIDAL 8"" 1550 ",158.7
MEC224,A/C CONDENSADORA D.VER.220/3F 2.5 T YORK,1432.57
MEC225,"A/C CONDENSADORA D.VER.220/1F 1,5 T YORK",1133.96
MEC226,A/C EVAPORADORA T/GABINETE 6T YORK\,1928.5
MEC227,"A/C EVAPORADORA T/GABINETE 2,5 T YORK\",1157.1
MEC228,"A/C EVAPORADORA T/GABINET 220/1F 1,5 T Y",440.79
MEC229,"A/C COMPACTO 220/1F 7,5T YORK 0 SIM\",6611.93
MEC230,A/C COMPACTO 220/1F 7 T YORK 0 SIM\,5862.59
MEC231,ACCESORIOS P/TUBERIA DE COBRE A/C,11.02
MEC232,A/C  ARMAFLEX P/ TUBERIA DIAMETRO PEQUEÑ,2.18
MEC233,A/C BANDEJA GALV P/DRENAJE P/AIRE ACONDI,16.5
MEC234,A/C CAJA/REJA PROTECCION P/AIRE ACONDICI,13.22
MEC235,A/C CAJA GALVANIZADA PARA DIFUSOR,6.62
MEC236,"CONECTOR CURVO LIQUID TIGHT LT 1 1/2"" HE",33.09
MEC237,"CONECTOR RECTO LIQUID TIGHT LT D=1 1/2"" ",22.02
MEC238,"CONECTOR RECTO LIQUID TIGHT LT D=3/4"" HE",8.81
MZ0372,"INYECTORES (ADAPTADORES) 1/4"" NPT X 1/4""",203.87
MZ0373,IODERA DE ALTERNADOR PARA MAQUINAS/EQUIP,55.1
MZ0374,JOSTIK DE MOVIMIENTO DESDE LA CESTA (MAN,330.58
MZ0375,JOSTIK DE MOVIMIENTO EQUIPO MOVIL,385.72
MZ0376,JUNTA DE EXPANSION Y DEFLECCION P/CONDUI,275.51
MZ0377,KIT DE BIOSEGURIDAD,16.5
MZ0378,KIT DE MANTENIMIENTO PREVENTIVO,132.23
MZ0379,KIT DE MANTENIMIENTO PREVENTIVO MODELO I,44.07
MZ0380,KIT DE MANTENIMIENTO PREVENTIVO MODELO I,49.54
MZ0381,KIT DE MANTENIMIENTO PREVENTIVO MODELO I,49.54
MZ0382,KIT DE MANTENIMIENTO PREVENTIVO MODELO I,60.63
MZ0383,KIT DE MANTENIMIENTO PREVENTIVO MODELO I,110.19
MZ0384,KIT DE TIEMPO ,165.32
MZ0385,KIT LAINAS CALIBRADAS PARA AEROENFRIADOR,330.58
MZ0386,LAMINA ACERO AL CARBONO 3MM,4.97
MZ0387,LAMINA DE ALUMINIO ACAB. LISO ASTM A-167,495.91
MZ0388,LAMINA DE MADERA CONTRAENCHAPADA 3MM,11.13
MZ0389,LAMINA GALVANIZADA DE 3MM,71.65
MZ0390,LAMINA HIERRO,73.85
MZ0391,LANA MINERAL,27.55
MZ0392,"LANA MINERAL 1 1/2""",27.55
MZ0393,"LANA MINERAL 1""",27.55
MZ0394,"LANA MINERAL 2""",27.55
MZ0395,"LANA MINERAL 4""",27.55
MZ0396,LAPICES,2.18
MZ0397,LENTES DE SEGURIDAD CLAROS Y OSCUROS,4.41
MZ0398,LENTES DE SEGURIDAD CONTRA IMPACTOS,8.81
MZ0399,LENTES DE SEGURIDAD TIPO AVISPA,3.28
MZ0400,MATERIAL DE PAPELERIA LIBRETAS,1.61
MZ0401,LIGA DE FRENO PARA EQUIPO / MAQUINARIA 1,27.55
MZ0402,LIJA DE PAPEL GRANO 100 3M,2.73
MZ0403,LIJA DE PAPEL GRANO 120 3M,2.73
MZ0404,LIJA DE PAPEL GRANO 1500 3M,2.73
MZ0405,LIJA DE PAPEL GRANO 220 3M,2.73
MZ0406,LIJA DE AGUA NEGRA GRANO 400,0.9
MZ0407,PLIEGOS DE LIJAS,3.28
MZ0408,"LIJAS # 100,120,240,300",8.81
MZ0409,"LIJAS SIC GRIT 60,80,120,240,320,400,500",0.53
MZ0410,LIMPIA CONTACTOS,19.84
MZ0411,LIMPIADOR,11.02
MZ0412,LIMPIADOR DE CONTACTOS ELECTRONICO SQ,16.26
MZ0413,LIMPIEZA QUIMICA CON ACIDO ACETICO AL 10,8744.28
MZ0414,LIPESA 1540 V FLOCULANTE,7.31
MZ0415,LIPESA 216 M2V INHIBIDOR DE CORROSION,5.54
MZ0416,LIPESA 252 SV BIODISPERSANTE,2.07
MZ0417,LIPESA 257 V DISPERSANTE DE SALES,4.41
MZ0418,LIPESA 265 V INHIBIDOR METALES AMARILLOS,4.08
MZ0419,LIPESA 3514 V SECUESTRANTE OXIGENO  O2,2.61
MZ0420,LIPESA 3552 V AMINA NEUTRALIZANTE,4.41
MEC106,"A/C UNIDAD CONDENSADORA 5T-TON - 60,000 ",3305.97
MEC107,A/C AIRE ACOND. COMPACTO DE 7.5 TON 9000,9036.3
MEC108,A/C AIRE ACOND. COMPACTO DE 6 TON 72000 ,6060.94
MEC109,A/C EVAPORADORA CONSOLA  P/SPLIT 24000 B,771.4
MEC110,A/C TIPO FANCOIL /SISTEMA ENFRIAMIENTO 3,3526.39
MEC111,SISTEMA FILTRADO AGUA 800 LTS/H  \,1137.26
MEC112,SISTEMA FILTRADO AGUA 1500 LTS/H  \,1542.77
MEC113,SISTEMA FILTRADO AGUA 3000 LTS/H  \,3085.59
MEC114,A/C SPLIT DE 10 TON 120.000 BTU AIRE ACO,8011.49
MEC115,"REJILLA RETORNO/EXTRACCION 16"" X 16"" ALU",82.64
MEC116,"REJILLA RETORNO/EXTRACCION 6"" X 4"" ALUM.",22.02
MEC117,A/C AIRE DE VENTANA 24000 BTU LG O SIM\,930.03
MEC118,A/C AIRE DE VENTANA 36000 BTU FRIGILUX O,1057.9
MEC119,"VENTILADOR EXTRACTOR HELICOIDAL 12""",191.31
MEC120,"REJILLA P/EXTRACTOR HELICOIDAL 6"" X 6""",11.02
MEC121,"REJILLA PARA EXTRACTOR HELICOIDAL 8"" X 8",25.57
MEC122,"REJILLA P/EXTRACTOR HELICOIDAL 10"" X 10""",29.64
MEC123,"REJILLA P/EXTRACTOR HELICOIDAL 12""",26.45
MEC124,A/C AIRE DE VENTANA 18.000 BTU\,765.9
MEC125,"VENTILADOR CENTRIFUGO MOD.CRD-8, 1/4HP, ",221.51
MEC126,"VENTILADOR HELICOIDAL 12"" 34W-1550 RPM-1",220.4
MEC127,"VENTILADOR HONGO HELICOIDAL HKD-14,1/4 H",429.76
MEC128,"VENTILADOR HELICOIDAL 12"" 50W 1550 RPM",243.51
MEC129,"VENTILADOR HELICOIDAL MOD.KD-14  1/3 HP,",297.54
MEC130,"VENTILADOR HELICOIDAL 10"" 34 W-1500 RPM-",163.11
MEC131,"VENTILADOR HONGO HELICOIDAL 10"" 34W 1550",286.54
MEC132,"VENTILADOR HONGO HELICOIDAL 12"" 50W-1550",425.37
MEC133,"VENTILADOR HONGO HELICOIDAL HKD-14,1/3HP",462.82
MEC134,"VENTILADOR HONGO HELICOIDAL HKD-14,1/3HP",203.87
MEC135,"VENTILADOR HELICOIDAL 16"" 1/3 HP 1800 RP",380.19
MEC136,"VENTILADOR HONGO CENTRIFUGO 1/4 HP,1550 ",279.92
MEC137,VENTILADOR HONGO HELICOIDAL HPA-8 200PCM,191.76
MEC138,"CONCHA DE ANIME CILINDRICA 1M X 1""",6.62
MEC139,A/C GAS REFRIGERANTE R-22 \,28.9
MEC140,A/C GAS REFRIGERANTE FREON 134-A ECOLOGI,20.91
MEC141,VARILLA P/SOLDAR  A/C  (PLATA - COBRE 15,7.69
MEC142,TERMOSTATO 2 ETAPAS HONEYWELL O SIMILAR,117.92
MEC143,A/C BANDEJA DRENAJE C/ORIFICIO DE MANGUE,7.69
MEC144,MARCO DE HIERRO P/AIRE ACONDICIONADO VEN,19.84
MEC145,GOMA ANTIVIBRACION PARA BASES A/C ,1.61
MEC146,MATERIALES Y ACCESORIOS,0.11
MEC147,A/C SPLIT DE 180.000 BTU 15TN COMPRESOR ,15978.88
MEC148,"REJILLA RETORNO FIJA 12""X12"" RRF C/C VOL",46.29
MEC149,A/C MULTISPLIT CON 3 CONSOLAS-10000 BTU ,2754.98
MEC150,A/C MULTISPLIT CON 2 CONSOLAS-12.000 BTU,2126.85
MEC151,A/C SPLIT DE 48000 BTU - 4 TON AIRE ACON,2754.98
MEC152,CENTRAL DETECCION INCENDIO 255 ZONAS AZ-,1983.59
MEC153,A/C SPLIT DE 12.000 BTU 1 TON  AIRE ACON,617.12
MEC154,"A/C SPLIT 18000 BTU-1,5 TON AIRE ACONDIC",763.66
MEC155,A/C EVAPORADORA CONSOLA LUJO P/SPLIT 12.,440.79
MEC156,A/C SPLIT COND-EVAPORADOR LUJO 18000 BTU,903.66
MEC157,A/C EVAPORADORA CONSOLA DE LUJO P/SPLIT ,1102
MEC158,A/C  ARMAFLEX TIRA AISLANTE P/TUBERIA CO,2.42
MEC159,VENTILADOR HELICOIDAL PA-12 1150 RPM 115,192.65
MEC160,A/C SPLIT DE 24000 BTU-2 TON  AIRE ACOND,1071.13
MEC161,A/C EVAPORADORA CONSOLA DE LUJO P/SPLIT ,980.78
MEC162,"VENTILADOR EXTRACTOR AIRE P/BAÑO 8"" 1550",139.95
MEC163,"FIBRA DE VIDRIO P/DUCTOS E= 1"" REC. ALUM",6.62
MEC164,A/C COMPACTO 220/1F 4.5 T YORK O SIM\,3768.81
MEC165,A/C COMPACTO 220/1F 5T YORK 0 SIM\,4187.56
MEC166,A/C COMPACTO 220/3F 15T YORK O SIM\,14325.87
MEC167,A/C AIRE DE VENTANA 18000 BTU FRIGILUX O,716.28
MEC168,A/C AIRE DE VENTANA 24000 BTU 220V YORK ,804.43
MEC169,A/C COMPACTO 220/1F M. 3.5T YORK O SIM\,2931.29
MEC170,A/C COMPACTO 220/1F 2.5T YORK O SIM\,2093.8
MEC171,A/C COMPACTO 220/1F 2T YORK O SIM\,1675.02
MEC172,A/C COMPACTO 220/1F M. 3T YORK O SIM\,2512.53
MEC173,A/C COMPACTO 220/1F M. 4T YORK O SIM\,3746.75
MEC174,A/C COMPACTO 220/3F 5T\,4407.96
MEC175,A/C COMPACTO 220/3F M. 10T YORK O SIM\,8595.51
MEC176,A/C COMPACTO 4 TON CLIMAR O SIMILAR\,3967.18
MEC177,A/C COMPRESOR P/AIRE ACONDICIONADO 2 TON,268.9
MEC178,A/C SOPORTE/BASE PARA AIRE ACONDICIONADO,33.09
MEC179,A/C AIRE DE VENTANA 36000 BTU CARRIER O ,1322.37
MEC180,A/C SPLIT INSTALACION HASTA 24000 BTU SE,110.19
MEC181,A/C INSTALACION DE SPLIT 24000-36000 BTU,165.32
MEC182,A/C REJA SENCILLA P/PROTECCION AIRE,5.76
MEC183,LIQUIDO QUIMICO PARA LIMPIEZA A/C,5.54
MEC184,SPRAY LIMPIADOR CONTACTOS ELECTRICOS,6.62
MEC185,A/C ARMAFLEX EN TIRAS PARA TUBERIA,1.75
MEC186,"A/C FILTRO SECADOR DE CONEXION D=3/8"" \",19.84
MEC187,"A/C FILTRO SECADOR CONEXION D= 1/2"" \",24.26
MEC188,"VENTILADOR EXTRACTOR 8"" 1300 RPM 750 M3/",141.04
MEC189,"VENTILADOR EXTRACTOR 8"" 1300 RPM 750 M3/",176.32
MEC190,"VENTILADOR EXTRACTOR  10"" 1300 RPM 1250 ",230.29
MEC191,"VENTILADOR EXTRACTOR 10"" 1300 RPM 1250 M",195.03
MEC192,"A/C DUCTO FLEXIBLE D=4"" AISLADO C/FIBRA ",7.38
MEC193,A/C FILTRO SENCILLO P/AIRE ACONDICIONADO,3.28
MEC194,ZONIFICADOR AZ88 P/CENTRAL INCEN AZ255 S,46.29
MEC195,SUPERVISOR ALTAVOZ  CON TRANSF. SATN/SAT,8.81
MEC196,SUPERVISOR ALTAVOZ  CON TRANSF. SATN/SAT,8.81
MEC197,CAJA DIFUSOR SONIDO INCENDIO 30-50W D30,38.58
MEC198,CAJA DIFUSOR SONIDO INCENDIO 10W D10,38.58
MEC199,DETECTOR IONICO INCENDIO 1412 IMPORTADO ,99.2
MEC200,DETECTOR HUMO FOTOELECTRICO AFBK 2 HILOS,55.1
MEC201,DETECTOR HUMO FOTOELECTRIC/TERMICO AFBK2,42.94
MEC202,DETECTOR IONICO DE BATERIA 9V D021 INCEN,38.58
MEC203,SPRAY PARA PROBAR DETECTOR IONICO INCEND,52.86
MEC204,RELOJ DIGITAL CON HORA FECHA,93.67
MEC205,LIMPIADOR DIELECTRICO P/LIMPIEZA CONTACT,7.95
MEC206,LIMPIADOR ND290 NITROGENO P/TUBERIAS REF,8.81
MEC207,A/C ACEITE PARA COMPRESOR DE REFRIGERACI,24.26
MEC208,PERMANGANATO DE POTASIO,0.42
MEC209,FILTRO PARA MOTOR A GASOIL,25.36
MEC210,AGUA DESTILADA POR LITRO,2.72
MEC211,CORREAS PARA MOTOR,49.97
MEC212,A/C FILTRO PARA REJILLAS,8.81
MEC213,REPUESTOS MENORES PARA MANTENIMIENTO MOT,5.54
MEC214,FILTRO DE ACEITE (NACIONAL) PARA MOTOR,12.13
MEC215,MATERIALES PARA INSTALACION,0.21
MEC216,ASCENSOR 6 PERS. PAR/IMP MAX=1 M/S RECOR,15427.86
MEC217,"FIBRA DE VIDRIO (LANA) CON ALUMINIO E=1""",5.45
MEC218,"FIBRA DE VIDRIO E=1"" A/C",5.45
MEC219,"FIBRA DE VIDRIO E=1,5"" A/C",6.22
MEC220,A/C GAS REFRIGERANTE R-12 O EQUIVALENTE ,25.91
MEC221,A/C GAS REFRIGERANTE ECOLOGICO R410A \,20.91
MEC222,VENTILADOR DE 3 ASPAS INDUSTRIAL P/TECHO,117.92
MEC223,A/C CONDENSADORA D.VER.220/3F 6T YORK O ,4297.76
MEC239,"DIFUSOR DE ALUMINIO 16"" X 16"" 4 VIAS C/C",132.23
MEC240,"DIFUSOR LINEAL DE 2 1/2"" X 24""",38.22
MEC241,"DIFUSOR LINEAL DE 3"" X 20""",69.41
MEC242,"DIFUSOR LINEAL DE 3"" X 24""",80.47
MEC243,"DIFUSOR LINEAL DE 4"" X 24""",87.07
MEC244,"REJILLA LINEAL DE RETORNO DE 12"" X 4""",30.85
MEC245,"REJILLA RETORNO 14"" X 6"" S/CONT VOLUMEN",27.55
MEC246,"REJILLA DE RETORNO 16"" X 6""  ALUMINIO",29.74
MEC247,"REJILLA LINEAL DE RETORNO DE 20"" X 4""",52.91
MEC248,"REJILLA LINEAL DE RETORNO DE 20"" X 6""",60.17
MEC249,"REJILLA LINEAL DE RETORNO DE 24"" X 6""",59.52
MEC250,"DIFUSOR DE ALUMINIO 10"" X 6""",39.97
MEC251,"REJILLA LINEAL DE RETORNO DE 48"" X 6""",126.73
MEC252,"DIFUSOR LINEAL DE SUMINISTRO DE 12"" X 4""",36.34
MEC253,"DIFUSOR LINEAL DE SUMINISTRO DE 12"" X 6""",69.41
MEC254,"DIFUSOR LINEAL DE SUMINISTRO DE 14"" X 6""",46.29
MEC255,"DIFUSOR LINEAL DE SUMINISTRO DE 16"" X 6""",80.47
MEC256,"DIFUSOR LINEAL DE SUMINISTRO DE 20"" X 4""",71.65
MEC257,"DIFUSOR LINEAL DE SUMINISTRO DE 20"" X 6""",60.63
MEC258,"DIFUSOR LINEAL DE SUMINISTRO DE 24"" X 6""",102.52
MEC259,"DIFUSOR LINEAL ALUMINIO DE 36"" X 4""",93.24
MEC260,"REJILLA DE RETORNO DE 20"" X 8""",45.17
MEC261,VENTILADOR / EXTRACTOR PA-6,74.95
MEC262,A/C FILTRO REJILLA P/AIRE ACONDICIONADO ,17.64
MEC263,A/C FILTRO SECADOR P/AIRE ACONDICIONADO ,17.1
MEC264,A/C FILTRO SECADOR P/AIRE ACONDICIONADO ,13.22
MEC265,"A/C DUCTO - MANGUERA AISLADA DE 10""",10.38
MEC266,"A/C DUCTO - MANGUERA AISLADA DE 12""",13.22
MEC267,"A/C DUCTO - MANGUERA AISLADA DE 4""",6.62
MEC268,"A/C DUCTO - MANGUERA AISLADA DE 6""",8.12
MEC269,A/C PRESOSTATO DUAL DE BAJA Y ALTA PRESI,110.19
MEC270,"REJILLA RETORNO 20"" X 14""  S/CONTROL DE ",66.14
MEC271,"REJILLA RETORNO 26"" X 14""  S/CONTROL DE ",78.25
MEC272,"REJILLA RETORNO 24"" X 24""  S/CONTROL DE ",77.13
MEC273,"REJILLA RETORNO 10"" X 10""  S/CONTROL DE ",37.01
MEC274,"REJILLA RETORNO 10"" X 12""  S/CONTROL DE ",26.45
MEC275,"REJILLA RETORNO ALUMINIO 20"" X 10"" S/C",60.63
MEC276,"REJILLA RETORNO ALUMINIO 30"" X 10"" S/C",88.17
MEC277,"REJILLA RETORNO/EXTRACCION 12"" X 8"" ALUM",25.36
MEC278,"REJILLA RETORNO/EXTRACCION 14""X14"" S/C",44.07
MEC279,"REJILLA RETORNO 14"" X 8"" SIN CONT. VOLUM",36.34
MEC280,"REJILLA RETORNO 18"" X 18""  S/CONTROL DE ",49.54
MEC281,"REJILLA RETORNO ALUMINIO 30"" X 6"" S/C",58.41
MEC282,"REJILLA RETORNO/EXTRACCION 8""X8"" S/C",27.55
MEC283,"REJILLA RETORNO/EXTRACCION 8""X3"" S/C",15.28
MEC284,"REJILLA RETORNO 14"" X 6"" C/CONT VOLUMEN",30.85
MEC285,"REJILLA DE SUMINISTRO C/C DE 16"" X 6""",40.23
MEC286,"REJILLA SUMINISTRO  20"" X 8"" C/CONTROL V",48.66
MEC287,"REJILLA LINEAL DE RETORNO DE 16"" X 4""",27.55
MEC288,"REJILLA RETORNO ALUMINIO 30"" X 4"" S/C",57.34
MEC289,"REJILLA LINEAL DE RETORNO DE 22"" X 4""",30.41
MEC290,RELOJ SEMANARIO DOBLE BANCARIO,77.13
MEC291,RELOJ SEMANARIO SIMPLE BANCARIO,122.31
MEC292,RETARDADOR EN SISTEMA INCENDIO,8.81
MEC293,TERMOSTATO DIGITAL DE AMBIENTE,88.17
MEC294,TUBO ELECTRICIDAD LIQUID TIGHT LT DE 1 1,19.29
MEC295,"TUBO ELECTRICIDAD LIQUID TIGHT LT DE 1""",14.31
MEC296,"TUBO ELECTRICIDAD LIQUID TIGHT LT DE 2""",29.42
MEC297,TUBO ELECTRICIDAD LIQUID TIGHT LT DE 3/4,8.81
MEC298,"TUBO ELECTRICIDAD LIQUID TIGHT LT D=4"" H",117.92
MEC299,A/C VISOR DE LIQUIDO Y CONTROL HUMEDAD D,33.09
MEC300,A/C VISOR DE LIQUIDO CONTROL DE HUMEDAD ,30.85
MEC301,"A/C DUCTO - MANGUERA AISLADAS DE 8""",8.81
MEC302,"A/C DUCTO FLEXIBLE D=8"" SIN AISLANTE",8.81
MEC303,A/C UNIDAD MANEJADORA/UMA FAN COIL 11 TO,6611.93
MEC304,"A/C DUCTO FLEXIBLE D=8"" C/AISLANTE",11.02
MEC305,"A/C DUCTO FLEXIBLE D=4"" C/AISLANTE",6.62
MEC306,"A/C DUCTO FLEXIBLE D=4"" SIN AISLANTE",4.75
MEC307,"A/C DUCTO FLEXIBLE D=10"" SIN AISLANTE",10.38
MEC308,"A/C DUCTO FLEXIBLE D=10"" C/AISLANTE",12.13
MEC309,"TUBO H.N. SCH 40 D= 3"" FLUIDOS 11,28 K/M",67.5
MEC310,A/C AISLAMIENTO TERMICO P/TUBOS AGUA HEL,1.03
MEC311,A/C UNIDAD MANEJADORA/UMA FAN COIL 14 TO,6171.13
MEC312,"TUBO H.N. SCH 40 D= 2"" FLUIDOS 5,43 K/M",34.45
MEC313,"TUBO H.N. SCH 40 D=2 1/2"" FLUIDOS 8,62 K",51.62
MEC314,"TUBO H.N. SCH 40 D= 1 1/2"" FLUIDOS 4,05 ",24.25
MEC315,"TUBO H.N. SCH 40 D= 1 1/4"" FLUIDOS 3,38 ",20.87
MEC316,"CODO 90 H.N. SCH 40 D= 3"" FLUIDOS 2,18 K",29.74
MEC317,"CODO 90 H.N. SCH 40 D= 2 1/2"" FLUIDOS 1,",24.26
MEC318,"CODO 90 H.N. SCH 40 D= 2"" FLUIDOS 0,71 K",19.84
MEC319,"CODO 90 H.N. SCH 40 D= 1 1/4"" FLUIDOS 0,",14.31
MEC320,"TEE H.N. SCH 40 D= 3"" P/AGUA",66.14
MEC321,"TEE H.N. SCH 40 D= 2 1/2"" P/AGUA",60.63
MEC322,"TEE H.N. SCH 40 D= 2 "" P/AGUA",49.54
MEC323,"TEE H.N. SCH 40 D= 1 1/4 "" P/AGUA",25.36
MEC324,"CODO 90 H.N. SCH 40 D= 3"" FLUIDOS 2,18 K",30.85
MEC325,VALVULA MOTORIZADA ACTUADOR 2 VIAS 1 1/2,121.22
MEC326,VALVULA MOTORIZADA ACTUADOR PROPORC 2 VI,121.22
MEC327,TERMOSTATO MODULANTE PARA AGUA HELADA,132.23
MEC328,A/C AISLAMIENTO TERMICO P/TUBOS AGUA HEL,2.96
MEC329,A/C AISLAMIENTO TERMICO TUBO AG. HELADA ,2.65
MEC330,A/C AISLAMIENTO TERMICO TUBO AGUA HELADA,2.37
MEC331,A/C AISLAMIENTO TERMICO TUBO AG. HELADA ,2.18
MEC332,A/C AISLAMIENTO TERMICO TUBO AG. HELADA ,2.18
MEC333,"CONECTOR RECTO LIQUID TIGHT LT D=2"" HERM",37.45
MEC334,"CONECTOR RECTO LIQUID TIGHT LT DE 1"" HER",15.4
MEC335,"CONECTOR CURVO LIQUID TIGHT LT D=1"" HERM",22.02
MEC336,"CONECTOR CURVO LIQUID TIGHT LT D=3"" HERM",272.2
MEC337,VENTILADOR EXTRACTOR HONGO 1486 CFM 1/2 ,121.22
MEC338,TUBO ELECTRICIDAD LIQUID TIGHT LT DE 1/2,5.54
MEC339,"CONECTOR CURVO LIQUID TIGHT D=1/2"" HERME",7.69
MEC340,"CONECTOR RECTO LIQUID TIGHT D=1/2"" HERME",7.69
MEC341,"CONECTOR CURVO LIQUID TIGHT LT D=2"" HERM",57.34
MEC342,A/C AISLAMIENTO ARMAFLEX DEXT TUBERIA CO,3.69
MEC343,MINI BOMBA CONDENSADO P/DESCARGA SPLIT P,104.68
MEC344,ASCENSOR 4 PERSONAS PAR/IMP MAX=1 M/S R=,14105.45
MEC345,A/C GAS REFRIGERANTE FREON 11-R11 P/FRIG,18.73
MEC346,"TUBO ELECTRICIDAD LIQUID TIGHT LT DE 3""",85.53
MEC347,ALTAVOZ  CONICO,77.13
MEC348,FORMULA MECANICA EN SPRAY / ACEITE LUBRI,5.54
MEC349,"CONECTOR CURVO LIQUID TIGHT LT D=3/4"" HE",13.22
MEC350,"CONECTOR RECTO LIQUID TIGHT LT D=4"" HERM",242.42
MEC351,"CONECTOR RECTO LIQUID TIGHT LT D=3"" HERM",125.62
MEC352,"CONECTOR CURVO LIQUID TIGHT LT D=4"" HERM",330.58
MEC353,A/C DUCTO ACERO GALVANIZADO CALIBRE 18 A,4.41
MEC354,"TUBO H.N. SCH 40 D= 1"" FUIDOS 2,5 K/M",16.34
MEC355,"TUBO H.N. SCH 40 D= 5"" FLUIDOS 21,76 K/M",130.2
MEC356,"CODO 90 H.N. SCH 40 D= 1"" FLUIDOS 0,16 K",12.13
MEC357,"CODO 90 H.N. SCH 40 D= 1 1/2"" FLUIDOS 0,",14.31
MEC358,"CODO 90 H.N. SCH 40 D= 4""  FLUIDOS 4,16 ",50.95
MEC359,"DIFUSOR DE ALUMINIO 12"" X  8"" 4V C/C",71.45
MEC360,"DIFUSOR DE ALUMINIO ANODIZADO 40"" X 4""",106.56
MEC361,"CONCHA AISLANTE ANIME  3/4""X 1M E=1"" A/C",3.28
MEC362,"REJILLA RETORNO 10"" X 10""  C/CONTROL DE ",44.07
MEC363,"REJILLA RETORNO/EXTRACCION 16"" X 12"" ALU",41.85
MEC364,"DIFUSOR DE ALUMINIO 16"" X 12"" C/C",127.88
MEC365,"REJILLA RETORNO 24"" X 44""",133.35
MEC366,"REJILLA RETORNO/EXTRACCION 8""X4"" S/C",20.91
MEC367,"CONCHA AISLANTE ANIME  1""X 1M E=1"" A/C",5.54
MEC368,"CONCHA AISLANTE ANIME  2""X 1M E=1"" A/C",8.81
MEC369,"CONCHA AISLANTE ANIME  3""X 1M E=1"" A/C",13.22
MEC370,"CONCHA AISLANTE ANIME  4""X 1M E=1"" A/C",15.4
MEC371,"CONCHA AISLANTE ANIME  6""X 1M E=1"" A/C",19.84
MEC372,FIBRA DE VIDRIO BARRERA VAPOR E=50MM REC,5.03
MEC373,"A/C ARMAFLEX EN LAMINAS E= 1/2""",24.26
MEC374,"MARCO, TOLVA Y TAPA P/BAJANTE DUCTO BASU",77.13
MEC375,"DUCTO BASURA POR PISO HASTA H=2,6 M",613.8
MEC376,A/C AISLAMIENTO ARMAFLEX DEXT TUBERIA CO,1.83
MEC377,A/C AISLAMIENTO ARMAFLEX DEXT TUBERIA CO,2.29
MEC378,A/C AISLAMIENTO ARMAFLEX DEXT TUBERIA CO,2.42
MEC379,A/C AISLAMIENTO ARMAFLEX DEXT TUBERIA CO,2.92
MEC380,A/C AISLAMIENTO ARMAFLEX DEXT TUBERIA CO,2.98
MEC381,A/C AISLAMIENTO ARMAFLEX DEXT TUBERIA CO,4.08
MEC382,"CODO TUBO COBRE 90 P/SOLDAR DNOMI 3/8"" D",1.58
MEC383,"CODO TUBO COBRE 90 P/SOLDAR DNOMI 1/2"" D",2.36
MEC384,"CODO TUBO COBRE 90 P/SOLDAR DNOMI 5/8"" D",5.37
MEC385,"CODO TUBO COBRE 90 P/SOLDAR DNOMI 3/4"" D",8.22
MEC386,"CODO TUBO COBRE 90 P/SOLDAR DNOMI 1"" DEX",11.63
MEC387,"CODO TUBO COBRE 90 P/SOLD DNOMI 1 1/4"" D",16.33
MEC388,"CODO TUBO COBRE 90 P/SOLDAR DNOMI 1/4"" D",2.51
MEC389,"CODO TUBO COBRE 90 P/SOLD DNOMI 1 1/2"" D",25.51
MEC390,"CODO TUBO COBRE 90 P/SOLD DNOMINAL 2"" DE",48.45
MEC391,"CODO TUBERIA COBRE 45 SOLDAR DNOMI 1/4"" ",1.29
MEC392,"CODO TUBO COBRE 45 P/SOLDAR DNOMI 1/2"" D",1.75
MEC393,"CODO TUBO COBRE 45 P/SOLDAR DNOMI 5/8"" D",5.49
MEC394,"CODO TUBO COBRE 45 P/SOLDAR DNOMI 3/4"" D",8.22
MEC395,"CODO TUBO COBRE 45 P/SOLDAR DNOMI 3/4"" D",7.86
MEC396,"CODO TUBO COBRE 45 P/SOLDAR DNOMI 1"" DEX",8.87
MEC397,"CODO TUBO COBRE 45 P/SOLD DNOMI 1 1/4"" D",14.31
MEC398,"CODO TUBO COBRE 45 P/SOLD DNOMI 1 1/2"" D",19.84
MEC399,"CODO TUBO COBRE 45 P/SOLD DNOMINAL 2"" DE",34.21
MEC400,"CODO TUBO COBRE 45 P/SOLDAR DNOMI 3/8"" D",1.58
MEC401,"TUBO H.N. SCH 40 D= 4"" FLUIDOS 16,06 K/M",96.09
MEC402,"ANILLO TUBO COBRE P/SOLDAR DNOMI 3/8"" DE",1.29
MEC403,"ANILLO TUBERIA COBRE P/SOLDAR DNOMI 1/4""",1.08
MEC404,"ANILLO TUBO COBRE P/SOLDAR DNOMI 1/2"" DE",1.5
MEC405,"ANILLO TUBO COBRE P/SOLDAR DNOMI 5/8"" DE",2.97
MEC406,"ANILLO TUBO COBRE P/SOLDAR DNOMI 3/4"" DE",3.99
MEC407,"ANILLO TUBO COBRE P/SOLDAR DNOMI 1"" DEXT",4.86
MEC408,"ANILLO TUBO COBRE SOLDAR DNOMI 1 1/4"" DE",7.5
MEC409,"ANILLO TUBO COBRE SOLDAR DNOMI 1 1/2"" DE",10.59
MEC410,"TEE TUBO DE COBRE P/SOLDAR DNOMI 1/4"" DE",1.07
MEC411,"TEE TUBO DE COBRE SOLDAR DNOMI 1 1/2"" DE",19.37
MEC412,"TEE TUBO DE COBRE P/SOLDAR DNOMI 3/8"" DE",2.18
MEC413,"TEE TUBO DE COBRE P/SOLDAR DNOMI 1/2"" DE",2.83
MEC414,"TEE TUBO DE COBRE P/SOLDAR DNOMI 5/8"" DE",3.83
MEC415,"TEE TUBO DE COBRE P/SOLDAR DNOMI 3/4"" DE",7.69
MEC416,"TEE TUBO DE COBRE P/SOLDAR DNOMI  1"" DEX",9.5
MEC417,"TEE TUBO DE COBRE SOLDAR DNOMI 1 1/4"" DE",13.63
MEC418,"TEE TUBO DE COBRE SOLDAR DNOMI 1 1/2"" DE",19.37
MEC419,"TUBO H.N. SCH 40 D= 6"" FLUIDOS 28,23 K/M",168.92
MEC420,"TUBO H.N. SCH 40 D= 8"" FLUIDOS 38,02 K/M",227.51
MEC421,"TUBO H.N. SCH 40 D= 10"" FLUIDOS 60,24 K/",360.47
MEC422,"TUBO H.N. SCH 40 D= 12"" FLUIDOS 79,66 K/",476.68
MEC423,"TUBO H.N. SCH 40 D= 14"" FLUIDOS 94,31 K/",564.36
MEC424,"TUBO H.N. SCH 40 D= 3/4"" FLUIDOS 1,682 K",10.08
MEC425,"TUBO H.N. SCH 40 D= 1/2"" FLUIDOS 1,265 K",7.94
MEC426,"CODO 90 H.N. SCH 40 D= 5""  FLUIDOS 6,85 ",77.13
MEC427,"CODO 90 H.N. SCH 40 D= 6""  FLUIDOS 10,87",108
MEC428,"CODO 90 H.N. SCH 40 D= 8""  FLUIDOS 21,52",198.38
MEC429,"CODO 90 H.N. SCH 40 D= 10""  FLUIDOS 38,6",242.42
MEC430,"CODO 90 H.N. SCH 40 D= 3/4 "" FLUIDOS O,0",6.62
MEC431,"CODO 90 H.N. SCH 40 D= 1/2 "" FLUIDOS O,0",5.54
MEC432,"TEE H.N. SCH 40 D= 4 "" P/AGUA",108
MEC433,"TEE H.N. SCH 40 D= 1 1/2 "" P/AGUA",27.55
MEC434,"TEE H.N. SCH 40 D= 6 "" P/AGUA",174.12
MEC435,"TEE H.N. SCH 40 D= 10 "" P/AGUA",330.58
MEC436,A/C COMPRESOR 220V 3 TON\,661.2
MEC437,FILTRO SECADOR PARA A/C 10 TON \,33.09
MEC438,A/C COMPRESOR 220V 1 TON\,239.14
MEC439,"A/C COMPRESOR 1,5 TON 220V \",275.51
MEC440,A/C COMPRESOR 5 TON\,991.78
MEC441,A/C COMPRESOR 2 TON RESIPROCANTE \,385.72
MEC442,A/C COMPRESOR 220V 2 TON\,275.51
MEC443,A/C ACEITE REFRIGERACION P/COMPRESOR \,89.26
MEC444,A/C ACEITE P/COMPRESOR REFRIGERACION R-1,88.17
MEC445,CORREA B55 P/TRANSMISION BLOWER EVAPORAC,16.6
MEC446,CORREA TIPO B77 PARA UNIDADES A/C \,18.41
MEC447,FILTRO SECADOR PARA A/C 5 TON \,24.26
MEC448,"FILTRO SECADOR PARA A/C 2,5 A 3 TON \",13.22
MEC449,"FILTRO SECADOR PARA A/C 7,5 TON \",27.55
MEC450,"FILTRO SECADOR PARA A/C 1,5 A 2 TON \",12.13
MEC451,A/C FLAPPERS DE ALTA PARA COMPRESOR\,33.09
MEC452,A/C FLAPPERS DE BAJA PARA COMPRESOR\,35.23
MEC453,A/C MOTOR P/VENTILADOR 3/4 HP 1075 RPM 2,154.29
MEC454,A/C PRESOSTATO LINEA DE BAJA Y ALTA PRES,126.73
MEC455,A/C LIQUIDO BAÑO QUIMICO CQ,9.46
MEC456,A/C LIQUIDO DESINCRUSTANTE QUIMICO,5.32
MEC457,LIQUIDO QUIMICO NIVELADOR DE PH,0.11
MEC458,LIQUIDO QUIMICO INHIBIDOR DE HUMEDAD,0.21
MEC459,PROTECTOR ELECTRICO 3 FASES EQUIPOS A/C,27.55
MEC460,RELE/RELAY EQUIPOS A/C 220/24 V,9.88
MEC461,SUPERVISOR ELECTRICO DE 2 FASES 220V,15.4
MEC462,SUPERVISOR ELECTRICO DE 3 FASES 220V,22.02
MEC463,TEMPORIZADOR DE ARRANQUE EQUIPO A/C,16.79
MEC464,A/C VALVULA EXPANSION C/EQUALIZADOR PARA,77.13
MEC465,"A/C VALVULA DE SERVICIO P/ D= 3/8""",9.88
MEC466,A/C VALVULA DE SERVICIO CARGA REFRIGERAN,7.69
MEC467,"A/C VALVULA DE SERVICIO P/ D= 1/2""",12.13
MEC468,"A/C VALVULA DE SERVICIO P/ D= 3/4""",33.09
MEC469,"A/C VALVULA DE SERVICIO P/ D= 1/4""",8.81
MEC470,"A/C VALVULA DE SERVICIO P/ D= 5/8""",18.73
MEC471,"A/C COMPRESOR 7,5 TON\",1652.99
MEC472,A/C COMPRESOR 10 TON 3 FASES \,2424.36
MEC473,TRANSFORMADOR DE VOLTAJE DE 220 X 24 V D,7.69
MEC474,A/C FILTRO SECADOR CERAMICO D48 \,38.99
MEC475,KIT DE SELLOS DE ACEITE P/BOMBAS,94.77
MEC476,"A/C FILTRO DE RETORNO MALLA ALUMINIO 24""",192.86
MEC477,"A/C FILTRO DE RETORNO MALLA ALUMINIO 24""",200.56
MEC478,"A/C MALLA  ALUMINIO 40""X64""X5/8"" P/ADAPT",154.29
MEC479,FLOTANTE ELECTRICO REGUL. NIVEL FLYGT EN,66.14
MEC480,LIQUIDO P/LIMPIAR CONDENSADOR-EVAPORADOR,4.41
MEC481,LIQUIDO P/LIMPIAR CONDENSADOR-EVAPORADOR,17.64
MEC482,LIQUIDO JABONOSO PARA DETECCION DE FUGAS,3.28
MEC483,FILTRO DE ACEITE P/ EQUIPO AIRE ACONDICI,19.84
MEC484,"ASPA CW 20"" BUJE 1/2"" P/CONDENSADORA A/C",63.93
MEC485,FILTRO SECADOR PARA A/C 15 TON \,38.58
MEC486,A/C VALVULA EXPANSION PARA 10 TR \,165.32
MEC487,EMBOBINADO ESTATOR MOTOR ELECTRICO 10HP ,385.72
MEC488,"A/C FILTRO SECADOR DE CONEXION D=5/8"" \",38.58
MEC489,A/C  GAS REFRIGERANTE R422D/MO29 (SUSTIT,28.62
MEC490,A/C GAS REFRIGERANTE \,24.26
MEC491,"A/C FILTRO HEPA 99,99% P/QUIROFANO 24X24",41.85
MEC492,"A/C FILTRO HEPA 99,99% P/QUIROFANO 20X20",26.45
MEC493,"ANILLO TUBO COBRE P/SOLDAR DNOMI 2"" DEXT",12.38
MEC494,A/C SPLIT DE 12.000 BTU C/INVERTER Y WIF,1652.99
MEC495,A/C FILTRO ALERGENO P/AIRE ACONDICIONADO,27.01
MEC496,"CONECTOR RECTO LIQUID TIGHT 1/2"" NO HERM",3.87
MEC497,"CONECTOR RECTO LIQUID TIGHT LT 3/4"" NO H",6.29
MEC498,"CONECTOR CURVO LIQUID TIGHT LT 2"" NO HER",48.45
MEC499,"CONECTOR CURVO LIQUID TIGHT LT 3/4"" NO H",11.02
MEC500,"CONECTOR CURVO LIQUID TIGHT 1/2"" NO HERM",6.62
MEC501,"REJILLA DE PUERTA 10"" X 8"" SENC. ALUMINI",24.26
MEC502,"REJILLA DE PUERTA 10"" X 6"" SENC. ALUMINI",18.73
MEC503,"REJILLA RETORNO 24""X 12"" C/CONTROL VOL",78.25
MEC504,"REJILLA RETORNO/EXTRACCION 12""X12""ALET F",41.85
MEC505,"REJILLA RETORNO/EXTRAC 16"" X 8"" S/C",47.38
MEC506,"DIFUSOR LINEAL DE 10"" X 10"" 4 VIAS",50.73
MEC507,A/C FILTRO PARA AIRE ACONDICIONADO,11.02
MEC508,VENTILADOR-EXT AXIAL 10-6 10W 1550RPM 67,121.22
MEC509,VENTILADOR-EXT AXIAL 8-6 10W 1500RPM 385,110.19
MEC510,VENTILADOR-EXT AXIAL16-3 10W 1800RPM 230,548.78
MEC511,"VENTILADOR-EXT AXIAL12"" 1100RPM 990PCM 1",181.83
MEC512,VENTILADOR-EXT AXIAL16-4T 10W 1800RPM 17,374.69
MEC513,VENTILADOR-EXT AXIAL 6-6 1500RPM 149PCM1,88.17
MEC514,VENTILADOR HONGO 8-6 1500 RPM 200 PCM 11,189.55
MEC515,"VENTILADOR HONGO 14"" 1800 RPM 796 PCM 11",362.55
MEC516,"VENTILADOR HONGO 14"" 1800 RPM 1449 PCM 1",484.88
MEC517,"VENTILADOR HONGO 12"" 1100 RPM 350 PCM 11",284.32
MEC518,"VENTILADOR HONGO 12"" 1500 RPM 764 PCM 11",335
MEC519,"A/C SPLIT DE 9000 BTU- 0,75TON  AIRE ACO",407.74
MEC520,TUBO H.N. SCH 40,6.31
MEC521,"VENTILADOR HONGO AXIAL 14"" 1/3HP 1800RPM",501.41
MEC522,VENTILADOR HONGO AXIAL 16 3-1/3HP 1800RP,573.04
MEC523,"VENTILADOR HONGO AXIAL 12"" 1/15HP 1100RP",661.2
MEC524,VENTILADOR HONGO AXIAL 10 6- 1500 RPM 10,551.02
MEC525,VENTILADOR-EXT AXIAL16-4T 1/2HP 1800RPM ,330.58
MEC526,A/C MULTISPLIT CON 3 CONSOLAS-12000 BTU ,2093.8
MEC527,CORREA INDUSTRIAL A42 PARA MOTOR,18.73
MEC528,CORREA INDUSTRIAL A41 PARA MOTOR,9.88
MEC529,EXTRACTOR EOLICO P/DUCTO DE BASURA 600MM,220.4
MEC530,"A/C VALVULA GUSANILLO DE SERVICIO, SOLDA",11.02
MEC531,EXTRACTOR EOLICO P/DUCTO DE BASURA 250MM,137.72
MEC532,LAMINA POLIURETANO PITRE P3 2 X1.2 M DUC,52.91
MEC533,LAMINA POLIURETANO PITRE P3 DUCTO E= 20 ,22.02
MEC534,"A/C DUCTO FLEXIBLE D=6"" SIN AISLANTE",7.69
MEC535,"A/C DUCTO FLEXIBLE D=5"" SIN AISLANTE",7.69
MEC536,A/C ACEITE REFRIGERACION COMPRESOR NEVER,82.64
MEC537,"A/C MALLA  ALUMINIO E=1/4"" P/ADAPTAR FIL",77.13
MEC538,"FILTRO C/MALLA  ALUMINIO 1/4"" C/MARCO 1""",121.22
MEC539,TRAJE Y MASCARA P/DETECCION GASES PELIGR,253.48
MEC540,DIFUSOR ALUMINIO CON CONTROL C/C,936.68
MEC541,DIFUSOR ALUMINIO SIN CONTROL S/C,914.66
MEC542,"VENTILADOR HONGO 12"" 1500 RPM 34W 115V 3",284.32
MEC543,"VENTILADOR AXIAL HELICOIDAL 10""- 670 PCM",176.32
MEC544,"A/C VALVULA DE SERVICIO P/ D= 1""",88.17
MEC545,MATERIALES P/INSTALACION SPLIT 10 A 15 T,1090.99
MEC546,A/C GAS REFRIGERANTE 134 DE 750 GRS,21.58
MEC547,A/C GAS REFRIGERANTE 134 DE 500 GRS,14.41
MEC548,A/C FANCOIL EVAPORADOR DE 36000 BTU P/AI,1102
MEC549,A/C AIRE ACOND. COMPACTO DE 5 TRF ECONOM,3967.18
MEC550,A/C EQUIPO TIPO FANCOIL GAS R-410A 5 TRF,3085.59
MEC551,A/C T/GABINETE Y CONDENSADORA 10TR 220V,12672.91
MEC552,A/C SPLIT GABINETE 10 TR Y 2 CONSOLAS 5T,9532.19
MEC553,"A/C DUCTO FLEXIBLE D=12"" SIN AISLANTE",10.81
MEC554,A/C AIRE ACOND. COMPACTO DE 8 TON 96000 ,9168.56
MEC555,A/C WALL-MOUNTED 2TR-24.000 BTU GAS ECOL,1652.99
MEC556,A/C WALL-MOUNTED 3TR-36.000 BTU GAS ECOL,2314.17
MEC557,A/C WALL-MOUNTED 2TR-24.000 BTU AMB MARI,1708.09
MEC558,A/C WALL-MOUNTED 3TR-36.000 BTU AMB MARI,2424.36
MEC559,"REJILLA RETORNO/EXTRACCION 20""X12""  S/C ",55.1
MEC560,"REJILLA RETORNO/EXTRACCION 28""X8"" C/C VO",88.17
MEC561,"REJILLA RETORNO/EXTRACCION 28""X14"" S/C V",77.13
MEC562,CAJA DE PROTECCION CON LLAVE,13.22
MEC563,"SIFON PVC 3/4"" P/AIRE ACONDICIONADO FABR",5.54
MEC564,"VENTILADOR Ø=16"" MOTOR SELLADO 1550 RPM ",363.67
MEC565,"TEE H.N. SCH 40 D= 1"" ASTM",24.26
MEC566,MANGUERA RIGIDA CONEXION AGENTE LIMPIO C,82.64
MEC567,"DIFUSOR ALUMINIO 8"" X 8"" CUADRADO P/TECH",49.54
MEC568,TOBERA DE DESCARGA HORIZONTAL UL/FM,49.54
MEC569,"DIFUSOR ALUMINIO 6"" X 6"" CUADRADO P/TECH",38.58
MEC571,A/C ACEITE PARA COMPRESOR,25.36
MEC600,BASE Y SOPORTE PARA INSTALACION,33.09
MEC601,A/C SPLIT ECOLOGICO 15 TON 120-208/230 V,19835.82
MEC602,ACOPLANTE P/MANT. EN INTERCAMBIADOR DE C,11.02
MEC603,ADAPTADOR M25-M X NPT-H. TAMAÑO: M25 X 3,60.63
MET001,PERFIL DE ALUMINIO,3.69
MET002,ANGULO DE ALUMINIO CIELO RASO SUSPENSION,1.5
MET003,BARANDA /DEFENSA ACERO GALV. VIALIDAD Y ,44.11
MET004,DEFENSA FLEX BEAM BARANDA ACERO (SIN BRO,52.87
MET005,PLACA ALUMINIO CON SOPORTE Y PUENTE,0.26
MET006,PLACA DE ALUMINIO INT/TC,0.23
MET007,TORNILLO DE BRONCE,1.08
MET008,"PERFIL DE ALUMINIO DE 3"" X 1""",0.53
MET009,"TUBO ESTRUCTURAL DE ALUMINIO 2""",2.72
MET010,"PERFIL DE ALUMINIO DE 3"" X 1 3/4""",0.74
MET011,"DEFENSA ACERO FLEX BEAM M180 C-12 L=3,81",167.61
MET012,"POSTE 6"" ACERO GALVANIZADO DEFENSA FLEX ",53.92
MET013,ALETA ACERO TERMINAL DEFENSA FLEX BEAM C,36.34
MET014,DEFENSA ACERO CURVA FLEX BEAM CAL 12 GAL,51.98
MET015,"DEFENSA ACERO FLEX BEAM C-12/3,81M GALV ",167.76
MET016,PERFIL ALUMINIO PRINCIPAL CIELO RASO T-1,12.69
MET017,PERFIL ALUMINIO SECUNDARIO CIELO RASO T-,1.97
MET018,PERFIL ALUMINIO TERCIARIO CIELO RASO T-2,1.08
MET019,PERFIL ALUMINIO BORDE P/CIELO RASO L-12',5.54
MET020,REMACHE,0.11
MET021,"TORNILLO DE BRONCE CON TUERCA D= 1/4""",2.18
MET022,DEFENSA ACERO FLEX BEAM RECTA C-12 GALV ,41.85
MET023,PERFIL ALUMINIO SECUNDARIO CIELO RASO PI,0.97
MET024,ANGULO ALUMINIO P/CIELO RASO BLANCO IMPO,4.41
MET026,ANGULO ALUMINIO CIELO RASO 19 X19 MM E=1,1.18
MT0001,POSTE METALICO HEXAGONAL CANCHA L= 9 MT ,385.72
MT0002,REDUCCION PVC ACUED E-JA 160 X 110 MM A.,60.63
MT0003,SUMINISTRO ELECTRICO KVA,0.11
MT0004,CONSUMO ELECTRICIDAD KV-HR,0.1
MT1000,"ARCO FUTBOLITO 2"" CON MALLA (CANCHA/PARQ",1090.99
MT1001,MALLA VOLEY BALL (CANCHA/PARQUE),187.34
MT1002,"VALVULA TIPO FLOTANTE DE BRONCE D = 3/4""",19.29
MT1017,"BASE COMPLETA  5/8"" X 3/4"" P/MEDIDOR CON",23.12
MT1031,"HIDRANTE P/INCENDIO BRIDADO 4""",440.79
MT1032,"HIDRANTE P/INCENDIO DE POSTE BRIDA 6"" NA",1110.78
MT1034,"CODO TUBO DE CONCRETO 45º, D= 25 CM (10""",17.64
MT1035,"CODO TUBO DE CONCRETO 45º, D= 20 CM (8"")",11.02
MT1036,"CORTE DE YEE TUBO DE CONCRETO D = 8""",9.88
MT1037,"CORTE TEE TUBO CONCRETO D = 6""",8.22
MT1079,"VALVULA TIPO FLOTANTE DE BRONCE D = 2""",109.09
MT108,BALDOSA DE VINYL E=3.2 MM /PISOS,18.73
MT109,BALDOSA VINYL TIPO BROCATEL 30X30 E=1.6M,12.13
MT1094,"TUBO DE CONCRETO J.M. D = 0,50 M (21"") C",121.22
MT1095,"TUBO DE CONCRETO J.M. D = 0,60 M (24"") C",175.77
MT110,"CAJA DE PASO/DERIVACION PA 10"" X 8"" X 6""",39.67
MT1106,LAMINA ALUMINIO ACANALADA STUCCO E=0.5 M,12.18
MT1107,LAMINA ALUMINIO ACANALADA STUCCO E=0.6 M,14.54
MT111,RODAPIE DE VINYL RESIDENCIAL H=10 CM,3.28
MT1125,"CAJA DE PASO/DERIVACION PA 6"" X 6"" X 6""",18.41
MT115,PANELA ARCILLA VITRIFICADA 25X25 CMS,17.64
MT1154,TEJA DE CONCRETO COLOR ROJO,7.69
MT1156,CUMBRERA PARA TEJAS DE CONCRETO (3 PZA/M,2.72
MT1159,"TEE  HF 3"" C/CAMPANA",42.94
MT116,CANTO RODADO P/REVESTIMIENTO SCO X 15 KG,13.22
MT1168,"MEDIDOR DE AGUA D= 20 MM - 3/4""",93.67
MT117,FLEJE PLASTICO E =  5 MM P/PISO,1.08
MT1170,"MEDIDOR DE AGUAS CLARAS M-25 D = 1""",153.2
MT1173,"LLAVE DE INCORPORACION H-15000 D= 1/2"" I",11.66
MT1174,"LLAVE DE INCORPORACION H-15000 D= 3/4"" I",20.99
MT1175,"LLAVE DE INCORPORACION H-15000 D = 1""  I",37.01
MT1179,CONEXION TUBO DE COBRE- HG HEMBRA H-1545,4.75
MT1180,CONEXION TUBO DE COBRE - HG HEMBRA H-154,6.94
MT1181,CONEXION TUBO DE COBRE - HG HEMBRA H-154,10.49
MT1184,"BASE COMPLETA 1""  P/MEDIDOR CONSUMO DE A",23.12
MT1189,CAJA INTERAMERICANA TIPO F-1 C/SALIDA D=,5.54
MT1193,"ABRAZADERA EMT DOBLE D = 1/2""",0.42
MT1195,"ABRAZADERA EMT DOBLE D = 1""",1.4
MT1197,"ABRAZADERA EMT DOBLE D = 2""",4.41
MT120,PIEDRA P/PULIR (JUEGO DE 3 PIEDRAS) GRAN,22.02
MT1202,"VALVULA CHECK  1-1/4""  CON FILTRO (MARAC",71.65
MT1203,"VALVULA CHECK 2-1/2"" CON FILTRO (MARACA)",143.23
MT1204,"VALVULA CHECK 3"" CON FILTRO (MARACA)",319.57
MT1207,LLAVE/ VALVULA DE PASO TIPO BOLA/ESFERIC,254.57
MT1208,LLAVE/VALVULA DE PASO TIPO BOLA/ESFERICA,316.26
MT1212,"TUBO DE CONCRETO J.M. D = 0,50 M (21"") C",111.29
MT1215,"TUBO DE CONCRETO J.M. D = 0,90 M (36"") C",328.39
MT1227,"VALVULA REDUCTORA D/PRESION 3"" C/BRIDA",5884.64
MT123,PUERTA METALICA ENTAMBORADA CAL 18 C/REL,220.4
MT124,PUERTA METALICA LAMINA LISA Y TUBO DE 3 ,29.74
MT125,PUERTA METALICA DE ROMANILLA Y PERFILES ,26.45
MT126,REJA DE TUBULARES DE HIERRO,16.5
MT1264,DISPENSADOR BASCULANTE DE JABON LIQUIDO,60.63
MT1283,"ANGULO ACERO 25 X 25 MM X 3 MM 1,11 K/M",4.3
MT1285,"ANGULO ACERO 30 X30 MMX3 MM 1,36 KG/M",3.65
MT130,MARCO DE MADERA  E=15 CMS P/PUERTA,20.91
MT1303,"LAMINA P/TECHO MILTEJA O SIM  AU=0,72 MT",18.49
MT1309,JABONERA METALICA P/ATORNILLAR,9.88
MT131,MARCO DE MADERA  E=20 CMS P/PUERTA,23.12
MT1314,"TUBO DE ACERO RECTAN 2""X1"" L=6M 1.1MM 1,",33.09
MT1318,"LLAVE BRONCE CHORRO P/MANGUERA 1/2"" X 3/",14.31
MT1319,"LLAVE CROMADA CHORRO P/MANGUERA 1/2"" X 3",14.85
MT132,MARCO DE MADERA  E=10 CMS P/PUERTA,18.73
MT1320,"PLIEGO DE LIJA 9 X 11"" GRANO MARCA 80 3-",2.72
MT1321,"PLIEGO DE LIJA 9 X 11"" GRANO 150 MARCA 3",3.07
MT1322,"PLIEGO DE LIJA 9 X 11"" GRANO 280 MARCA 3",3.28
MT1330,LAMINA BASE P/IMPERMEABILIZACION TECHO M,1.08
MT135,"BENTONITA (1 SCO 22,68 KG X M3 - 4 USOS)",44.07
MT1361,GANCHO SENCILLO METALICO CROMADO ATORNIL,0.74
MT1362,GANCHO DOBLE METALICO CROMADO ATORNILLAB,2.39
MT1368,PASTA PROFESIONAL/ MASTIQUE,15.4
MT137,VENTANA DE HIERRO CON ANGULOS,16.5
MT1378,DUCHA TIPO TELEFONO C/LLAVE ARRESTO BROM,50.73
MT138,VENTANA DE TUBERIA HIERRO BATIENTE SIN V,34.99
MT1384,BOCA LLAVE HF TIPO BC-2 D= 80-100 MM NRO,171.94
MT1390,TORNILLO AUTORROSC. P/LAMINA C/ARANDELAS,0.3
MT1394,"TUBO DE CONCRETO J.G. D = 0,30 M (12"") C",132.23
MT1396,"TUBO DE CONCRETO J.G. D = 0,45 M (18"") C",237.56
MT142,VIDRIO PLANO E= 3 MM,67.31
MT143,VIDRIO PLANO E= 4 MM,79.48
MT1437,PUENTE P/INTERRUPTOR-TOMACORRIENTE COMBI,2.18
MT144,VIDRIO PLANO E= 5 MM,101.38
MT1459,"ARANDELA GALVANIZADA D= 1/2""  PLANA",0.2
MT146,VIDRIO PLANO BRONCE E= 5 MM,99.2
MT147,VIDRIO PLANO BRONCE E= 6 MM,134.62
MT1475,TEFLON (ROLLO = 10 MTS),2.18
MT1528,CODO PVC ACUED JA-JA 45 GRADOS D = 75 MM,38.58
MT1529,CODO PVC ACUED JA-JA 45 GRADOS D = 110 M,57.34
MT1530,CODO PVC ACUED JA-JA 45 GRADOS D = 160 M,132.23
MT1532,CODO PVC ACUED JA-JA 90 GRADOS D = 75 MM,41.85
MT1533,CODO PVC ACUED JA-JA 90 GRADOS D = 110 M,71.65
MT1534,CODO PVC ACUEDUCTO JA-JA 90 GRADOS D=160,190.66
MT1540,REDUCCION PVC ACUEDUCTO E-JA 110 X 75 MM,39.67
MT1542,REDUCCION PVC ACUEDUCTO E-JA 200 X 160 M,203.87
MT1544,TAPON A.B. MACHO PVC ACUED D = 75 MM A.B,4.51
MT1545,TAPON A.B. MACHO PVC ACUEDUCTO D = 110 M,31.53
MT1553,CHAPILLA DE MADERA PARDILLO 0.19 X 2.60,2.84
MT1556,CABLE SOLIDO COBRE NRO.4 AWG 188 KG/KM,28.62
MT1561,PUERTA DE ALUMINIO BLANCO BATIENTE SIN V,67.78
MT1567,"TUBO PVC ELECTRICIDAD D=2"" RIGIDO",6.83
MT1568,"TUBO PVC ELECTRICIDAD D= 3"" RIGIDO LIVIA",12.95
MT1569,"TUBO PVC ELECTRICIDAD D=4"" RIGIDO",16.6
MT1571,TUBO COBRE RIGIDO TIPO L DIAM NOMINAL=1/,13.08
MT1572,TUBO COBRE RIGIDO TIPO K DIAM NOMINAL =1,38.59
MT1577,"TUBO EMT D = 3""  - ACERO A.G. -GALV",28.31
MT1578,"TUBO EMT D = 4"" ACERO GALVANIZADO A.G.",40.59
MT1580,LIMPIADOR PAVCO P/TUBERIA PVC (ENV. 760 ,2.51
MT1591,"TUBO CONDUIT D=1/2"" RMC ACERO GALVANIZAD",8.2
MT1595,"TUBO CONDUIT D=2"" RMC ACERO GALVANIZADO/",34.72
MT1597,"TUBO CONDUIT D=3"" RMC ACERO GALVANIZADO/",72.11
MT1598,"TUBO CONDUIT D=4"" RMC ACERO GALVANIZADO/",105.7
MT1602,CAJA TRONCOCONICA P/MEDIDOR D=500X320X30,86.54
MT1604,LAMINA ESTRIADA DE ACERO 1.00 X 2.40 MTS,3.41
MT164,MASTIQUE/ MASILLA PARA VIDRIOS,16.5
MT1645,PINTURA SELLADOR NITRO P/MADERA,69.41
MT1647,"VALVULA CHECK D = 1 1/4""",69.41
MT1649,VALVULA TIPO FLOTANTE DE BRONCE D = 2 1/,132.23
MT1650,"VALVULA TIPO FLOTANTE DE BRONCE D = 3""",170.8
MT1693,"REJILLA CROMADA D=2"" DREN DE PISO FP O S",13.81
MT1696,"CORREDERA GUIA P/PUERTAS, REJAS METALICA",1.29
MT1697,"PLETINA DE ACERO 3/4"" X  3/16"" (0,71 KG/",3.07
MT1698,"PLETINA DE ACERO 3/4"" X 1/8""  (0,475 KG/",3.07
MT1707,"PUERTA DE MADERA MACIZA ROBLE/CAOBA 2,10",96.98
MT173,"BISAGRA DE HIERRO 3"" X 3"", E= 2MM TIPO B",6.84
MT1732,"TUBO PERFORADO DE CONCRETO 8"" (20 CM) 15",27.01
MT1734,VIAJE CAMION FERRY PLC-MARGARITA-PLC HAS,551.02
MT1736,LAMINA DE ACERO ESTRUCTURAL A-36 E=25MM ,2.84
MT175,BISAGRA DE HIERRO 21 CM TIPO VAIVEN DE P,85.45
MT1753,PINTURA TRAFICO BLANCA SIN PERLAS,264.48
MT1755,PINTURA TRAFICO AMARILLA SIN PERLAS MONT,275.51
MT176,INTERRUPTOR 1213 DOMINO 1 VIA,5.54
MT1768,"TUBO DE CONCRETO J.M. D = 0,80 M (33"") C",342.66
MT177,INTERRUPTOR TIPO DOMINO 3 VIAS SENCILLO,6.62
MT1770,"TUBO DE CONCRETO J.M. D = 1,05 M (42"") C",335
MT1772,"TUBO DE CONCRETO J.M. D = 1,35 M (54"") C",991.78
MT1773,"TUBO DE CONCRETO J.M. D = 1,50 M (60"") C",1293.36
MT1774,"TUBO DE CONCRETO J.M. D = 1,65 M (66"") C",1548.09
MT1775,"TUBO DE CONCRETO J.M. D = 1,80 M (72"") C",2099.99
MT1777,"TUBO DE CONCRETO J.M. D = 2,40 M (96"") C",2670.88
MT1778,"TUBO DE CONCRETO J.M. D = 2,70 M (108"") ",2644.77
MT1779,"TUBO DE CONCRETO J.G. D = 0,50 M (21"") C",198.38
MT1780,"TUBO DE CONCRETO J.G. D = 0,60 M (24"") C",396.1
MT1782,"TUBO DE CONCRETO J.G. D = 0,70 M (27"") C",353.59
MT1784,"TUBO DE CONCRETO J.G. D = 0,75 M (30"") C",330.58
MT1786,"TUBO DE CONCRETO J.G. D = 0,80 M (33"") C",759.85
MT1788,"TUBO DE CONCRETO J.G. D = 0,90 M (36"") C",885.35
MT1790,"TUBO DE CONCRETO J.G. D = 1,05 M (42"") C",1225.17
MT1792,"TUBO DE CONCRETO J.G. D = 1,20 M (48"") C",1745.79
MT1796,"TUBO DE CONCRETO J.G. D = 1,50 M (60"") C",2311.04
MT1798,"TUBO DE CONCRETO J.G. D = 1,65 M (66"") C",3070.83
MT1800,"TUBO DE CONCRETO J.G. D = 1,80 M (72"") C",3194.38
MT1802,"TUBO DE CONCRETO J.G. D = 2,10 M (84"") C",2572.93
MT1804,"TUBO DE CONCRETO J.G. D = 2,40 M (96"") C",3290.93
MT1806,"TUBO DE CONCRETO J.G. D = 2,70 M (108"") ",3538.49
MT1808,"REJA ACERO P/SUMIDERO 1,5X0,90 M P=290KG",3.28
MT1812,"TAPON DE REGISTRO BRONCE D=2"" A.N.",7.69
MT1823,LANA / LANILLA DE ACERO Nº  3 DE 160 GRS,3.28
MT1832,ACACIA PLANTA (ARBUSTO PEQUEÑO) EN BOLSA,9.88
MT1833,JAZMIN FALCON (PLANTA-ARBUSTO) <1M,5.54
MT1834,FAJINA MADERA LARGO=1.80 M P/TALUDES,0.16
MT1835,"APAMATE PEQUEÑO/PLANTA-ARBUSTO <0,5M",22.02
MT1836,CAOBA ARBOL (PLANTA - ARBUSTO) < 1M,16.5
MT1839,VENTANA BASCULANTE PERFIL HIERRO C/VIDRI,16.79
MT1853,PALMA-PALMERA ARECA MEDIANA (ARBUSTO) <1,16.5
MT1854,CROTO JARDINERIA (PLANTA-ARBUSTO 1M),11.02
MT1855,PLANTA/ARBUSTO DE CAYENA (ORNAMENTAL),4.41
MT1856,ENDURECEDOR KEMOX H-100 25 KG/SCO,1.34
MT1857,"GRAMA LENGUA DE VACA 1,5 M2/SACO",5.54
MT1858,ROSA/FLOR DE BERBERIA / PLANTA-ARBUSTO,4.41
MT1859,NARANJILLO / JARDINERIA (PLANTA-ARBUSTO),3.28
MT186,TABLERO RESIDENCIAL 4 CIRCUITOS/ 4C+1F,24.26
MT1863,"LAMINA ACERO L=2.40 X 1,20 MTS E=6MM",2.61
MT187,TABLERO RESIDENCIAL 20 CIRCUITOS 2F+ 20C,253.48
MT188,TABLERO RESIDENCIAL 8 CIRCUITOS 2F+ 8C/B,99.2
MT1884,"TUBO PVC A.N. D=8"" (200 MM) 3 M NORMA E=",41.85
MT1886,"CABEZOTE/COPA DE ENTRADA D=2"" EMT",22.02
MT1889,ANILLO ELASTOMERO D= 160 MM PAVCO P/JTA ,0.85
MT1890,ANILLO ELASTOMERO D= 200 MM PAVCO P/JTA ,0.97
MT1898,"CLAVOS D/ACERO P/PISTOLA D/FIJACION L=1""",0.36
MT190,TABLERO RESIDENCIAL 12 CIRCUITOS BIEMCA ,71.65
MT1907,"PERFIL ACERO ELECTROSOLDADO VP 160MM 16,",2.61
MT1908,TUBO DE ACERO RECTANG. 120 X 60MM E=2.50,3.22
MT1923,GRASA FIBROSA,10.6
MT1924,GRASA VEGETAL O ANIMAL,0.97
MT1940,EXTENSION C/ENCHUFE P/CALENTADOR,12.13
MT1948,SUBE Y BAJA 1 UNID. 2 PUESTOS (PARQUE),1013.85
MT1949,TOBOGAN RECTO L= 3 M  PARQUE LINEA ECONO,1090.99
MT1950,COLUMPIO DE 1 CUERPO 2 ASIENTOS  (PARQUE,991.78
MT1951,BANCO DE CONCRETO SIN ESPALDAR D=2.0X0.5,66.14
MT1957,BANCO C/ESPALDAR EST. METALICA ASIENTO M,418.76
MT1975,PERNOS DE ANCLAJE DE ACERO SAE-1020,11.02
MT1976,PERNOS DE ANCLAJE DE ACERO SAE-1040,10.6
MT1980,"CONECTOR P/BARRA COBRE COPPERWELD 5/8""- ",9.56
MT1981,CAJA ALUMBRADO 2X60 VACIA SIN CELULA FOT,60.63
MT1995,TEE PVC ACUED JTA UNISAFE C-C-C  D= 75 X,51.84
MT1996,TEE PVC ACUED JTA UNISAFE C-C-C  D=110 X,94.11
MT1997,TEE PVC ACUED JUNTA UNISAFE C-C-C  D=160,121.22
MT1998,TEE RED PVC ACUED JTA UNISAFE C-C-C D=11,84.19
MT1999,TEE RED PVC ACUED J. UNISAFE C-C-C D=160,122.31
MT200,"UNION UNIVERSAL HG D = 1 1/4""",22.02
MT2000,CODO 45º  PVC ACUEDUCTO C-E D= 75 MM A.B,30.85
MT2001,CODO 45º PVC ACUEDUCTO C-E D=110 MM A.B.,55.1
MT2002,CODO 45º  PVC ACUEDUCTO C-E D= 160 MM A.,165.32
MT2003,CODO 90 GRDS PVC ACUEDUCTO C-E  D= 75MM ,37.45
MT2004,CODO 90 GRDS PVC ACUEDUCTO C-E  D=110MM ,62.82
MT2005,CODO 90 GRDS PVC ACUEDUCTO C-E  D=160MM ,195.03
MT2009,ABRAZADERA SIMPLE TOMA A.B. PVC D= 75 X ,12.69
MT2010,ABRAZADERA SIMPLE TOMA A.B. PVC D= 75 X ,13.76
MT2011,ABRAZADERA SIMPLE TOMA A.B. PVC D=110 X ,15.4
MT2012,ABRAZADERA SIMPLE TOMA A.B. PVC D=110 X ,17.64
MT2013,ADAPTADOR EXTREMIDAD PVC-HF E-BB D= 75MM,20.91
MT2014,ADAPTADOR EXTREMIDAD PVC-HF E-BB D=110MM,27.55
MT2018,"TUBO PVC ALCANT E- C JTA MEC D=6""/160MM ",28.48
MT2019,"TUBO PVC ALCANT E -C JTA MEC D=8""/200MM ",46.66
MT202,TOMACORRIENTE UNIVERSAL DOBLE,4.41
MT2020,"TUBO PVC ALCANT E- C JTA MEC D=10""/250 E",55.82
MT2026,ARENA SILICE SECA PARA SAND BLASTING #,66.14
MT2027,KILOVATIO-HORA /SERVICIO PROVISIONAL,0.11
MT204,TOMACORRIENTE AMERICANO DOBLE,9.88
MT2049,"TUBO PVC A.B. D= 1/2"" PRESION AGUA FRIA ",2.18
MT205,TOMACORRIENTE 2 FASES 15A 125V,7.27
MT2050,"TUBO PVC A.B. D=3/4"" E-E PRESION AGUA FR",4.34
MT2051,"TUBO PVC A.B. D=1""  E-E PRESION AGUA FRI",7.69
MT206,TOMACORRIENTE 3 FASES 50A 250V EAGLE O S,8.81
MT207,PLACA ALUMINIO BTICINO (CIEGA/1/2/3 HUEC,5.54
MT2079,"CODO 90  PVC ASTM D=1/2"" PRESION AGUA FR",1.29
MT208,PLACA PLASTICA INT.-T/C (CIEGA/1/2/3 HUE,0.53
MT2080,"CODO 90 PVC ASTM D= 3/4"" PRESION AGUA FR",2.18
MT2081,"CODO 90º  PVC ASTM D= 1"" PRESION AGUA FR",2.34
MT2089,"TEE PVC ASTM D=1/2"" PRESION AGUA FRIA A.",0.8
MT2090,"TEE PVC ASTM D=3/4"" PRESION AGUA FRIA A.",1.61
MT2091,"TEE PVC ASTM D=1"" PRESION AGUA FRIA A.B.",1.31
MT2133,GEOMEMBRANA IMPERMEABLE,4.41
MT2161,EMPACADURA PLANA DE GOMA PARA D = 110 MM,0.53
MT2162,EMPACADURA PLANA DE GOMA PARA D =  75 MM,0.21
MT2163,EMPACADURA PLANA DE GOMA PARA D = 160 MM,1.29
MT2167,VALVULA/LLAVE DE COMPUERTA BB D=80 MM,132.23
MT2168,VALVULA DE COMPUERTA BB D=100 MM VASTAGO,176.32
MT2169,VALVULA DE COMPUERTA BB D=150 MM VASTAGO,220.4
MT22,BLOQUE ARCILLA PLATABANDA 15X20X40 8/M2 ,0.64
MT23,BLOQUE ARCILLA PLATABANDA 20X20X40 8/M2 ,0.87
MT230,"TUBO EMT D =  1/2"" ACERO GALVANIZADO A.G",3.66
MT231,"TUBO EMT D= 3/4"" ACERO GALVANIZADO A.G.",6.18
MT232,"TUBO EMT D = 1"" ACERO GALVANIZADO A.G.",8.12
MT233,"TUBO EMT D = 1 1/2"" ACERO GALV. A.G.",13.27
MT234,"TUBO EMT D = 2"" ACERO GALVANIZADO A.G.",17.64
MT239,"TUBO CONDUIT D=2"" ACERO IMC LIVIANO E= 2",24.26
MT24,BLOQUE ARCILLA PLATABANDA 25X20X40 8/M2 ,0.8
MT241,"TUBO CONDUIT D=3"" ACERO IMC LIVIANO COVE",50.69
MT242,"TUBO CONDUIT D= 4"" ACERO IMC LIVIANO COV",58.69
MT243,"TUBO PVC ELECTRICIDAD D = 1/2"" RIGIDO",1.4
MT244,"TUBO PVC ELECTRICIDAD D=3/4"" RIGIDO",2
MT245,"TUBO PVC ELECTRICIDAD D=1"" RIGIDO",2.72
MT246,"TUBO PVC ELECTRICIDAD D=1 1/2"" RIGIDO LI",4.08
MT247,"TUBO PVC A.N. D=2"" REFORZADO E= 3,2 MM",8.22
MT248,"TUBO PVC A.N. D=3"" TIPO REFORZADO (E= 3,",12.86
MT249,"TUBO PVC A.N. D=4"" REFORZADO E= 3,2 MM",19.85
MT25,BLOQUE ARCILLA PLATABANDA 30X20X40 8/M2 ,0.82
MT250,"CONECTOR EMT D = 1/2""",1.34
MT251,"CONECTOR EMT D = 3/4""",1.61
MT252,"CONECTOR EMT D = 1"" ELECTRICIDAD",3.65
MT259,"ANILLO EMT D=2""",10.49
MT272,CIERRAPUERTA RIOBI 03 C/RETEN P/PUERTA=1,49.54
MT275,"BUSHING CONDUIT D= 1/2""  (COMPLETO) GALV",0.9
MT276,"BUSHING CONDUIT D=  3/4""  (COMPLETO) GAL",1.08
MT277,"BUSHING CONDUIT D= 1"" (COMPLETO) GALVANI",1.08
MT278,"BUSHING CONDUIT D= 1-1/2"" (COMPLETO) GAL",2.39
MT279,"BUSHING CONDUIT D= 2"" (COMPLETO) GALVANI",2.72
MT280,"CONECTOR EMT D = 3""",13.22
MT281,"BUSHING CONDUIT D= 3"" (COMPLETO) GALVANI",3.76
MT282,"BUSHING CONDUIT D= 4""  (COMPLETO) GALVAN",9.62
MT288,GANCHO P/LAMINA TECHO C/ARANDELA ASFALTI,1.18
MT290,"ANILLO CONDUIT METALICO D= 4"" GALVANIZAD",40.77
MT299,"CURVA PVC ELECTRICIDAD D = 1/2""",1.18
MT300,"CURVA PVC ELECTRICIDAD D = 3/4""",1.83
MT3003,TERMINAL PARA CONDUCTOR/CABLE,0.37
MT3004,"CABLE TW 16 AWG COBRE - 0,02 KG/M",0.53
MT3005,NITROGENO (CONTENIDO BOMBONA DE 15 KGS),60.63
MT3006,A/C GAS REFRIGERANTE FREON R12  CILIN 6 ,275.51
MT301,"CURVA PVC ELECTRICIDAD D = 1""",2.66
MT302,"CURVA PVC ELECTRICIDAD D = 1 1/2""",4.41
MT3029,"RAMPLUG PLASTICO 5/16"" COLOR AZUL",0.14
MT303,"CURVA PVC ELECTRICIDAD D = 2""",4.97
MT3032,"CESTA GAVION 1,5X1X1 GALV DOBLE TORSION ",41.85
MT3033,"CESTA GAVION 1,5X1X1 GALV PLASTIF. DOBLE",36.34
MT3034,CESTA GAVION 2 X 1X 1M GALV DOBLE TORSIO,83.74
MT3035,CESTA GAVION 2X1X1 GALV PLASTIF. DOBLE T,44.07
MT3036,"CESTA GAVION 2X1X0,5 GALV DOBLE TORSION ",36.34
MT3037,"CESTA GAVION 2X1X0,5 GALV PLASTIF. DOBLE",33.09
MT3038,ESCAMA PREFABABRICADA DE CONCRETO ARMADO,44.07
MT304,"CURVA PVC ELECTRICIDAD D= 3""",17.64
MT3040,BARRA PLASTICA PVC. DIAM 20 MM,0.74
MT3041,JUNTA HORIZONTAL NEOPRENE DE 10X10X2CM T,3.28
MT3042,JUNTA VERTICAL ESPUMA POLIURETANO SEC.4X,2.37
MT3043,ANCLAJE DE ACERO GALVANIZADO TIERRA ARMA,1.08
MT3044,"TORNILLOS ALTA RES. GALV.ROSCA 5 D=1/2"" ",0.42
MT3045,EMPALMES ACERO P/UNIR PLETINA TIERRA ARM,0.7
MT3046,PLETINA ESTRIADA GALVAN. EN CALIENTE 50M,1.97
MT3048,LAMINA ACRILICO PUNTA DIAMANTE TRANSP. D,10.49
MT305,"CURVA PVC ELECTRICIDAD D = 4""",30.29
MT3062,"POSTE METALICO L=27' -8,23M EC=116KG 4 1",256.55
MT3063,"POSTE METALICO L=27' -8,23 M EC=178KG 5 ",396.97
MT3064,"POSTE METALICO L=30'-9,14 M EC=159K 5 1/",388.55
MT3065,"POSTE METALICO L=30'-9,14 M EC=266 KG 6 ",547.81
MT3066,POSTE METALICO L=35' -10.67M-EC=223K 6 5,529.23
MT3067,POSTE METALICO L=35' -10.67M-EC=327K 7-5,716.71
MT3068,"POSTE METALICO L=37' - 11,28 M - EC=211 ",663.66
MT3069,"POSTE METALICO L=37'-11,28 M 7-5 1/2-4 1",687.81
MT3070,POSTE METALICO L=40' 12.2M- EC=282K 7-5 ,694.65
MT3071,"POSTE METAL. L=40'-12,2M EC=437K 8 5/8-6",1049.79
MT3072,ABRAZADERA DE 3 TORNILLOS/TUERCA 10.16-1,4.97
MT3073,ALAMBRE GALVANIZADO REDONDO ACERO P/ATAR,0.74
MT3074,PERCHA DE 5 AISLADORES CON AISLADORES A.,66.14
MT3075,ABRAZADERA DE 3 TORNILLOS/TUERCA 12.70-1,5.08
MT3076,ALAMBRE REDONDO GALVANIZADO P/ATAR Nº6,0.74
MT3077,ABRAZADERA DE 3 TORNILLOS/TUERCA 7.62-8.,4.41
MT3078,ABRAZADERA DE 4 TORNILLOS/TUERCA 10.16-1,6.62
MT3079,CONECTOR UW-25R P/  ARVIDAL Nº 2 AL 2/0,2.51
MT3080,CONECTOR YCA P/ CALIBRES Nº 2 AL 2/0 AWG,6.62
MT3081,ASIENTO P/PERCHA A.T- ACERO GALV. DE 7.6,2.18
MT3082,"PERNO DE UN OJO 5/8"" X 2-3/8""",8.22
MT3083,ABRAZADERA DE 4 TORNILLOS/TUERCA 12.70-1,6.62
MT3086,PERCHA DE 4 AISLADORES CON AISLADORES A.,36.34
MT3087,PERCHA DE 2 AISLADORES CON AISLADORES A.,15.4
MT3088,"FLEJE DE ACERO 1/2"" INOXIDABLE P/PISO",2.18
MT3089,"HEBILLA DE ACERO P/FLEJE 1/2"" P/ATAR-EMB",0.74
MT3090,CONECTOR EMPALME (MANGUITO) 1/0 YDS-25RL,1.08
MT3091,CONECTOR EMPALME (MANGUITO) 2/0 YDS-26RL,1.86
MT3092,CONECTOR EMPALME (MANGUITO) 4/0 YDS-28RL,2.63
MT3093,CONECTOR EMPALME (MANGUITO) Nº  2 YDS-2R,0.85
MT3094,CONECTOR A COMPRESION CA NO 2/0,4.3
MT3095,CRUCETA DE HIERRO 75 X 75 X 8 MM L= 1.80,88.17
MT3096,"PLETINA ACERO HG 6,35MM X 25,4MM L=1M 1,",5.54
MT3097,"TORNILLO MAQUINA 3/8"" X 1-1/2",1.08
MT3098,ADAPTADOR P/CRUCETA A POSTE EN HG 3-1/2X,16.5
MT3100,SECCIONADOR MONOPOLAR 15KV 600 AMP,113.49
MT3102,PARARRAYO 15 KV COPPERWELD A.T.,195.03
MT3105,"CONECTOR TORNILLO ""U"" KS-20 BIMETALICO 8",6.07
MT3107,"GUAYA DE ACERO D= 3/8"" (9,53 MM) 0,36 KG",5.32
MT3108,PROTECTOR TUBULAR DE VIENTO/TENSOR POSTE,11.02
MT3109,"BARRA DE ACERO P/ANCLAJE UN OJO 5/8"" X 6",3.57
MT3110,CASQUILLO PARA GUAYA DE ACERO,5.54
MT3115,"CONECTOR TORNILLO ""U"" KS-26 BIMETALICO 2",14.31
MT3116,ABRAZADERA SOPORTE TRANSFORMADOR CON TOR,26.45
MT3117,TRANSFORMADOR MONOF. ACEITE 5 KVA 13.8/1,903.66
MT3118,TRANSFORMADOR MONOF. ACEITE 10 KVA 13.8/,991.78
MT3119,TRANSFORMADOR MONOF. ACEITE 15 KVA 13.8/,1410.55
MT3120,TRANSFORMADOR MONOF. ACEITE 25 KVA 13.8/,2093.8
MT3121,TRANSFORMADOR MONOF. ACEITE 37.5 KVA 13.,2231.52
MT3122,TRANSFORMADOR MONOF. ACEITE 50 KVA 13.8/,2347.21
MT3123,TRANSFORMADOR MONOF. ACEITE 75 KVA 13.8/,4543.5
MT3124,TRANSFORMADOR MONOF. ACEITE 100 KVA 13.8,3967.18
MT3125,TRANSFORMADOR MONOF. ACEITE 167 KVA 13.8,5289.56
MT3142,"TORNILLO DE 1 1/2"" X 3"" LARGO CON CABEZA",0.35
MT317,"ABRAZADERA COLGANTE D = 2""",5.76
MT318,"ABRAZADERA COLGANTE D = 3""",8.81
MT319,"ABRAZADERA COLGANTE D = 4""",13.43
MT320,"CAJA CONDULET TIPO LB/LL/LR, D= 1/2"" TAP",10.49
MT321,"CAJA CONDULET TIPO LB/LL/LR, D=3/4"" TAPA",11.66
MT322,"CAJA CONDULET TIPO LB/LL/LR, D= 1"" TAPA ",17.64
MT3222,BATERIA 6 V - 7 AMP PARA LAMPARA EMERGEN,22.02
MT3227,CENTRAL DETECCION INCENDIO 2  ZONAS S/AL,495.91
MT3228,CENTRAL DETECCION INCENDIO 4 ZONAS S/ALT,429.76
MT3229,CENTRAL DETECCION INCENDIO 8 ZONAS S/ALT,489.3
MT323,"CAJA CONDULET TIPO LB/LL/LR, D= 2"" TAPA ",44.07
MT3230,CENTRAL DETECCION INCENDIO 16 ZONAS CON ,1124.04
MT3231,MODULO ZONAS P/CENTRAL INCENDIO 8 ZONAS,44.07
MT3232,CENTRAL DETECCION INCENDIO 32 ZONAS C/AL,1322.37
MT3233,CENTRAL DETECCION INCENDIO 48 ZONAS C/AL,1652.99
MT3234,DETECTOR IONICO INCENDIO 1800S SOVICA IN,38.58
MT3235,DETECTOR IONICO INCENDIO 1400A SOVICA 2 ,35.23
MT3236,DETECTOR TERMICO 135º F INCENDIO,44.07
MT3237,DETECTOR TERMICO INCENDIO 135 ºF 601-S S,57.34
MT3238,DETECTOR TERMICO FIJO 135 ºF SOV 502 INC,47.38
MT3239,DETECTOR TERMICO FIJO 200 ºF SOV 604 INC,58.41
MT324,"CAJA CONDULET TIPO LB/LL/LR, D= 3"" TAPA ",142.16
MT3240,DETECTOR DE HUMO / IONICO INCENDIO,36.34
MT3241,DIFUSOR SONIDO INCENDIO 10W-8 OHM CAJA P,38.58
MT3242,DIFUSOR SONIDO INCENDIO 10W-8 OHM CAJA M,38.58
MT3243,ESTACION MANUAL INCENDIO DOBLE ACC C/LLA,33.09
MT3244,DIFUSOR SONIDO INCENDIO CONICO 30W-8 OHM,49.54
MT325,"CAJA CONDULET TIPO LB/LL/LR, D= 4"" TAPA ",179.64
MT3252,EXTINTOR POLVO QUIMICO SECO TIPO ABC 20 ,110.19
MT3253,GANCHO PARA COLGAR EN PARED EXTINTOR 15-,11.02
MT3254,GANCHO PARA COLGAR EN PARED EXTINTOR,4.41
MT3255,EXTINTOR DE CO2 TIPO BC 5 LBS,253.48
MT3256,EXTINTOR POLVO QUIMICO SECO PQS TIPO ABC,77.13
MT3257,EXTINTOR DE CO2 TIPO BC 10 LBS,379.08
MT3258,EXTINTOR DE CO2 TIPO BC 15 LBS,479.36
MT3259,EXTINTOR DE CO2 TIPO BC 20 LBS,700.88
MT326,"CAJA CONDULET TIPO T, D = 1/2"" INC. TAPA",11.55
MT3264,TUBO PVC A.B. D=200 MM TIPO E-JA PRESION,157.93
MT3265,TUBO PVC A.B. D=250 MM TIPO E-JA PRESION,226.67
MT3266,ANILLO ELASTOMERO D= 250 MM PAVCO P/JTA ,1.29
MT3267,TUBO PVC A.B. D=315 MM TIPO E-JA PRESION,359.83
MT3268,ANILLO ELASTOMERO D= 315 MM PAVCO P/JTA ,1.61
MT327,"CAJA CONDULET TIPO T, D =  3/4"" INC. TAP",18.09
MT328,"CAJA CONDULET TIPO T, D = 1"" INC. TAPA Y",15.73
MT3283,BRIDA LOCA PVC PAVCO O SIMILAR D= 75 MM,9.88
MT3284,BRIDA LOCA PVC PAVCO O SIMILAR D= 110 MM,16.5
MT3285,BRIDA LOCA PVC PAVCO O SIMILAR D= 160 MM,40.77
MT3286,"TUBO PEAD 10MM (3/8"") N5 (150 L/PG2) ROL",0.56
MT3288,TUBO PEAD 13MM N4 (90 L/PG2),0.32
MT3289,TUBO PEAD 13MM N5 (150 L/PG2) ROLL 100,0.42
MT329,"CAJA CONDULET TIPO T, D = 2"" INC. TAPA Y",36.34
MT3291,TUBO PEAD 20MM N4 90 L/PG2),1.18
MT3292,TUBO PEAD 20MM N5 (150 L/PG2) ROLL 100,1.4
MT3294,"TUBO PEAD 25MM (3/4"") 90 LB/PG2 ROLLO 10",1.31
MT3295,"TUBO PEAD 25MM (3/4"") 150 L/PG2",1.56
MT3297,TUBO PEAD 32 MM N4 (90 L/PG2) ROLLO,2.72
MT3298,TUBO PEAD 32 MM N5 (150L/PG2) ROLLO,2.84
MT330,"CAJA CONDULET TIPO T, D = 3"" INC. TAPA Y",141.26
MT3300,"TUBO PEAD 40MM (1 1/4"") 90 L/PG2",3.16
MT3301,"TUBO PEAD 40MM (1 1/4"") 150 L/PG2",4.2
MT3303,"TUBO PEAD 50MM (1 1/2"") N4 (90 L/PG2) RO",4.93
MT3304,"TUBO PEAD 50MM (1 1/2"") N5 150 L/PG2",5.54
MT3306,"TUBO PEAD 75MM (3"") 90 L/PG2- SDR 26",13.22
MT3307,"TUBO PEAD 75MM (3"") 150 L/PG2 SDR 11",11.76
MT331,"CAJA CONDULET TIPO T, D = 4"" INC. TAPA Y",206.63
MT3312,"TUBO PEAD 110MM (4"") 90 L/PG2",17.1
MT3313,"TUBO PEAD 110MM (4"") 150 L/PG2",18.73
MT3314,UNION RAPIDA PEAD 16 MM,2.89
MT3315,UNION RAPIDA PEAD 20 MM,3.28
MT3316,UNION RAPIDA PEAD 25 MM,4.72
MT3317,UNION RAPIDA PEAD 32 MM,4.97
MT3318,UNION RAPIDA PEAD 40 MM,4.97
MT3319,UNION RAPIDA PEAD 50 MM,11.02
MT332,"CAJETIN RECTANGULAR MET. 4"" X 2"" (SAL.1/",2.18
MT3320,UNION RAPIDA PEAD 63 MM,12.13
MT3321,UNION RAPIDA PEAD 75 MM,15.28
MT3322,UNION RAPIDA PEAD 90 MM,24.26
MT3323,UNION RAPIDA PEAD 110 MM,27.55
MT333,"CAJETIN CUADRADO DE  4"" X 4"" (SALIDAS 1/",0.53
MT3333,UNION RAPIDA REDUCIDA PEAD 50 MM X 25 MM,9.88
MT3339,UNION RAPIDA REDUCIDA PEAD 75 MM X 40 MM,13.76
MT334,"CAJETIN CUADRADO DE  5"" X 5"" X (SALIDA 1",1.18
MT3343,UNION RAPIDA REDUCIDA PEAD 90 MM X 63 MM,28.62
MT3346,UNION RAPIDA REDUCIDA PEAD 110 MM X 75 M,24.26
MT3348,TEE RAPIDA PEAD 16 MM,3.28
MT3349,TEE RAPIDA PEAD 20 MM,4.41
MT335,"CAJA DE PASO/DERIVACION PA 8"" X 6"" X 4""",22.02
MT3350,TEE RAPIDA PEAD 25 MM,5.54
MT3351,TEE RAPIDA PEAD 32 MM,11.02
MT3352,TEE RAPIDA PEAD 40 MM,13.22
MT3353,TEE RAPIDA PEAD 50 MM,14.31
MT3354,TEE RAPIDA PEAD 63 MM,22.02
MT3355,TEE RAPIDA PEAD 75 MM,22.02
MT3356,TEE RAPIDA PEAD 90 MM,47.38
MT3357,TEE RAPIDA PEAD 110 MM,88.17
MT3358,CODO RAPIDO PEAD 16 MM,2.18
MT3359,CODO RAPIDO PEAD 20 MM,2.39
MT336,"CAJA DE PASO/DERIVACION PA 10"" X 10"" X 4",33.09
MT3360,CODO RAPIDO PEAD 25 MM,4.23
MT3361,CODO RAPIDO PEAD 32 MM,5.54
MT3362,CODO RAPIDO PEAD 40 MM,5.54
MT3363,CODO RAPIDO PEAD 50 MM,7.15
MT3364,CODO RAPIDO PEAD 63 MM,17.64
MT3365,CODO RAPIDO PEAD 75 MM,14.31
MT3366,CODO RAPIDO PEAD 90 MM,23.92
MT3367,CODO RAPIDO PEAD 110 MM,31.95
MT3368,"ADAPTADOR RAPIDO MACHO PEAD 16 MM X 1/2""",2.89
MT337,"CAJA DE PASO/DERIVACION PA 12"" X 12"" X 6",40.77
MT3371,"ADAPTADOR RAPIDO MACHO PEAD 20 MM X 3/4""",2.18
MT3372,"ADAPTADOR RAPIDO MACHO PEAD 25 MM X 3/4""",4.18
MT3373,"ADAPTADOR RAPIDO MACHO PEAD 32 MM X 1""",5.86
MT3376,"ADAPTADOR RAPIDO MACHO PEAD 63 MM X 2""",8.81
MT3377,ADAPTADOR RAPIDO MACHO PEAD 75 MM X 2 1/,10.7
MT3378,"ADAPTADOR RAPIDO MACHO PEAD 90 MM X 3""",14.31
MT3379,"ADAPTADOR RAPIDO MACHO PEAD 110 MM X 4""",17.64
MT3380,ADAPTADOR RAPIDO HEMBRA PEAD 20 MM X 1/2,3.1
MT3381,ADAPTADOR RAPIDO HEMBRA PEAD 25 MM X 1/2,3.55
MT3385,ADAPTADOR RAPIDO HEMBRA PEAD 50 MM X 3/4,4.97
MT3394,ADAPTADOR RAPIDO HEMBRA PEAD 75 MM X 1 1,7.48
MT3398,ADAPTADOR RAPIDO HEMBRA PEAD 90 MM X 2 1,11.55
MT3399,"ADAPTADOR RAPIDO HEMBRA PEAD 110 MM X 2""",16.5
MT340,"CAJETIN OCTOGONAL MET. DE 4"" (SAL. 3/4"" ",3.17
MT3402,"ABRAZADERA SENCILLA PEAD 20 MM X 1/2""",3.07
MT3406,"ABRAZADERA SENCILLA PEAD 32 MM X 3/4""",5.54
MT3409,"ABRAZADERA SENCILLA PEAD 40 MM X 1""",7.69
MT3416,"ABRAZADERA SENCILLA PEAD 63 MM X 1 1/4""",11.02
MT3424,"ABRAZADERA SENCILLA PEAD 90 MM X 1/2""",14.31
MT3434,"ABRAZADERA SENCILLA PEAD 110 MM X 1 1/2""",16.5
MT3435,"ABRAZADERA SENCILLA PEAD 110 MM X 2""",15.4
MT3436,"ABRAZADERA DOBLE PEAD 20 MM X 1/2""",3.28
MT3440,"ABRAZADERA DOBLE PEAD 32 MM X 3/4""",8.22
MT3443,"ABRAZADERA DOBLE PEAD 40 MM X 1""",11.02
MT3447,"ABRAZADERA DOBLE PEAD 63 MM X 1/2""",13.22
MT3459,"ABRAZADERA DOBLE PEAD 90 MM X 1 1/4""",14.31
MT3467,"ABRAZADERA DOBLE PEAD 110 MM X 2""",17.64
MT3468,"TUBO PEAD 125MM (5"") N5 150 L/PG2",39.84
MT3469,"TUBO PEAD 125MM (5"") N4 90 L/PG2)",27.01
MT3471,"TUBO PEAD 160MM (6"") 150 L/PG2",65.21
MT3472,"TUBO PEAD 160MM (6"")  90 L/PG2",50.73
MT3475,"TUBO PEAD 200MM (8"") 150 L/PG2 TUBO 12 M",101.5
MT3476,"TUBO PEAD 200MM (8"") 90 L/PG2)",69.13
MT3479,"TUBO PEAD 250MM (10"") 150 L/PG2 TUBO 12",158.53
MT348,"TUBO HF 1 CAMPANA D=2"" X 3 M",50.81
MT3480,"TUBO PEAD 250MM (10"") 90 L/PG2 TUBO 12 M",107.38
MT3483,"TUBO PEAD 315MM (12"") 150 L/PG2",250.92
MT3484,"TUBO PEAD 315MM (12"") 90 L/PG2",170.69
MT3487,"TUBO PEAD 355MM 14"" 150 L/PG2",318.93
MT3488,"TUBO PEAD 355MM (14"") 90 L/PG2",216.92
MT349,"TUBO HF 1 CAMPANA D=3"" X 3 M",75.37
MT3491,"TUBO PEAD 400 MM (16"") 150 L/PG2",404.99
MT3492,"TUBO PEAD 400 MM (16"")  90 L/PG2",274.45
MT3495,MANCHON RAPIDO DE UNION PEAD 125 MM,88.17
MT3496,MANCHON RAPIDO DE UNION PEAD 160 MM,132.23
MT3497,MANCHON RAPIDO DE UNION PEAD 200 MM,143.23
MT3498,MANCHON RAPIDO DE UNION PEAD 250 MM,209.36
MT350,"TUBO HF 1 CAMPANA  4""",95.09
MT3500,CONEXION SOLDADA A TOPE TUBERIA PEAD 160,42.4
MT3501,CONEXION SOLDADA A TOPE TUBERIA PEAD 200,77.13
MT3502,CONEXION SOLDADA A TOPE TUBERIA PEAD 250,104.13
MT3503,CONEXION SOLDADA A TOPE TUBERIA PEAD 315,115.7
MT3504,CONEXION SOLDADA A TOPE TUBERIA PEAD 355,143.23
MT3505,CONEXION SOLDADA A TOPE TUBERIA PEAD 400,131.14
MT3506,CONEXION SOLDADA A TOPE TUBERIA PEAD 500,150.43
MT3507,CONEXION SOLDADA A TOPE TUBERIA PEAD 630,177.44
MT3508,TRASLADO TECNICOS/EQ.SOLD. TUB.PEAD 160M,7.69
MT3509,TRASLADO TECNICOS/EQ. SOLDADURA,7.69
MT351,"TUBO HF 1 CAMPANA D=6"" X 3 M",155.51
MT3510,TRASLADO TECNICOS/EQ.SOLD. TUB.PEAD 200M,7.69
MT3511,TRASLADO TECNICOS/EQ.SOLD. TUB.PEAD 200M,7.69
MT3512,TRASLADO TECNICOS/EQ.SOLD. TUB.PEAD 250M,7.69
MT3513,TRASLADO TECNICOS/EQ.SOLD. TUB.PEAD 250M,7.69
MT3514,TRASLADO TECNICOS/EQ.SOLD. TUB.PEAD 315M,7.69
MT3515,TRASLADO TECNICOS/EQ.SOLD. TUB.PEAD 315M,7.69
MT3516,TRASLADO TECNICOS/EQ.SOLD. TUB.PEAD 355M,7.69
MT3517,TRASLADO TECNICOS/EQ.SOLD. TUB.PEAD 355M,7.69
MT3518,TRASLADO TECNICOS/EQ.SOLD. TUB.PEAD 400M,7.69
MT3519,TRASLADO TECNICOS/EQ.SOLD. TUB.PEAD 400M,7.69
MT3520,TRASLADO TECNICOS/EQ.SOLD. TUB.PEAD 500M,7.69
MT3521,TRASLADO TECNICOS/EQ.SOLD. TUB.PEAD 500M,7.69
MT3522,TRASLADO TECNICOS/EQ.SOLD. TUB.PEAD 630M,7.69
MT3523,TRASLADO TECNICOS/EQ.SOLD. TUB.PEAD 630M,7.69
MT3524,"TUBO PEAD 63MM (2"") N5 (150 L/PG2)",8.41
MT3525,"TUBO PEAD 63 MM (2 "") N4 (90 L/PG2)",5.33
MT3526,TRASLADO TECNICOS/EQ.SOLD. TUB.PEAD,16.5
MT3528,PEGAMENTO PARA TUBERIA PVC ENV 1/4 GAL P,30.85
MT3529,JUEGO DE ESPARRAGOS CON TUERCAS P/BRIDA ,1.61
MT353,"CODO HF 90 GRADOS D =  2"" C/CAMPANA",23.12
MT3530,JUEGO DE ESPARRAGOS CON TUERCAS P/BRIDA ,4.18
MT3531,TRASLADO TECNICOS/EQ.SOLD. TUB.PEAD 160M,7.69
MT3533,"ABRAZADERA DOBLE PEAD 160 MM X  2 1/2""",18.73
MT3534,CONECTOR BIMETALICO KSU TIPO U,8.81
MT3535,CRUCETA DE HIERRO 75 X 75 X 7 MM L= 2.40,96.98
MT354,"CODO HF 90 GRADOS D =  3"" C/CAMPANA",36.51
MT3540,FUSIBLE TIPO K 1-25 AMPERIOS  A.T.,2.18
MT3545,"TUBO PVC ALCANT E -C JTA MEC D=12""/315MM",123.38
MT3546,"TUBO PVC ALCANT E- C JTA MEC D=16""/400MM",165.25
MT3548,ANILLO ELASTOMERO D= 400 MM PAVCO P/JTA ,2.18
MT3549,CORTE YEE CONCRETO TUBO EMPOTRAMIENTOS D,9.35
MT355,"CODO HF 90 GRADOS D =  4"" C/CAMPANA",46.28
MT3550,CORTE TEE CONCRETO TUBO EMPOTRAMIENTO D=,14.31
MT3551,TANQUILLA CONCRETO P/EMPOTRAM. CACHIMBO ,33.09
MT3552,TAPA CONCRETO P/CACHIMBO EMPOTRAMIENTO D,1.78
MT3553,PAVICRETO 30 (MODULO ROTURA=30 K/CM2) CO,98.09
MT3554,PAVICRETO 35 (MODULO ROTURA=35 K/CM2) CO,101.38
MT3555,PAVICRETO 40 (MODULO ROTURA=40 K/CM2) CO,110.19
MT3556,PAVICRETO 45 (MODULO ROTURA=45 K/CM2) CO,121.22
MT3557,PAVICRETO 50 (MODULO ROTURA=50 K/CM2) CO,132.23
MT3558,CONCERTINA-CUCHILLAS CORTAS GALVANIZADA ,5.54
MT3559,ABRAZADERA CON TORNILLO TIRAFONDO,1.08
MT356,"CODO HF 45º  D = 2"" C/CAMPANA",21.68
MT3560,CONCERTINA-CUCHILLAS CORTAS GALV MOD P-4,7.69
MT3561,CONCERTINA-CUCHILLAS CORTAS GALVANIZADA ,7.15
MT3562,CONCERTINA-CUCHILLAS CORTAS GALVANIZADA ,7.48
MT3563,CONCERTINA-CUCHILLAS CORTAS GALVANIZADA ,9.88
MT3564,CONCERTINA-CUCHILLAS CORTAS GALVANIZADA ,13.22
MT3565,CONCERTINA-CUCHILLAS EX-LARGA GALVANIZAD,5.54
MT3566,CONCERTINA-CUCHILLAS EX-LARGA GALV MOD P,9.35
MT3567,CONCERTINA-CUCHILLAS EX-LARGA GALVANIZAD,8.22
MT3568,CONCERTINA-CUCHILLAS EX-LARGA GALVANIZAD,8.81
MT3569,CONCERTINA-CUCHILLAS EX-LARGA GALVANIZAD,11.02
MT3570,CONCERTINA-CUCHILLAS EX-LARGA GALVANIZAD,12.13
MT3571,CONCERTINA-TIPO ARPON GALVANIZADA 30CM,5.54
MT3572,CONCERTINA-TIPO ARPON GALVANIZADA 45CM 0,8.22
MT3573,CONCERTINA-TIPO ARPON GALVANIZADA 60CM,7.69
MT3574,CONCERTINA-TIPO ARPON GALVANIZADA 75CM,8.22
MT3575,CONCERTINA-TIPO ARPON GALVANIZADA 90CM,11.02
MT3576,CONCERTINA-TIPO ARPON GALVANIZADA 150 CM,11.55
MT3577,CONCERTINA-CUCHILLA EX-LARGA ACERO INOXI,22.02
MT3578,CONCERTINA-CUCHILLA EX-LARGA ACERO INOXI,25.44
MT3579,CONCERTINA-CUCHILLA EX-LARGA ACERO INOXI,28.62
MT3580,CONCERTINA-CUCHILLA EX-LARGA ACERO INOXI,30.85
MT3581,CONCERTINA-CUCHILLA EX-LARGA ACERO INOXI,33.09
MT3582,CONCERTINA-CUCHILLA EX-LARGA ACERO INOXI,38.58
MT3583,CONCERTINA-TIPO ARPON ACERO INOXIDABLE M,23.12
MT3584,CONCERTINA-TIPO ARPON ACERO INOXIDABLE M,23.12
MT3585,CONCERTINA-TIPO ARPON ACERO INOXIDABLE M,28.62
MT3586,CONCERTINA-TIPO ARPON ACERO INOXIDABLE M,31.95
MT3587,CONCERTINA-TIPO ARPON ACERO INOXIDABLE M,40.77
MT3588,CONCERTINA-TIPO ARPON ACERO INOXIDABLE M,44.07
MT3596,ANILLO ELASTOMERO D= 160 MM PAVCO P/JTA ,0.64
MT3597,VARILLAS DE PLATA AL 5% (CORTA),1.64
MT3598,ANILLO ELASTOMERO D= 200 MM PAVCO P/JTA ,1.08
MT3600,A/C CONDENSADORA D.VER.220/1F 2T YORK O ,1322.37
MT3601,A/C EVAPORADORA T/GABINET 220/1F  2T YOR,683.22
MT3602,CODO PVC PAVCO 90° D=160 MM A.N.,11.02
MT3603,CODO PVC PAVCO 90° D= 160 MM C-E J.MEC- ,11.55
MT3604,CODO PVC PAVCO 45° D= 160 MM C-C  A.N.,12.13
MT3605,CODO PVC PAVCO 45° D= 160 MM C-E  A.N.,9.88
MT3606,"TEE PVC PAVCO D= 160 MM 6"" C-C-C CLOACA ",98.09
MT3608,A/C TIPO FANCOIL AGUA HELADA 2 TON (2400,2314.17
MT3609,A/C TIPO FANCOIL AGUA HELADA 5 TON (6000,3912.04
MT3610,A/C DUCTO ACERO GALVANIZADO FABRICADO,4.97
MT3611,TORNILLO TIRAFONDO,0.13
MT3612,"FIBRA DE VIDRIO C/BARRERA DE VAPOR E=1"" ",5.67
MT3613,PEGA AMARILLA DE CONTACTO HERCULES O SIM,77.13
MT3614,"TIRRO TAPE PLOMO 2"" X 60 YARDAS-55 M P/D",12.13
MT3615,"DIFUSOR 6""X6"" 1 VIA ALUM ANODIZ.C/CONTRO",26.45
MT3616,"DIFUSOR 6""X6"" 1 VIA ALUM ANODIZ S/CONTRO",25.57
MT3617,"DIFUSOR 6""X6"" 2 VIAS ALUM ANODIZ S/CONTR",23.96
MT3618,"DIFUSOR 6""X6"" 3 VIAS ALUM ANODIZ.S/CONTR",30.78
MT3619,"DIFUSOR 6""X6"" 4 VIA ALUM ANODIZ.S/CONTRO",30.78
MT3620,"DIFUSOR 6""X6"" 2 VIAS ALUM ANODIZ.C/CONTR",23.96
MT3621,"DIFUSOR 6""X6"" 3 VIAS ALUM ANODIZ.C/CONTR",27.98
MT3622,"DIFUSOR 6""X6"" 4 VIAS ALUM ANODIZ.C/CONTR",35.23
MT3623,"DIFUSOR 8""X8"" 1 VIA ALUM ANODIZ.S/CONTRO",42.61
MT3629,"DIFUSOR 8""X8"" 3 VIAS ALUM ANODIZ.C/CONTR",55.52
MT3631,"DIFUSOR 10""X10"" 1 VIA ALUM ANODIZ.S/CONT",66.61
MT3633,"DIFUSOR 10""X10"" 3 VIAS ALUM ANODIZ.S/CON",66.61
MT3635,"DIFUSOR 10""X10"" 1 VIA ALUM ANODIZ.C/CONT",66.61
MT3637,"DIFUSOR 10""X10"" 3 VIAS ALUM ANODIZ.C/CON",66.61
MT3639,"DIFUSOR 12""X12"" 1 VIA ALUM ANODIZ.S/CONT",95.91
MT3640,"DIFUSOR 12""X12"" 2 VIAS ALUM ANODIZ.S/CON",95.91
MT3641,"DIFUSOR 12""X12"" 3 VIAS ALUM ANODIZ.S/CON",95.91
MT3643,"DIFUSOR 12""X12"" 1 VIA ALUM ANODIZ.C/CONT",95.91
MT3644,"DIFUSOR 12""X12"" 2 VIAS ALUM ANODIZ.C/CON",95.91
MT3645,"DIFUSOR 12""X12"" 3 VIAS ALUM ANODIZ.C/CON",95.91
MT3648,"DIFUSOR 14""X14"" 2 VIAS ALUM ANODIZ.S/CON",115.7
MT3652,"DIFUSOR 14""X14"" 2 VIAS ALUM ANODIZ.C/CON",130.61
MT367,"YEE HF 2""  C/CAMPANA",31.95
MT368,"YEE HF 3""  C/CAMPANA",35.23
MT3680,"DIFUSOR 22""X22"" 2 VIAS ALUM ANODIZ.S/CON",220.4
MT3684,"DIFUSOR 22""X22"" 2 VIAS ALUM ANODIZ.C/CON",231.42
MT369,"YEE HF 4""  C/CAMPANA",52.95
MT3703,"DIFUSOR 10""X10"" 1-2 VIAS ALUM ANOD.S/CON",66.61
MT3705,"DIFUSOR 10""X10"" 1-2 VIAS ALUM ANOD.C/CON",66.61
MT3712,"DIFUSOR 14""X14"" 3-4 VIAS ALUM ANOD.S/CON",115.7
MT3714,"DIFUSOR 14""X14"" 3-4 VIAS ALUM ANOD.C/CON",130.61
MT3719,"DIFUSOR 18""X18"" 1-2 VIAS ALUM ANOD.S/CON",121.22
MT3721,"DIFUSOR 18""X18"" 1-2 VIAS ALUM ANOD.C/CON",215.77
MT3736,"DIFUSOR 8""X6"" 1-2 VIAS ALUM ANODIZ.C/CON",41.85
MT3737,"DIFUSOR 10""X8"" 1-2 VIAS ALUM ANOD.S/CONT",60.63
MT3745,"DIFUSOR 14""X10"" 1-2 VIAS ALUM ANOD.S/CON",66.14
MT3746,"DIFUSOR 14""X10"" 1-2 VIAS ALUM ANOD.C/CON",93.24
MT3781,"REJILLA SUMINISTRO SIM DEFLEX 8""X8"" 2 VI",19.84
MT3782,"REJILLA SUMINISTRO SIM DEFLEX 8""X8"" 2VIA",36.34
MT3785,"REJILLA SUMINISTRO SIM DEFLEX 12""X6"" 2VI",39.35
MT3786,"REJILLA SUMINISTRO SIM DEFLEX 12""X6"" 2VI",22.02
MT3793,"REJILLA SUMINISTRO SIM DEFLEX 18""X10"" 2V",59.52
MT3794,"REJILLA SUMINISTRO SIM DEFLEX 18""X10"" 2 ",57.34
MT38,"MADERA VIGUETA P/ARRIOSTRAR L=3M H=0,10M",6.62
MT3801,"REJILLA SUMINISTRO DOBL DEFL 14""X6""4VIAS",22.02
MT3802,"REJILLA SUMINISTRO DOBL DEFL 14""X6""4VIAS",26.45
MT3803,"REJILLA SUMINISTRO DOBL DEFL 14""X10""4VIA",36.34
MT3804,"REJILLA SUMINISTRO DOBL DEFL 14""X10""4VIA",42.51
MT3805,"REJILLA RETORNO/EXTRACCION 6""X4""ALET FIJ",20.16
MT3806,"REJILLA RETORNO/EXTRACCION 6""X4""ALET FIJ",20.91
MT3807,"REJILLA RETORNO/EXTRACCION 8""X6""ALET FIJ",22.02
MT3808,"REJILLA RETORNO/EXTRACCION 8""X6"" ALET FI",24.26
MT3809,"REJILLA RETORNO/EXTRACCION 12""X6""ALET FI",31.74
MT3810,"REJILLA RETORNO/EXTRACCION 12""X6""ALET FI",23.12
MT3811,"REJILLA RETORNO/EXTRACCION 14""X4""ALET FI",31.74
MT3812,"REJILLA RETORNO/EXTRACCION 14""X4""ALET FI",40.77
MT3813,"REJILLA RETORNO/EXTRACCION 14""X12""ALET F",38.58
MT3814,"REJILLA RETORNO/EXTRACCION 14""X12""ALET F",40.77
MT3815,"REJILLA RETORNO/EXTRACCION 16""X10""ALET F",47.38
MT3816,"REJILLA RETORNO/EXTRAC 16"" X 10 ""  ALETA",54.02
MT3817,"REJILLA RETORNO/EXTRACCION 16""X14""ALET F",51.84
MT3818,"REJILLA RETORNO/EXTRACCION 16""X14""ALET F",57.34
MT3819,A/C CONDENSADORA D.VER.220/3F 3T YORK O ,1542.77
MT382,"TUBO HG ISO I D= 3/4""",10.77
MT3820,A/C CONDENSADORA D.VER.220/3F 4T YORK O ,2203.96
MT3821,A/C CONDENSADORA D.VER.220/3F 5T YORK O ,2865.18
MT3822,A/C CONDENSADORA D.VER.220/3F 7.5T YORK ,5069.18
MT3823,A/C CONDENSADORA D.VER.220/3F 10T YORK O,7713.89
MT3824,A/C CONDENSADORA D.VER.220/3F 15T YORK O,10909.69
MT3825,A/C EVAPORADORA T/GABINET 220/1F 3T YORK,991.78
MT3826,A/C EVAPORADORA T/GABINET 220/1F 4T YORK,1432.57
MT3827,A/C EVAPORADORA T/GABINET 220/1F 5T YORK,1597.88
MT3828,A/C EVAPORADORA T/GAB 220/1F  7.5T YORK\,2093.8
MT3829,A/C EVAPORADORA T/GAB 220/1F 10T YORK\,3305.97
MT3830,A/C EVAPORADORA T/GAB 220/3F 15T YORK\,3856.99
MT3839,"TEE PVC PAVCO D= 160 MM 6"" C X E CLOACA ",96.98
MT3840,"YEE PVC A.N. PAVCO D= 160 MM 6"" C X C CL",87.07
MT3841,"YEE PVC A.N. D= 160 MM (6"") C X E CLOACA",41.85
MT3842,"UNION PVC PAVCO D=160 MM 6"" C-C CLOACA J",27.55
MT3843,"UNION PVC PAVCO D=200 MM 8"" C-C CLOACA J",48.45
MT3844,"UNION PVC PAVCO D=250 MM 10"" C-C CLOACA ",146.52
MT3845,"UNION PVC PAVCO D=315 MM 12"" C-C CLOACA ",186.25
MT3846,"UNION PVC PAVCO D=400 MM 16"" C-C CLOACA ",335
MT3847,AMPLIACION EXCENTRICA PVC PAVCO 160X200M,41.97
MT3848,AMPLIACION EXCENTRICA PVC PAVCO 160X250M,51.5
MT386,"TUBO HG ISO I D = 2"", L=6,40 M",38.76
MT388,"TUBO HG ISO I D= 3"" L=6,40 M",57.74
MT389,"TUBO HG ISO I D= 4"" L=6,40 M",82.71
MT393,"CODO HG 90 GRADOS D=1/2""",1.21
MT394,"CODO HG 90 GRADOS D=3/4""",2.51
MT4,SACO DE PEGO BLANCO MONTELUPO O SIM. 14 ,8.81
MT400,"BARRA ROSCADA ACERO GALVANIZADO 1/4"" 0,2",4.15
MT4002,LAMPARA ALUMBRADO PUBLICO,132.23
MT4003,SOCATE PORCELANA CON ROSCA P/ALUMBRADO P,4.97
MT401,"BARRA ROSCADA ACERO GALVANIZADO 3/8"" 0,5",5.54
MT4013,POSTE METALICO HEXAGONAL A.P. L= 6 M ALU,181.83
MT4014,"BRAZO P/POSTE T/LATIGO SIMPLE D=2"" L=2 M",85.97
MT4015,POSTE METALICO HEXAGONAL A.P. L=12 M ALU,506.89
MT4016,POSTE METALICO HEXAGONAL A.P. L=10 M ALU,363.67
MT4017,POSTE METALICO HEXAGONAL A.P. L=12 M ALU,495.91
MT4018,"BRAZO P/POSTE T/LATIGO SIMPLE D=2"" L=3,4",143.23
MT404,"TEE HG  D= 3/4""",3.55
MT41,"MADERA* CUARTON AURORA 5 X 10 CM-4X2""",1068.94
MT42,MADERA*  TABLA D/SAQUI-SAQUI SIN CEPILLA,716.28
MT420,"TUBO PVC A.N. D=2"" X 3 M NORMA E= 1,8 MM",5.27
MT421,"TUBO PVC A.N. D=3"" X 3 M NORMA E=1,8 MM",7.95
MT422,"TUBO PVC A.N. D=4"" X 3 M E= 1.8 MM",12.13
MT423,"TUBO PVC A.N. D=6"" / 160 MM E= 3,2 MM LI",23.99
MT427,"CODO PVC A.N. 45 GRADOS D = 4""",5.57
MT429,"YEE PVC A.N. 2"" P/  AGUAS RESIDUALES",4.97
MT430,"YEE PVC A.N. 3""  / AGUAS RESIDUALES",6.62
MT431,"YEE PVC A.N. 4"" P/  AGUAS RESIDUALES",9.88
MT436,LLAVE/VALVULA DE PASO TIPO COMPUERTA D=1,20.91
MT437,LLAVE/VALVULA DE PASO TIPO COMPUERTA D=3,31.95
MT438,LLAVE/VALVULA DE PASO TIPO COMPUERTA D=1,55.1
MT439,LLAVE/VALVULA DE PASO TIPO COMPUERTA D=1,46.29
MT440,LLAVE/VALVULA DE PASO TIPO COMPUERTA D=1,110.19
MT441,LLAVE/VALVULA DE PASO TIPO COMPUERTA D=2,136.62
MT442,LLAVE/VALVULA DE PASO TIPO COMPUERTA D=2,209.36
MT443,LLAVE/VALVULA DE PASO TIPO COMPUERTA D=3,231.42
MT451,REJILLA (REJILLONES) DRENAJE PISO-BRONCE,26.45
MT452,REJILLA (REJILLONES) DRENAJE PISO BRONCE,13.22
MT453,REJILLA (REJILLONES) DRENAJE PISO-BRONCE,20.91
MT454,PLOMO EN LINGOTES (20 KG/LINGOTE),4.3
MT456,"TAPA CIEGA DE REGISTRO BRONCE D=3""X2"" RE",13.22
MT457,"TAPA CIEGA DE REGISTRO BRONCE D=4""X3"" RE",18.96
MT458,"TAPA CIEGA DE REGISTRO BRONCE D=6""X4"" RE",49.54
MT46,TABLA MADERA MACHIHEMBRADO ALGARROBO P/T,82.64
MT460,REJILLA PISO (REJILLON) DREN CUPULA BRON,28.62
MT50,"RODAPIE DE MADERA CEDRO 1 X 7,5 CMS",11.02
MT51,"ALAMBRON D=5,2 MM (0,167 KG/M) L = 6 M",3.41
MT511,TOALLERA METALICA P/ATORNILLAR,27.55
MT521,CALENTADOR ELECTRICO RECORD 27 LTS O SIM,203.87
MT531,IMPRIMADOR A BASE D/EMULSION ASFALTICA,13.22
MT537,PEGA PVC VINILCEM DE 1/8 GALON,12.13
MT539,PEGAMENTO PARA PVC  1/4 GL TANGIT  O SIM,31.95
MT556,"GRAMA TIPO JAPONESA - SACO (0,7 M2/SCO)",9.88
MT558,TIERRA NEGRA ABONADA / JARDINERIA,21.13
MT564,POSTE/ESTANTILLO METALICO P/CERCAS H=2.1,11.55
MT572,"PUERTA DE MADERA ENTAMBORADA CAOBITA 0,8",94.77
MT573,HERRAJE P/PUERTA CORRED.CLOSET L=2M. 2RU,26.45
MT574,VIDRIO ESCARCHADO E=4 MM,63
MT583,"VALVULA TIPO FLOTANTE DE BRONCE D = 1""",36.34
MT587,"CAJA DE PASO/DERIVACION PA 12"" X 12"" X 4",37.45
MT590,VENTANA DE ALUMINIO CELOSIA C/PALETAS DE,88.17
MT591,MADERA TABLON CEPILLADO SAMAN,881.57
MT594,CONCRETO PREMEZCLADO F'C 200 KG/CM2  AS=,112.38
MT632,"TABLERO DE MADERA PINO ENCOFRADO 1,20 X ",385.72
MT639,MADERA DE CAOBA EN TABLAS ESP = 40 MM (N,1652.99
MT655,PINTURA FONDO MINIO ANTICORROSIVO,74.95
MT66,ALAMBRE LISO GALVANIZADO CAL 12 P=0.0473,6.39
MT663,VENTANA D/ALUMINIO CORREDERA,250.13
MT665,VENTANA DE ALUMINIO CON VIDRIO DE 5 MM,246.83
MT666,"VENTANA DE HIERRO CORREDERA TUBERIA 2""X1",15.63
MT667,VENTANA DE ALUMINIO SIN VIDRIO,73.4
MT67,ALAMBRE DE PUAS GALVANIZADO C-14 P=0.071,0.44
MT68,"CLAVOS ACERO L=1 1/2""  CAL 14",5.32
MT69,"CLAVOS ACERO L=3"" CAL.10",5.54
MT717,TUBO PVC A.B. D= 75 MM  TIPO E-JA PRESIO,22.23
MT718,TUBO PVC A.B. D=110 MM TIPO E-JA PRESION,48.13
MT719,TUBO PVC A.B. D=16O MM TIPO E-JA PRESION,110.16
MT72,"TORNILLO CABEZA PLANA 2""X10",0.64
MT720,TUBO COBRE RIGIDO TIPO K DIAM NOMINAL =3,29.46
MT722,"CAJA DE PASO/DERIVACION PA 10"" X 10"" X 6",38.01
MT727,"VALVULA CHECK 3/4"" CON FILTRO (MARACA)",29.74
MT728,"VALVULA CHECK 1"" CON FILTRO (MARACA)",31.53
MT729,"VALVULA CHECK 1-1/2"" CON FILTRO (MARACA)",51.84
MT730,"VALVULA CHECK 2"" CON FILTRO (MARACA)",77.13
MT731,"JUNTA/UNION UNIVERSAL HG D = 1/2""",9.88
MT732,"JUNTA/UNION UNIVERSAL HG D = 3/4""",12.13
MT733,"UNION UNIVERSAL HG D = 1""",27.55
MT734,"UNION UNIVERSAL HG D = 1 1/2""",26.45
MT735,"UNION UNIVERSAL HG D = 2""",31.95
MT736,"UNION UNIVERSAL HG D = 2 1/2""",48.45
MT737,"UNION UNIVERSAL HG D = 3""",60.63
MT740,"VALVULA CHECK D = 3/4""",24.26
MT741,"VALVULA CHECK D = 1""",30.85
MT742,"VALVULA CHECK D = 1 1/2"" FP O SIM",94.77
MT743,"VALVULA CHECK D = 2""",74.95
MT744,"VALVULA CHECK D = 2 1/2"" FP O SIM",166.41
MT745,"VALVULA CHECK D= 3""",276.61
MT75,PINTURA ESMALTE KEM LUSTRAL O SIM.,48.45
MT754,GABINETE P/EXTINTOR-VAL. INC.VID/PUER/CE,110.19
MT756,"TOMA INCENDIO BRONCE SIAMESA ""Y"" 2  X 2 ",275.51
MT762,EXTINTOR POLVO QUIMICO SECO PQS TIPO ABC,41.85
MT763,EXTINTOR POLVO QUIMICO SECO PQS TIPO ABC,66.14
MT766,"LAMINA P/TECHO ACEROTEC O SIM.  AU=0,70 ",7.69
MT77,PINTURA ALUMINIO- ALUMINICA,85.97
MT78,PINTURA SELLADOR ANTIALCALINO,41.85
MT781,MARCO Y TAPA HF P/BOCA VISITA B.V. TIPO ,780.79
MT782,MARCO Y TAPA HF P/BOCA VISITA B.V. TIPO ,528.97
MT784,"BASE COMPLETA 1/2"" P/MEDIDOR CONSUMO DE ",22.02
MT786,PINTURA ASFALTICA VERDE 5 GLN,179.64
MT79,SOLVENTE UNIVERSAL,55.1
MT82,PINTURA FONDO ANTICORROSIVO UNIVERSAL,41.85
MT823,LLAVE/ VALVULA DE PASO TIPO BOLA/ESFERIC,110.19
MT829,CIERRAPUERTA - BRAZO TRADICIONAL Nº 1 CI,67.67
MT832,LLAVE/VALVULA DE PASO TIPO BOLA/ESFERICA,39.67
MT837,"ELECTRODO E-6013 1/8"" X 350MM RUTILICO",7.15
MT845,PERFIL CELOSIA ALUMINIO VENTANA MACUTO 2,2.39
MT864,PABILO EN ROLLO,4.41
MT865,ANILLO ELASTOMERO D= 75 MM PAVCO P/JTA A,0.21
MT866,ANILLO ELASTOMERO D= 110 MM PAVCO P/JTA ,0.74
MT876,LLAVE/ VALVULA DE PASO TIPO BOLA/ESFERIC,42.94
MT877,LLAVE/ VALVULA DE PASO TIPO BOLA/ESFERIC,84.87
MT886,"BARRA COPPERWELD COBRE 5/8"" X 2.40 M S/C",77.13
MT890,"BARRA ROSCADA ACERO GALVANIZADO 1/2"" 0,9",10.49
MT894,"BRAZO P/POSTE T/LATIGO SIMPLE 2"" L=2,4 M",104.68
MT9005,CONCRETO F'C=150 KG/CM2 P/BASES Y ESCALO,121.22
MT9006,CONCRETO PREPARADO F'C= 200 KG/CM2,135.53
MT9007,SUM/FAB/ ESTRUCTURA ACERO CON SOLDADURA,3.87
MT9008,MONTAJE EST. ACERO CONEX. SOLDADA,1.29
MT9009,CUBIERTA TECHO LAMINA ACERO ASF. ALUMINI,13.22
MT901,"TEE  HF 2"" X 2"" X 18"" C/CAMPANA",36.34
MT9010,MONTAJE ESTRUCTURA ACERO CONEX. APERNADA,1.4
MT9011,REVESTIMIENTO DE PISO CEMENTO ACAB. LISO,77.13
MT9012,FABRICACION ESTRUCTURA ACERO CONEX. APER,0.64
MT9013,FABRICACION ESTRUCTURA ACERO CONEX. SOLD,0.74
MT9014,"TUBO EMT D=1/2"" ACERO GALVANIZADO A.G.",3.87
MT9024,REVESTIMIENTO EXTERIOR PARED CAL-RUSTICO,17.64
MT9025,CIELO RASO FIBRA VIDRIO E=5/8  TECHO JUN,5.79
MT9026,PINTURA DE CAUCHO INTERIOR EN PAREDES,4.41
MT9031,MANTENIMIENTO-RIEGO DE GRAMA/MES,0.42
MT9032,MANTENIMIENTO ARBORIZACION ARBUSTOS/PLAN,0.42
MT9035,CONSTRUCCION PROVISIONAL OFICINA SIN FRI,88.17
MT9036,REVESTIMIENTO INTERIOR LISO P/PAREDES CO,18.73
MT9039,LOSETA PREFABRICADA P/IMPERMEABILIZACION,6.62
MT9041,CONSTRUCCION DE MEDIA CAÑA,1.18
MT9042,PINTURA REFLECTANTE ALUMINIO P/IMPERMEAB,2.18
MT913,VASO -  CEPILLERO METALICO P/ATORNILLAR,9.46
MT926,CABLE ARVIDAL ALUMINIO NO 4/0 AWG 344 KG,13.22
MT94,CERAMICA TIPO BALGRES O SIMILAR,25.36
MT947,"TAPE/ TEIPE  NEGRO COBRA O SIM 3/4"" X 18",2.18
MT951,VALVULA TIPO FLOTANTE DE BRONCE D = 1-1/,57.34
MT958,"TIRRO/CINTA DE ANCHO 2"" X 30 M",5.54
MT960,ACIDO OXALICO (LIMPIEZA / PULITURA GRANI,22.02
MT962,COCUIZA PARA TRABAJOS EN PISO DE GRANITO,4.41
MT970,LIMPIADOR DE TUBERIA PVC TANGIT,7.69
MT971,LLAVE/VALVULA DE PASO RAPIDO/ESFERICA BO,207.18
MT978,"ANILLO  HF REDUCCION 4"" X 2""",19.84
MT979,"TUBO HF 1 CAMPANA  4"" X 1 M (MINITUBO)",103.81
MT980,"TUBO HF 1 CAMPANA  2"" X 1 M (MINITUBO)",56.98
MT981,"TUBO HF 1 CAMPANA D= 3"" X 1 M (MINITUBO)",80.56
MT9908,MORTERO P/JUNTAS ALCANTARILLAS CONCRETO,165.32
MT9913,ENCOFRADO MADERA PUENTES,12.13
MT9919,CARGA CON EQUIPO LIVIANO,1.08
MT9922,TRANSPORTE CENTRAL EMULSION ASFALTICA &X,0.64
MT997,"YEE HF 6"" X 4"" C/CAMPANA",99.8
MT9999,PRODUCTOS VARIOS PARA LIMPIEZA,1.61
MZ0001,ACCESORIOS PARA FIJACION DE CABLE DE TIE,4.41
MZ0002,AGUA EN BOTELLON (CANT.7),15.4
MZ0003,AGUA HIELO (DIA/HOMBRE DIRECTO+INDIRECTO,2.6
MZ0004,AGUA POTABLE POR DIA/POR PERSONA,1.08
MZ0005,AGUA POTABLE BOTELLON 19 LT/RECARGA,1.81
MZ0006,AGUA/HIELO/ POR PERSONA,1.61
MZ0007,ALUMINIO AISLANTE LISO,26.24
MZ0008,ANCLAJE DE EXPANSION TIPO CUÑA DE 3/8’’X,4.41
MZ0009,ANCLAJE DE EXPANSION TIPO CUÑA DE 3/8’’X,5.08
MZ0010,"ANGULO DE ACERO 2"" X 2"" X 6MM X METRO",11.45
MZ0011,"ANGULO DE ACERO 2"" X 2"" X 6MM",68.83
MZ0012,"REFUERZO EN L DE 2"" P/ESTRUCTURA DE MONT",661.2
MZ0013,ANGULO DE APOYO SEGUN ALCANCE,3.28
MZ0014,"ANILLO DE ACOPLAMIENTO DE Ø=1""",16.5
MZ0015,"ANILLO DE COBRE RIGIDO DE Ø=1/2""",2.45
MZ0016,"ANILLO DE COBRE RIGIDO DE Ø=7/8""",7.69
MZ0017,GRASA LUBRICANTE ANTI SEIZE ANTIAFERRANT,71.65
MZ0018,ANTISOL COMPUESTO QUIMICO CURADO CONCRET,9.88
MZ0019,KIT ARANDELA P/MOTOR MEDIA TENSION,22.02
MZ0020,"ARANDELA CUADRADA PLANA DE Ø=1/2""",5.9
MZ0021,"ARANDELA D/PRESION GALVANIZADA 3/8"" PAQ ",8.81
MZ0022,"ARANDELA PLANA 3/8"" (10 UND)",2.84
MZ0023,"ARANDELAS AISLANTE 1/2""",0.22
MZ0024,"ARANDELAS AISLANTE 5/8""",3.28
MZ0025,ARANDELAS METALICAS ACERO GALVANIZADO 1/,0.85
MZ0026,ARANDELAS METALICAS ACERO GALVANIZADO 5/,2.18
MZ0027,ARENA LAVADA FERRETERIA,41.85
MZ0028,ARENA FINA,49.54
MZ0029,ARMAFLEX AISLANTE DIFERENTES MEDIDAS,7.69
MZ0030,ARNES - USO POR DIA,6.62
MZ0031,ARNES (COSTO DEL EQUIPO),88.17
MZ0032,ARREGLO PARA LIMPIEZA,27.55
MZ0033,ARROCILLO,38.58
MZ0034,ARTICULOS DE LIMPIEZA DE PLATAFORMA,4.04
MZ0035,ARTICULOS DE LIMPIEZAS,1322.37
MZ0036,"ARTICULOS DE OFICINA (HOJAS, CARTUCHO, L",44.07
MZ0037,AUTOMATICO DE ARRANQUE,93.67
MZ0038,AYUDANTE DE MECANICO POR X 6UND,49.54
MZ0039,AZUL DE PRUSIA 22ML,22.02
MZ0040,BACTERICIDA,0.53
MZ0041,BANCO DE CAPACITADORES 16 KV,50217.67
MZ0042,BANDAS DE AMARRE SIN HUECOS,27.55
MZ0043,BANDAS DE FRENO,66.14
MZ0044,BANDEJA PLASTICA PARA PINTAR,6.62
MZ0045,BANNER P/PANCARTAS 15 OZ 500 X 500 HILOS,5.54
MZ0046,BAÑO PORTATIL /SANITARIO,16.5
MZ0047,BARBIQUEJO PARA CASCO,1.08
MZ0048,BARNIZ ANTIFLASH 214 SR ROYAL DIAMOND,145.46
MZ0049,BARNIZ DIELECTRICO,82.64
MZ0050,BARNIZ ROJO ANTIFLASH IMPORTADO,38.58
MZ0051,BARNIZ SECADO AL HORNO,25.25
MZ0052,"BARRA DE ACERO INOXIDABLE SS304 D=1""",34.88
MZ0053,"BARRA DE ACERO INOXIDABLE SS316 D=1""",102.15
MZ0054,"BARRA DE ALUMINIO D= 1""",17.38
MZ0055,"BARRA DE BRONCE FOSFORO D=1""",28.62
MZ0056,"BARRA ACERO CARBONO D=25 MM, MAT SAE2010",44.07
MZ0057,BASE PARA PERFIL TIPO UNISTRUT,33.09
MZ0058,BASES PARA LUMINARIAS,55.1
MZ0059,BATERIA ALCALINAS,6.62
MZ0060,BENDIX PARA ARRANQUE / ENCENDIDO,220.4
MZ0061,BICARBONATO DE SODIO,24.14
MZ0062,BOLSAS PARA DESECHOS,6.62
MZ0063,BOLSAS PLASTICAS 60L,5.54
MZ0064,BORAX,5.54
MZ0065,BORNE DE TOPE,0.86
MZ0066,BORNES DE CONTROL CON ACCESORIOS,7.69
MZ0067,BORNES SECCIONABLE P/CABLE 26-14AWG 500V,5.54
MZ0068,BOTAS PLASTICAS CAÑA LARGA (GOMA) C/PUNT,38.58
MZ0069,BOTONES DE ACCIONAMIENTO EN CESTA,27.55
MZ0070,BRAGA /UNIFORME DE TRABAJO,44.07
MZ0071,BRAGA DE SEGURIDAD,37.71
MZ0072,BRAGA DESECHABLE TYVEK,6.62
MZ0073,BRAGAS DE ALGODON /UNIFORME TRABAJADOR,44.07
MZ0074,BRAGAS ESTAMPADAS,49.54
MZ0075,"BRIDA Ø 1"" C/REDUC A Ø 1/2"" ASTM A-105,1",49.54
MZ0076,BROCA/ KIT DE 15 A 50 MM,44.07
MZ0077,"BROCHAS DE 2"" A 4"" (JUEGO)",13.22
MZ0078,"BUSHING DE 1""",55.1
MZ0079,"BUSHING DE 3/4""",33.09
MZ0080,CABLE CONEXION BAJA TENSION,3.87
MZ0081,CABLE DE CONTROL,8.81
MZ0082,CABLE DE POTENCIA/ MOTORES MEDIA TENSION,11.02
MZ0083,CABLE DE SALIDA DE MOTOR MEDIA TENSION,70.34
MZ0084,CABLE ELECTRICO BAJA TENSION,3.87
MZ0085,CABLE ST PVC 4X10 AWG CU 75°C 600V,12.44
MZ0086,CABLE ST PVC 4X12 AWG CU 75°C 600V,8.11
MZ0087,CABLE ST PVC 4X14 AWG CU 75°C 600V,8.79
MZ0088,CABLE ST PVC 4X4 AWG CU 75°C 600V,47.38
MZ0089,CABLE ST PVC 4X8 AWG CU 75°C 600V,17.55
MZ0090,CAJA DE CONEXION JB-11-DIN-02,4958.96
MZ0091,CAJA DE PASO P/CABLES DE CONTROL 400X400,335
MZ0092,CARBONERA DE ALTERNADOR,55.1
MZ0093,CARBONERA DE ARRANQUE,110.19
MZ0094,CARPETA AMARILLA,13.21
MZ0095,CARPETA BLANCA,4.41
MZ0096,CARTUCHODE MASCARILLA P/POLVO P100 3M,11.02
MZ0097,CATALIZADOR MEK P/CURADO DE RESINAS,38.58
MZ0098,CARTUCHOS DE PULIDO CON PAÑO DE FIBRA Y ,0.7
MZ0099,CEPILLO DE CERDAS GRUESAS,3.28
MZ0100,CEPILLO DE ALAMBRE CON MANGO DE MADERA 4,3.28
MZ0101,CEPILLO DE ALAMBRE DE COBRE MANGO MADERA,4.41
MZ0102,CEPILLO DE ALAMBRE TIPO COPA ENTORCHADO ,8.81
MZ0103,CEPILLO PARA ESMERIL,27.55
MZ0104,CERTIFICACION DE PRUEBA HIDROSTATICA,2203.96
MZ0105,CERTIFICACION EN ALTURA,88.17
MZ0106,CERTIFICACION EN ESPACIOS CONFINADOS Y A,88.17
MZ0107,CHAMPU INDUSTRIAL,22.02
MZ0108,CHAQUETA DE ALUMINIO (1.22 X 30 X 1MM),440.79
MZ0109,PINTURA ESMALTE EPOXI PASIVO CHARTEK 221,1102
MZ0110,CILINDRO/ REPUESTO P/EQUIPOS - MAQUINAS,110.19
MZ0111,CINTA ELECTRICA DE FIBRA DE VIDRIO #27 S,22.02
MZ0112,CINTA DE ACORDONAMIENTO (SEGURIDAD),11.02
MZ0113,CINTA ADHESIVA DE ALUMINIO 50 MTS. ESPES,8.81
MZ0114,CINTA DE AMARRE,1.18
MZ0115,CINTA DE AMARRE RESISTENTE AL FREON,2.18
MZ0116,CINTA DE AMARRE TIRRAP /TIE-WRAP,0.02
MZ0117,CINTA DE SEGURIDAD DE 200M,16.62
MZ0118,CINTA FIBRA D/VIDRIO ALTA RESISTENCIA TE,22.02
MZ0119,CINTA DE ACORDONAMIENTO/SEGURIDAD DE 200,0.08
MZ0120,CLAVO P/FIJACION EN CONCRETO C/ARAND PLA,0.53
MZ0121,"CLAVOS 3 1/2"" X 10MM",13.22
MZ0122,CODO DE 90,16.5
MZ0123,CODO DE COBRE RIGIDO,2.18
MZ0124,"CODO DE COBRE RIGIDO 7/8""",3.87
MZ0125,"CODO DE 45 Ø1"" 3000 LBS, A-105 SW",71.65
MZ0126,"CODO DE 90 Ø1"" 3000 LBS, A-105 SW",71.65
MZ0127,COLUMNA CENTRAL DEL ACTUADOR ELECTRICO H,385.72
MZ0128,COMBUSTIBLE,0.53
MZ0129,COMBUSTIBLE DIESEL,0.53
MZ0130,COMBUSTIBLE GASOLINA,0.53
MZ0131,COMBUSTIBLES Y ADITIVOS P/ INST Y RETIRO,23.12
MZ0132,COMBUSTIBLES Y LUBRICANTES,2.93
MZ0133,COMIDAS (ALMUERZO + REFRIGERIO),16.5
MZ0134,COMPUESTO SELLADO C/FIBRA CHICO CROUSE H,55.1
MZ0135,COMPUESTO UNIONES INHIBIDOR D/CORR BURND,44.07
MZ0136,COMPUESTO SELLADOR CHICO A3 CON 1/16 OZ.,132.23
MZ0137,COMPUESTO SELLANTE,132.23
MZ0138,COMPUESTO SELLANTE DEACON 3100-S/DEACON ,3686.17
MZ0139,MATERIALES PARA CONCRETO FC=250 KG/CM2,418.76
MZ0140,CONCRETO FC =350KGF/CM2 C/FIBRA DE POLIP,495.91
MZ0141,CONCRETO FC = 350 KGF/CM2 CON FIBRA DE V,495.91
MZ0142,CONCRETO SEGUN ESPECIFICACIONES,176.32
MZ0143,CONDUCTOR-CABLE TRENZADO COBRE 6 AWG VER,4.03
MZ0144,CONDUIT FLEXIBLE ACERO GALV RECUBIERTO D,15.4
MZ0145,"CONDULET D= 2"" TIPO C",22.02
MZ0146,"CONDULET D= 2"" TIPO L",30.36
MZ0147,"CONDULET ""T"" DE FERALOY ELECTROGALVANIZA",66.14
MZ0148,"CONDULET  D=1-1/2"" TIPO C",21.81
MZ0149,"CONDULET  D=1-1/2"" TIPO LR",13.22
MZ0150,"CONDULET D=3/4"" TIPO LC",49.54
MZ0151,"CONDULET D=1"" TIPO TB",22.02
MZ0152,"CONDULET D=3/4"" TIPO TB",22.02
MZ0153,"CONECTOR CONDUIT PESADO HUB  Ø 1"" ESTD",22.02
MZ0154,"CONECTOR CONDUIT PESADO HUB  Ø 3/4"" STAN",16.5
MZ0155,"CONECTOR RECTO CON OREJA DE TIERRA DE 1""",27.55
MZ0156,"CONECTOR CODO 90° DE 3/4""",16.5
MZ0157,CONECTOR COMPRESION P/CABLE EN DERIVACIO,6.07
MZ0159,CONECTOR TERMINAL DE COMPRESION CAL #2AW,9.12
MZ0160,"CONECTORES DE PROTECCION DE 3/4""",1.08
MZ0161,CONEXION EXOTERMICA,154.29
MZ0162,CONSUMIBLE PARA LIMPIEZA,16.05
MZ0163,CONSUMIBLE DE LIMPIEZA,0.53
MZ0164,CONSUMIBLE LIMPIEZA INTERCAMBIADOR,319.57
MZ0165,CONSUMIBLES P/INSTALACION PROVISIONAL,363.67
MZ0166,CONSUMIBLES VARIOS P/MOVILIZACION DESMOV,440.79
MZ0167,"CONSUMIBLES (ESTACA, CABILLA, PINTURA)",33.09
MZ0168,CONSUMIBLES P/MANTENIMIENTO AREAS VERDES,17.1
MZ0169,CONSUMIBLES DE INSPECCION,30.29
MZ0170,CONSUMIBLES DE LAPEADO / PULITURA,76.04
MZ0171,"CONSUMIBLES DE OBRA (CLAVO, ALAMBRE, MAD",15.11
MZ0172,CONSUMIBLES DE SOLDADURA Y ESMERILADO,2.18
MZ0173,"CONSUMIBLE ELECTRICOS: TEIPE, TIRRO, TIE",11.02
MZ0174,CONSUMIBLES ELECTRICOS TEIPE TIRROTIE-WR,1.08
MZ0175,CONSUMIBLES PARA FIJACION DE TUBERIA,1.08
MZ0176,CONSUMIBLES P/PROTECCION DE CABLES FUERZ,826.5
MZ0177,CONSUMIBLES VARIOS FACILIDADES PROVISION,165.32
MZ0178,CONSUMIBLES VARIOS,27.55
MZ0179,"CONSUMIBLES VARIOS (LIJAS, CEPILLOS DE A",5.41
MZ0180,"CONSUMIBLES P/ACOND: GRANZON, LISTONES, ",1.97
MZ0181,CONSUMIBLES TAPE-TIRRAP- CONECTORES-TEFL,2.18
MZ0182,CONSUM. ESCOBA BOLSAS COLETO JABON PAPEL,3.28
MZ0183,CONSUMIBLES VARIOS PERSONAL DIARIO,66.14
MZ0184,CONSUMO DE GASOIL/DISEL,0.58
MZ0185,CONTROL DE MATERIALES (BILL OF MATERIAL),2203.96
MZ0186,CONTROL DE SOLDADURA (WPS),2203.96
MZ0187,CONVENIO CLINICA PEQUIVEN-SERV. EMERGENC,33.09
MZ0188,CONVENIO CLINICA  PEQUIVEN PARA 30 PERSO,991.78
MZ0189,CONVENIO CLINICA PEQUIVEN P/PERSONA (MES,33.09
MZ0190,"COPAS DE COBRE 7/8""",3.45
MZ0191,CORREA ALTERNADOR,33.09
MZ0192,CORREA DE VENTILADOR,66.14
MZ0193,CORREA TRANSPORTADORA DE MANGUERAS,330.58
MZ0194,COSTO PEAJE SEGUN DISTANCIA MEDIA 6 EJES,7.67
MZ0195,"ACOPLE ASTM A-105 1"" ROSCA NPT",13.22
MZ0196,CUCHILLAS,17.64
MZ0197,CUCHILLAS PARA TORNO,29.7
MZ0198,DATA SHEET (HOJA DE DATOS),2203.96
MZ0199,DECAL - PANEL DISPLAY EN CESTA,33.09
MZ0200,DELANTAL DE CARNAZA P/SOLDADOR,33.09
MZ0201,DESENCOFRANTE SIKA,8.24
MZ0202,TAMBOR DE DESENGRASANTE,962.71
MZ0203,GALON DE DESENGRASANTE,17.38
MZ0204,DESENGRASANTE,4.63
MZ0205,DESENGRASANTE INDUSTRIAL (GAL),17.38
MZ0206,DESENGRASANTE INDUSTRIAL BIODEGRADABLE,4.63
MZ0207,DESPLAZADOR DE HUMEDAD,19.84
MZ0208,DESPLAZADOR DE HUMEDAD DIELECTRICO SPRAY,8.8
MZ0209,DETERGENTE KHAM,13.22
MZ0210,LITRO DE DETERGENTE,4.97
MZ0211,DIELECTRICO REMOVEDOR DE HUMEDAD,8.75
MZ0212,CAJA DE DISCO DE CORTE,55.1
MZ0213,DISCO DE CORTE,8.81
MZ0214,"DISCO DE CORTE 7""",7.69
MZ0215,"DISCO DE CORTE 7"" (CAJA 50UND)",53.09
MZ0216,DISCO DE CORTE CON PUNTA DE DIAMANTE,27.55
MZ0217,CAJA DE DISCO DE ESMERILAR,55.1
MZ0218,DISCO DE ESMERILAR,8.81
MZ0219,"CAJA DISCO DE ESMERILAR 7"" (10 UNIDADES)",77.13
MZ0220,"COPA DE ALAMBRE DE 4"" (ENTORCHADO)",6.18
MZ0221,"DISCO TIPO FLAPPER MARCA DEWALT 4 1/2""",5.54
MZ0222,DISPOSICION FINAL DE CENIZAS,27.01
MZ0223,DOTACION EQUIPO PROTECCION PERSONAL DIRE,319.57
MZ0224,DOTACION EQUIPO PROTECCION PERSONAL INDI,319.57
MZ0225,DOTACION INICIAL EQUIPO PROTECCION PERSO,115.7
MZ0226,DOTACION EQUIPO PROTECCION PERSONAL EPP,297.54
MZ0227,DRIZA 5MM X 300M / CUERDA,88.17
MZ0228,ELABORACION DOSSIER CIVIL/MEC/ELEC/INSTR,2699.86
MZ0229,ELABORACION DE INFORME,385.72
MZ0230,ELECTRODO,13.22
MZ0231,"ELECTRODO E-6010 1/8""",5.54
MZ0232,"ELECTRODO E-6010 3/32""",6.39
MZ0233,"ELECTRODO E 7018 1/8""",7.69
MZ0234,"ELECTRODO E 7018 3/32"" LINCOLN",6.51
MZ0235,"ELECTRODO E 7018-A1 1/8"" 5/32""",11.02
MZ0236,"ELECTRODO E 9018-G H4 1/8"", 3/16""",19.84
MZ0237,ELECTRODO ER70 S2/S6,18.19
MZ0238,ELECTRODO E R70S-A1,24.26
MZ0239,"ELECTRODO 7018 3-32""",6.62
MZ0240,VARILLA ELECTRODO TUNGSTENO SOLD-TIG UNI,9.88
MZ0241,ELECTRODO E 7018 SMAW,5.43
MZ0242,LIMPIADOR DIELECTRICO - ELECTRON,16.5
MZ0243,ELEMENTOS DE SOPORTE FABRICADOS SOBRE DI,6.62
MZ0244,EMPACADURA ABIERTA NEOPRENO CONDULET FOR,27.55
MZ0245,EMPACADURA ABIERTA NEOPRENO P/CONDULET F,16.5
MZ0246,EMPACADURA PARA VALVULA SOBREPRESION,44.07
MZ0247,EMPACADURA SENSOR DE TEMPERATURA DE ACEI,16.5
MZ0248,EMPACADURA SENSOR DE TEMPERATURA DE DEVA,33.09
MZ0249,EMPACADURAS RELE BUCHHOLZ,38.58
MZ0250,ENCOFRADO DE MADERA  (0.08X3.66),11.02
MZ0251,ENCUADERNACION Y COPIADO,16.5
MZ0252,FERRUL- FERRULE P/ MANGUERA HIDRAULICA 1,11.02
MZ0253,ENGOMADO EN INTERCAMBIADOR CATODICO,1322.37
MZ0254,ENGRAPADORA /GRAPADORA HOJAS/OFICINA,8.81
MZ0255,ENSAYO PROCTOR MODIFICADO,396.71
MZ0256,ENSAYO RESISTENCIA CONCRETO COMPRESION 7,88.17
MZ0257,ROLLO D/ENVOPLAST INDUSTRIAL 50CMX450M P,22.02
MZ0258,ESPAGUETI O TUBO TERMOCONTRAIBLE,11.02
MZ0259,EPOXI ALTO ESPESOR (80% DE SOLIDOS) DUPO,991.78
MZ0260,EPOXI MODIFICADO MAYOR AL 78%,87.07
MZ0261,EPOXICO HILTI HIT - RE-500SD,99.08
MZ0262,EPOXI UNIVERSAL HB MONTANA,118.79
MZ0263,EQUIPO PROTECCION PERSONAL FABRICADOR,55.1
MZ0264,EPP -TRAJE BASICO SOLDADOR,110.19
MZ0265,EQUIPO DE PINTURA,55.1
MZ0266,EQUIPOS DE SEGURIDAD P/TRABAJADORES,176.32
MZ0267,ESMALTE EPOXY MANPICA,121.22
MZ0268,PINTURA KEM INDUSTRIAL AMARILLO RAL 1003,80.47
MZ0269,PINTURA ESMALTE POLIURETANO RAL 1021 AMA,63.93
MZ0270,PINTURA POLIURETANO RAL 2010 COLOR ANARA,82.64
MZ0271,PINTURA DE ESMALTE POLIURETANO RAL 5017 ,108
MZ0272,PINTURA POLIURETANO RAL 6019 VERDE,108
MZ0273,PINTURA DE ESMALTE POLIURETANO RAL 7005 ,108
MZ0274,PINTURA DE ESMALTE POLIURETANO RAL 7040,108
MZ0275,PINTURA DE ESMALTE POLIURETANO RAL 9005 ,108
MZ0276,PINTURA DE ESMALTE POLIURETANO RAL 9006,108
MZ0277,ESPATULAS,3.76
MZ0278,PALETA / ESTIBA DE MADERA 1X1.2 M,15.4
MZ0279,EXAMEN MEDICO,88.17
MZ0280,EXAMEN MEDICO POST EMPLEO CONVENIO,11.02
MZ0281,EXAMEN MEDICO PREEMPLEO BASICO/CONVENIO,44.07
MZ0282,EXAMEN MEDICO P/ESPACIO CONFINADO,110.19
MZ0283,EXAMENES MEDICOS ESPECIALES,110.19
MZ0284,EXAMENES MEDICOS P/ALTURA Y ESPACIO CONF,110.19
MZ0285,EXAMEN MEDICO PRE Y POST EMPLEO,55.1
MZ0286,FABRICACION Y PLANOS DE CONEXIONES,2203.96
MZ0287,FAROS LED ALTA LUMINOSIDAD,22.02
MZ0288,"FIBRA DE CERAMICA 2""",176.32
MZ0289,FIELTRO DE FIBRA MAT 305,9.88
MZ0290,FIELTRO DE FIBRA MAT GRAMAJE 450,16.5
MZ0291,FIELTRO DE VELO EN SUPERFICIE (TIPO C),55.1
MZ0292,FIJADOR DE ROSCA,41.85
MZ0293,FILTRO DE ACEITE (VOOLCO MODELO: LF777),330.58
MZ0294,FILTRO DE ACEITE DE MOTOR,7.69
MZ0295,FILTRO DE AIRE,44.07
MZ0296,FILTRO DE COMBUSTIBLE,30.85
MZ0297,FILTRO DE COMPRESOR,60.63
MZ0298,FILTRO HIDRAULICO,55.01
MZ0299,FILTROS P-100 P/MASCARILLAS,18.85
MZ0300,FIVE STAR CEMENTOSO P/REP ESTRUCTURALES,176.32
MZ0301,FLEJE DE FIJACION,2.18
MZ0302,"FLEJE 3/4""-1/2"" ACERO INOXIDABLE",15.4
MZ0303,"FLEJE DE 1/2"" ACERO INOXIDABLE",127.82
MZ0304,"FLEJE DE 3/4"" ACERO INOXIDABLE",49.54
MZ0305,FLEJE PARA EMBALAR,71.65
MZ0306,FLEJE METALICO PARA ALTA TEMPERATURA,33.09
MZ0307,GALON DE FONDO EPOXY ALTO SOLIDO,154.29
MZ0308,PINTURA DE FONDO ANTICORROSIVO,43.5
MZ0309,CUÑETE FONDO EPOXICO,826.5
MZ0310,FONDO EPOXICO AMINA HB- HIGH BUILD ALTO ,209.36
MZ0311,FONDO EPOXY DE ALTO SOLIDO,826.5
MZ0312,PINTURA DE FONDO RAL 7040 (GRIS),77.13
MZ0313,ACCESORIO CONDULET FORMA 8,25.36
MZ0314,FORMULA MARINA,11.02
MZ0315,FRESA DE DESGASTE,24.26
MZ0316,"FUNDA DE RODILLO PELO CORTO 4"" X 6 MM",3.28
MZ0317,FUNDA P/RODILLO DE PINTAR,4.32
MZ0318,MATERIAL PAPELERIA FUNDAS TRASNP.,5.54
MZ0319,RECUBRIMIENTO/GALVANIZADO AL FRIO,826.5
MZ0320,GANCHO CON ARANDELA Y TUERCA,2.18
MZ0321,GANCHO TIPO S ACERO INOX 304,3.28
MZ0322,GASOIL PUESTO EN OBRA,1.08
MZ0323,GASTOS REEMBOLSABLES,35372.88
MZ0324,GEL ACOPLANTE (250 ML),5.54
MZ0325,GEL ANTIBACTERIAL,32.73
MZ0326,GLICERINA,8.81
MZ0327,GOMA AISLANTE/PROTECCION MOTORES ELECTRI,8.81
MZ0328,GOMA DE CURADO QUIMICO CLOROBUTILO C623B,440.79
MZ0329,GOMA SOPORTE,13.22
MZ0330,GRAPA TIPO CHAQUETA TEE 3 TAPAS,137.72
MZ0331,GRAPAS PARA GRAPADORA DE OFICINA,2.18
MZ0332,GALON DE GRASA,22.02
MZ0333,GRASA,81.56
MZ0337,GRASA DE ALTA TEMPERATURA,66.14
MZ0338,GRASA GRAFITADA,6.89
MZ0339,GRASA LUBRICANTE ANTI SIZE DE MOLIGDENO,430.87
MZ0340,GRASA LUBRICANTE ANTIFRICCION ALTA TEMPE,66.14
MZ0341,GRASA PARA RODAMIENTOS,16.5
MZ0342,GUANTES,2.18
MZ0343,GUANTES CARNAZA REFORZADO SOLDADOR C/MAT,12.13
MZ0344,GUANTES CAROLINA CON PUNTOS DE PVC,1.08
MZ0345,GUANTES DE CARNAZA LARGO PARA SOLDADOR/F,11.02
MZ0346,GUANTES DE CUERO ANDAMIEROS,3.07
MZ0347,GUANTES TIPO VAQUETA,6.51
MZ0348,"HEBILLA DE 1/2"" ACERO INOXIDABLE",5.54
MZ0349,HEBILLA DE ACERO INOXIDABLE PARA FLEJE 3,5.54
MZ0350,HEMBRILLA DE ACERO INOXIDABLE,0.44
MZ0351,SERVICIO DE HIELO Y AGUA,27.55
MZ0352,HISOPOS,0.53
MZ0353,CONECTOR HUB DE FERALOY ELECTROGALVANIZA,18.73
MZ0354,IDENTIFICACION DE ESTATUS/ETIQUETA,0.61
MZ0355,IMPERMEABILIZANTE XYPEX CONCENTRADO,19.22
MZ0356,IMPERMEABLE P/LLUVIA,15.4
MZ0357,IMPLEMENTOS BASICO DE SEGURIDAD,220.4
MZ0358,"IMPLEMENTOS DE LIMPIEZA (SOLVENTE, ESPAT",117.47
MZ0359,INFORME TOPOGRAFICO,132.23
MZ0360,INFORME TECNICO FINAL,11.7
MZ0361,INHIBIDOR DE CORROSION,165.32
MZ0362,PERFIL UNISTRUD GALVANIZADO EN CALIENTE,22.02
MZ0363,INSPECCION FINAL (PLANOS AS BUILT),2203.96
MZ0364,INSPECCION POR RADIOGRAFIA,2203.96
MZ0365,INSUMOS DE BAÑO,2.51
MZ0366,INSUMOS DE LIMPIEZA,2.51
MZ0367,PINTURA INTER ZINC 22 EPOXI,771.4
MZ0368,PINTURA POLIURETANO INTERTHANE 50,495.91
MZ0369,PINTURA INTERTHEM 50,99.2
MZ0370,PINTURA INTERZINC,936.68
MZ0371,PINTURA INTERZINC 52,661.2
MZ0421,LIPESA 1540 PLV COAGULANTE,9.88
MZ0422,LIQUIDOS DESINFECTANTES,8.81
MZ0423,PROCURA EQ RESPUESTOS 1 AÑO VS-C-2024-01,44740.77
MZ0424,PROCURA ARRANQUE EQUIPOS REPUESTOS VB-C-,6281.35
MZ0425,PROCURA DE MATERIALES VS-C-2024-019-012-,2203.96
MZ0426,LISTON DE MADERA DE 1X1 PLG,2.18
MZ0427,LOGISTICA DE VIAJES,551.02
MZ0428,LOGISTICA PERSONAL DIRECTO,13884.77
MZ0429,LOGISTICA PERSONAL INDIRECTO,8582.76
MZ0430,LONA,55.1
MZ0431,PROCURA EQUIPOS/ACCE PROYECTO: HARDWARE ,166400.48
MZ0432,LUBRICANTE DIELECTRICO,27.55
MZ0433,LUMINARIA CONDORLED DE 200W (120-277)V,683.22
MZ0434,MADERAS PARA SOPORTE Y NIVELACION,210.48
MZ0435,MALLA GALLINERO HUECO 2X2 1.65MTX30MTX1M,88.17
MZ0436,MANGA AISLANTE ESPARRAGOS 1/2,23.12
MZ0437,MANGA AISLANTE ESPARRAGOS 5/8,27.55
MZ0438,MANGAS DE CARNAZA,9.88
MZ0439,MANGUERA  HIDRAULICA MANLIFT,551.02
MZ0440,MANGUERA DEL SISTEMA HIDRAULICO,385.72
MZ0441,MANTA DE LANA MINERAL DE ROCA DE PULG (5,137.72
MZ0442,MANTENIMIENTO DE OBRAS PROVISIONALES,551.02
MZ0443,MANTENIMIENTO DE PLANTA ELECTRICA,132.23
MZ0444,MANTENIMIENTO PLANTA ILUMINACION,132.23
MZ0445,MARCA METAL,11.02
MZ0446,MARQUILLAS PARA IDENTICACION DE CABLES,1.61
MZ0447,MASCARA 3M MODELO 2091/2097MEDIA CARA CO,34.15
MZ0448,MASCARAS DESECHABLE P/POLVO 8210,0.53
MZ0449,CAJA MASCARILLA DESECHABLE 3M P/POLVO 82,38.58
MZ0450,"MATERIALES CONSUMIBLES (CAL, PINTURA)",11.02
MZ0451,"MATERIALES CONSUMIBLES (ESTACAS, CAL, PI",5.54
MZ0452,MATERIALES DE LIMPIEZA P/OBRA PROVISIONA,27.55
MZ0453,MATERIAL DE LIMPIEZA,20.91
MZ0454,MATERIAL DE PRESTAMO GRANULAR,77.13
MZ0455,MATERIAL DE VIDRIO,661.2
MZ0456,MATERIAL ELASTOMERICO PARA JUNTAS,11.02
MZ0457,MATERIAL FIBRA DE VIDRIO ,431.41
MZ0458,MATERIAL PARA INFORME,3.01
MZ0459,MATERIAL P.O.P.,330.58
MZ0460,MATERIAL P.O.P. POR UNIDAD,165.32
MZ0461,MATERIAL DE PRESTAMO PARA RELLENO,11.02
MZ0462,MATERIALES CONSUMIBLES,22.02
MZ0463,"MAT.CONSUMIBLE, MECHAS,ALAMB,ACEITE, TRA",440.79
MZ0464,MAT.ELECTRICIDAD P/INSTALACIONES PROVISI,5.54
MZ0465,MATERIALES DE ELECTRICIDAD P/INST.PROVIS,0.53
MZ0466,MATERIALES DE LIMPIEZA P/FACILIDADES PRO,27.55
MZ0467,MATERIALES DE OFICINA,1377.49
MZ0468,"MATERIALES D/PINTURA(SOLVENTE,BROCHAS Y ",352.52
MZ0469,MATERIALES ELECTRICOS VARIOS ,165.32
MZ0470,MATERIALES MENORES ,936.68
MZ0471,MAT. P/INSTALACION SELLO MECANICO TIPO C,275.51
MZ0472,MATERIALES DE LIMPIEZA,2.18
MZ0473,MATERIALES P/MANTENIMIENTO ,122.42
MZ0474,MATERIALES P/TOPOGRAFIA ,29.74
MZ0475,"CONSUMIBLES VARIOS: CAUCHOS, LUBRICANTES",0.49
MZ0476,MATERIALES VARIOS OBRA CIVIL,1818.29
MZ0477,MECATILLO POR ROLLO,82.64
MZ0478,MECATILLO,1.34
MZ0479,MECHAS,40.77
MZ0480,MECHAS INSERTOS,11.9
MZ0481,MEMBRANA DE PLASTICO NEGRO P/CONFINAR,6.18
MZ0482,MEMORIA USB,16.5
MZ0483,DESPLAZADOR DE HUMEDAD/AGENTE HIDROFOBIC,16.5
MZ0484,MOBILIARIO DE OFICINA SEGUN TIPO DE OBRA,16.5
MZ0485,MONOLENTES DE SEGURIDAD,5.54
MZ0486,"MOPA DE ALAMBRE DE 4""",17.74
MZ0487,MORDAZA PARA RETENER EL CABLE DE TIERRA ,27.55
MZ0490,MOVILIZACION / DESMOVILIZACION GRUA 200 ,25345.75
MZ0491,PINTURA BAJO SISTEMA MUNSELL NEGRO,88.17
MZ0492,PINTURA BAJO SISTEMA MUNSELL VERDE,88.17
MZ0493,NITROGENO N2 LIQUIDO,1.29
MZ0494,OJETES METALICOS DE 17MM,0.42
MZ0495,"DESGASTE TUBO DE ESCAPE. EMPACADURAS, ET",0.62
MZ0496,OTROS MATERIALES,551.02
MZ0497,PALETAS DE MADERA,29.54
MZ0498,PANEL FRONTAL DE TIERRA P/MANLIFT,440.79
MZ0499,PANEL FRONTAL MANDO CESTA P/MANLIFT,391.67
MZ0500,PAÑO DE FIBRA Y MICROCLOTH PARA PULIDO,0.21
MZ0501,PANTALLA FACIAL / CARETA PARA ESMERILAR,12.13
MZ0502,PAPEL HIGIENICO ,2.72
MZ0503,PAPEL P/DOCUMENTOS Y OTROS,2.18
MZ0504,PAPEL P/IMPRESION PLANOS,16.5
MZ0505,PAPEL BOND 20 TAMAÑO CARTA,63.93
MZ0506,PAPELERIA P/LOGISTICA Y SEGURIDAD,1289.34
MZ0507,PAPELERIA ,551.02
MZ0508,PAPELERIA GENERAL PARA REALIZACION DE PL,55.1
MZ0509,PAQUETE (1) DE VASOS Y 3 BOLSAS NEGRAS,11.02
MZ0510,PAQUETE DE 100 VASOS CONICOS P/ TOMA DE ,3.07
MZ0511,PASTA DE LAPEADO,23.63
MZ0512,"PASTA DIAMANTE PARA LAPEADO 10,20,30,40 ",121.22
MZ0513,PASTA EPOXICA,17.84
MZ0514,PASTILLAS DE FRENO,55.1
MZ0515,PEAJES,110.19
MZ0516,PENDRIVE DE 256 GB /USB ALMACENAMIENTO,5.54
MZ0517,PEGA BLANCA PARA PAPELERIA,2.72
MZ0518,PEGA P/TUBERIA PVC,38.58
MZ0519,PEGA LOCTITE,2.51
MZ0520,"PERFIL DE SECCC.TRANSV  ""I"" 120MM ANCHO ",66.14
MZ0521,PERFIL TIPO L 50X50X4MM GALV EN CALIENTE,99.2
MZ0522,PERFIL STRUT SENCILLO ,110.19
MZ0523,PERFIL TIPO U 100X50X4MM GALV EN CALIENT,132.23
MZ0524,PERFIL TIPO U 80X35X4MM GALV EN CALIENTE,110.19
MZ0525,PERFIL UNISTRUT,46.29
MZ0526,PERFIL UNISTRUT TIPO V,110.19
MZ0527,PERFIL TIPO U ALTO=120MM ANCHO=45MM PESO,19.84
MZ0528,PERFORADORA DE OFICINA,11.02
MZ0529,"PERMATEX, TEFLON",11.02
MZ0530,"PERNOS DE ANCLAJE SS 304 3/8"" X 3/4""",9.88
MZ0531,PERNOS TIPO HILTI KB3. TAMAÑO: 1/2’’ X 2,16.5
MZ0532,PERNOS TIPO HILTI KB3. TAMAÑO: 3/8’’ X 2,8.81
MZ0533,PETROLATO /VASELINA,110.19
MZ0534,PINCEL ,2.18
MZ0535,PINTURA,93.67
MZ0536,PINTURA ALUMINIO SILICONADO,385.72
MZ0537,PINTURA BASE SEGUN ESPECIFICACIONES,198.38
MZ0538,PINTURA BITUMINOSA TIPO IPA O SIMILAR,272.75
MZ0539,PINTURA CONDUCTORA DE PLATA,3.28
MZ0540,PINTURA DE ACABADO,198.38
MZ0541,PINTURA DE ALUMINIO SILICONADO,385.72
MZ0542,PINTURA EN SPRAY NEGRO RAL 9005,13.22
MZ0543,PINTURA EPOXI,159.78
MZ0544,PINTURA EPOXICA INTERNATIONAL,198.38
MZ0545,PINTURA EPOXICA MONTANA,132.23
MZ0546,PINTURA FONDO ANTICORROSIVO ALTO ESPESOR,132.23
MZ0547,PINTURA FONDO EPOXICO PROMOTOR ADHERENCI,110.19
MZ0548,PINTURA FONDO INORGANICO RICO EN ZINC,255.68
MZ0549,PINTURA GALVANIZADO EN FRIO,176.32
MZ0550,PINTURA GELCOAT ESTER CON PROTECCION UV,4.41
MZ0551,PINTURA GENERAL,771.4
MZ0552,PINTURA GRIS RAL 7033,110.19
MZ0553,PINTURA GRIS RAL 7040,127.82
MZ0554,PINTURA INTERMEDIA,198.38
MZ0555,PINTURA NARANJA RAL 2010,126.73
MZ0556,PINTURA POLIURETANO ALUMINIO ,716.28
MZ0557,PINTURA POLIURETANO RAL 7040,260.67
MZ0558,PINTURA AMARILLO SEÑAL RAL 1003 ,99.2
MZ0559,PINTURA SILICONADO (INTERHTHERM 50),275.51
MZ0560,PINTURA VERDE BLANQUESINO RAL 6019,132.23
MZ0561,PLACA ACERO INOXIDABLE 6X4CM TAG GRABADO,33.09
MZ0562,PLACA DE IDENTIFICACION,55.1
MZ0563,PLACA DE IDENTIFICACION P/VALVULAS,11.79
MZ0564,PLACA DE INDENTIFICACION DE ACERO INOXID,5.54
MZ0565,"PLACA PARA GAMMAGRAFIA DE 3 1/2"" X 17""",23.12
MZ0566,PLANCHA DE ACERO AL CARBONO E=1/4’’ A-36,66.14
MZ0567,PLANCHA DE ACERO AL CARBONO E=1/4’’ A-36,110.19
MZ0568,"PLANCHA DE ACERO E=1/2"" DIMENSION 1.2X2.",539.95
MZ0569,"PLANCHA ESTRIADA DE E=1/4""",286.54
MZ0570,PLANCHA METALICA FABRICADA,9.83
MZ0571,PLANO DIMENSIONAL CORTE DE ANILLOS DE TA,2203.96
MZ0572,USO DE PLANTA ELECTRICA POR DIA,22.02
MZ0573,PLASTICO NEGRO 3 M DE ANCHO,5.54
MZ0574,PLASTICO PARA EMBALAR,6.85
MZ0575,PLETINA DE SOPORTE ,385.72
MZ0576,PLIEGO DE LIJA,2.39
MZ0577,PLIEGOS DE LIJAS 40 Y 80/JUEGO,28.62
MZ0578,PLUG ANTI RUIDO,1.61
MZ0579,POLAINAS,9.81
MZ0580,POLIEURETANO RALL 9005,167.51
MZ0581,PINTURA DE POLIURETANO,187.34
MZ0582,PINTURA DE POLIURETANO GRIS RAL 7040,991.78
MZ0583,PINTURA DE POLIURETANO ROJO RAL 300,826.5
MZ0584,PRE ACELERADOR (OCTANATO DE COBALTO),45.17
MZ0585,PRENSA ESTOPA,7.99
MZ0586,PRENSA ESTOPA P/REEMP CABLES DE POTENCIA,33.09
MZ0587,PROCURA PLANCHAS ACERO EN PARADAS DE PLA,1.08
MZ0588,PRODUCTOS DE LIMPIEZA,9.78
MZ0589,PROTECCION METALICA PARA TRANSFORMADORES,17.09
MZ0590,CAJA DE PROTECTOR AUDITIVO DESECHABLE,19.84
MZ0591,PROTECTOR AUDITIVO REUSABLES C/CORDON,1.61
MZ0592,PUNTERA /TERMINAL CABLE PUNTA HUECA VARI,44.07
MZ0593,"RAMPLUG HILTI 1/2"" CON TORNILLOS",10.49
MZ0594,REACTIVO DE ATAQUE METALOGRAFICA,8.81
MZ0595,REACTIVO DE ATAQUE QUIMICO Y ELECTROLITI,1.61
MZ0596,REACTIVO DE LABORATORIO,2470.66
MZ0597,REACTIVO DE PREPARACION METALOGRAFICA,8.81
MZ0598,CILINDRO DE NITROGENO/CONTENIDO,109.38
MZ0599,"RECTIFICADO DE CABEZALES DE 52""",16529.87
MZ0600,"REDUCCION 1"" A 1/2"" ASTM A-105",44.07
MZ0601,"REDUCCION NTP-H X NPT-M, TAMAÑO: 1/2"" X ",33.09
MZ0602,"REDUCCION NTP-H X NPT-M, TAMAÑO: 1"" X 1/",30.85
MZ0603,"REDUCCION NTP-H X NPT-M, TAMAÑO: 1"" X 3/",26.45
MZ0604,"REDUCCION NTP-H X NPT-M, TAMAÑO: 1/2"" X ",30.85
MZ0605,REDUCTOR FERALOY ELECTROGALVANIZADO,5.54
MZ0606,"REDUCTOR 1-1/4"" NPT-M X 1/2"" NPT-F A105,",44.36
MZ0607,REENTUBADO TALLER,93669.13
MZ0608,REFRIGERANTE,38.58
MZ0609,REFRIGERANTE PARA MECANIZADO TALADRINA,8.35
MZ0610,REFRIGERIOS,330.58
MZ0611,REJILLA GALVANIZADA EN CALIENTE,3.28
MZ0612,CUOTAPRTE DE REPARACIONES VARIAS: CAJAS ,0.52
MZ0613,REPORTE DE INSPECCION DE PINTURA ,2203.96
MZ0614,REPUESTOS VARIOS P/INSTALACION DE TABLER,7713.89
MZ0615,MATERIAL DE PAPELERIA RESALTADORES,7.69
MZ0616,RESINA / CATALIZADOR FIBRA DE VIDRIO ,20.05
MZ0617,RESINA VINIL ESTER,36.34
MZ0618,RESPIRADERO UNIVERSAL DE ACERO  INOXIDAB,49.54
MZ0619,"RIEL ASIMETRICO NUMERO 10X1/2"" LARGO:200",33.09
MZ0620,RIEL OMEGA,10.3
MZ0621,"RIEL UNITRUS 2"" DE LONGITUD 2.40M",6.62
MZ0622,RIEL UNITRUST,6.62
MZ0623,RODAMIENTOS DE ALTERNADOR,63.93
MZ0624,"RODILLO P/PINTAR 4""",4.63
MZ0625,RODILLOS,22.02
MZ0626,ROLA DE MADERA,16.5
MZ0627,SACO DE CEMENTO REFRACTARIO,16.5
MZ0628,TRAPO,3.76
MZ0629,SACOS BIG BAGS (SUPER SACOS),55.1
MZ0630,SELLO CORTAFUEGO CLAS1 DIV2 GR.D NPT-MXN,99.2
MZ0631,SELLO CORTAFUEGO CLAS1 DIV2 GR.D NPT-MXN,55.1
MZ0632,SELLO VERT/HORIZ C/NIPLE ACERO CLASE1 DI,165.32
MZ0633,"SELLO VERTICAL/HORIZONTAL D=1""",49.54
MZ0634,MATERIAL DE PAPELERIA SEPARADORES,1.08
MZ0635,SERVICIO DE ACHIQUE CON CAMION DE VACIO,165.32
MZ0636,SERVICIO DE ACHIQUE Y LIMPIEZA DE BAÑOS,22.02
MZ0637,SERVICIO ARENA/CEMENTO 5KG/CM2 EN PLANTA,297.54
MZ0638,SERVICIO DE BOTE DE BASURA,826.5
MZ0639,SERVICIO DE CLINICA,44.36
MZ0640,SERVICIO DE DISPOSICION DE DESECHOS DOME,55.1
MZ0641,SERVICIO DE INSPECCION INPSASEL,3625.54
MZ0642,SERVICIO DE RADIOGRAFIA,385.72
MZ0643,SERVICIO SUMINISTRO GASOIL P/MAQUINARIAS,1190.17
MZ0644,SERVICIO DE TORNO Y MECANIZADO,275.51
MZ0645,SERVICIO DE TRATAMIENTO TERMICO,1102
MZ0646,SERVICIO DISPOSICION FINAL DE EFLUENTES,165.32
MZ0647,SERVICIO PHASED ARRAY,551.02
MZ0648,SERVICIO TECNICO ESPEC. DE MANT.MAYOR DE,41875.6
MZ0649,SIKA MONO TOP SEAL 107,285.42
MZ0650,SIKA MONO TOP SEAL 412-SF6,113.49
MZ0651,SIKADUR 32 POR SACO,49.54
MZ0652,SIKADUR 32 POR KG,285.42
MZ0653,SIKADUR-32 PRIMER,71.65
MZ0654,SIKAGUARD 290,104.68
MZ0655,SIKALISTO 21,44.07
MZ0656,SILICON GRIS ALTA TEMPERATURA 85GR,22.07
MZ0657,SILICON PERMATEX,5.54
MZ0658,SILICON TRANSPARENTE ALTA TEMPERATURA,16.5
MZ0659,SILICON Y ELEMENTOS P/ARMAZON,14.31
MZ0660,"SILVER SPONGE MEDIA SCO 18,1 KG (40 LBS)",286.54
MZ0661,SISTEMA DE LUCES ,88.17
MZ0662,SISTEMA ELEVA VIDRIOS,220.4
MZ0663,REFRIGERIO P/PERSONAL,8.81
MZ0664,SODA CAUSTICA,29.31
MZ0665,SOLVENTE P/MANTENIMIENTO DE COMPRESOR,16.5
MZ0666,SOLVENTE P/MANTENIMIENTO BOMBAS ,35.23
MZ0667,SOLVENTE DE PINTURA,28.11
MZ0668,SOLVENTE,19.84
MZ0669,SOLVENTE DIELECTRICO,16.5
MZ0670,SOLVENTE LIMPIADOR DIELECTRICO,11.02
MZ0671,SOLVENTE MECANICO,76.04
MZ0672,SOLVENTE PARA LIMPIEZA DE RESINA,15.4
MZ0673,SOLVENTE UNIVERSAL,66.14
MZ0674,SOLVENTE UNIVERSAL HB,22.02
MZ0675,SOPORTE,6.62
MZ0676,SOPORTE DE GRAFITO P.A,4.41
MZ0677,SPRAY AMBIENTADOR ,6.62
MZ0678,SPRAY COLORES VARIOS,8.81
MZ0679,STICKER TAG VALVULA,33.09
MZ0680,SUMINISTRO COMBUSTIBLE DIARIO PLANTA ELE,2.18
MZ0681,"SUM DE ANGULO 65X65X6 MM X 1195 MM, MAT ",93.67
MZ0682,SUMINISTRO DE MANGUERAS Y FUELLES ,881.57
MZ0683,SUMINISTRO DE PLETINA 100X6MMX7715MM MAT,132.23
MZ0684,SUMINISTRO DE PLETINA 50X6MMX7715MM MAT ,110.19
MZ0685,SWITCH DE ACCIONAMIENTO EN PANEL DE TIER,55.1
MZ0686,SWITCH DE ENCEDEDIDO DESDE TABLERO TIERR,275.51
MZ0687,TABLAS DE APOYO / PAPELERIA,5.54
MZ0688,TABLERO DE DISTRIBUCION CON 12 BREAKERS,2184.2
MZ0689,TABLERO DE DISTRIBUCION 14 BREAKERS ,181.83
MZ0690,TABLERO DE DISTRIBUCION DE BAJA TENSION ,13422.23
MZ0691,TABLERO DISTRIBUCION POTENCIA LS101-LS20,309621.18
MZ0692,TALADRINA ACEITE SOLUBLE P/CORTE,66.14
MZ0693,TALCO INDUSTRIAL,2.61
MZ0694,TANQUES TINTA P/IMPRESIONES,5.54
MZ0695,TAPA CIEGA C/TORNILLOS P/CONDULET FORMA ,16.5
MZ0696,TAPA  FINAL  PARA  BORNES,0.21
MZ0697,TAPA CIEGA C/TORNILLOS P/CONDULET FORMA ,33.09
MZ0698,TAPA OIDOS (200UND),44.07
MZ0699,TAPON DE DRENAJE DE ACERO INOX. 316SS NP,18.73
MZ0700,"TAPON SOCKET DE 3/4"" ASTM A-105, 3000 LB",22.02
MZ0701,TEFLON INDUSTRIAL,3.28
MZ0702,TERMINAL DE COBRE PARA CALIBRE 6 HOJAL 3,1.07
MZ0703,TERMINALES ,13.22
MZ0704,TERMINALES POR PZA,1.61
MZ0705,TERMINALES DE CONEXIONES ELECTRICAS,16.5
MZ0706,TERMINALES DE PUNTA (10),0.12
MZ0707,TERMINALES PARA CABLE NO. 8 AWG,0.32
MZ0708,TERMINAL PARA CABLES (4 AWG 75°),0.66
MZ0709,TERMINALES PARA CABLES 2/0 AWG,4.78
MZ0710,"TERMINALES CAL # 4, 6 Y 10-600V P/CONEXI",27.55
MZ0711,THINNER (200LTS),495.91
MZ0712,THINNER ,4.41
MZ0713,TINTA ECOSOLVENTE,35.23
MZ0714,LAPIZ CORRECTOR TIPEX O SIMILAR,4.41
MZ0715,TOALLAS HUMEDAS FACIALES,2.66
MZ0716,TOALLAS /TOALLIN INDUSTRIAL EN BULTO,20.46
MZ0717,TOALLIN SECANTE ,1.61
MZ0718,TONER,38.58
MZ0722,"TORNILLERIAS, ALAMBRE, FLEJES, SELLANTE",88.17
MZ0723,"TORNILLO Y TUERCA  DE  Ø1/2"" X 1""",1.5
MZ0724,"TORNILLO ½ ""  X 1/8 """,0.16
MZ0725,"TORNILLO 1/2"" GALV CALIENTE C/ARANDELA-T",3.87
MZ0726,TORNILLO CABEZA HEXAGONAL C/ALEACION D/B,11.02
MZ0727,TORNILLO PARA RAMPLUG AZUL ,0.11
MZ0728,TORNILLO Y TUERCA DE ACERO AL CARBONO TA,11.02
MZ0729,TORNILLOS,11.02
MZ0730,TORNILLO AUTOROSCANTE,1.97
MZ0731,"TORNILLOS AUTOROSCANTES #14-14X 1.1/4""",0.16
MZ0732,TRAILER DE OFICINAS,22.02
MZ0733,TRANSPORTE,22.02
MZ0734,TRANSPORTE CONTRACTUAL DIRECTO PCP,15.73
MZ0735,TRANSPORTE CONTRACTUAL DIRECTO NO PCP,15.73
MZ0736,TRANSPORTE PERSONAL,11.02
MZ0737,TRANSP PERSONAL INDIRECTO CONTRACTUAL Y ,15.73
MZ0738,TRANSP PERSONAL DIRECTO P-PLAT ENTRADA 6,15.73
MZ0739,TRANSP PERSONAL MENSUAL DIRECTO,15.73
MZ0740,SACO DE TRAPO (20KG),44.07
MZ0741,TRASLADO PERSONAL DIRECTO,15.72
MZ0742,TRASLADO PERSONAL INDIRECTO,15.72
MZ0743,TUBO ACERO GALVANIZADO CALIENTE ARG PESA,44.07
MZ0744,"TUBO D=16"" DE CONCRETO",385.72
MZ0745,"TUBO DE ACERO AL CARBONO 1/2""SCH 80",13.29
MZ0746,"TUBO DE COBRE DIFERENTES DIAMETRO 1/2"" -",22.02
MZ0747,"TUBO DE COBRE DIFERENTES DIAMETRO 1/4"" -",16.5
MZ0748,TUBO DE COBRE DIFERENTES DIAMETROS,22.02
MZ0749,TUBO DE ACERO DE 2X1X6M,11.02
MZ0750,"TUBO PVC D=1"" SCH 40 X 3M",19.1
MZ0751,FUNDAS AISLANTES ROYALFLEX H,2.18
MZ0752,"TUERCA  HEXAGONAL 3/8"" BURNDY 38C",0.02
MZ0753,"TUERCA  HEXAGONAL DE 1/2"" ",0.11
MZ0754,TUERCAS,22.02
MZ0755,UNIDAD DE AIRE ACONDICIONADO 3 TON. MARC,1146.05
MZ0756,UNIDAD DE AIRE ACONDICIONADO 5 TON. MARC,1829.29
MZ0757,"UNION COUPLING, NPT. TAMAÑO: 3/4""",19.84
MZ0758,UNION UNIVERSAL CLASE 1 DIVISION 2 DE Ø=,165.32
MZ0759,UNION UNIVERSAL CLASE 1 DIVISION 2 DE Ø=,104.68
MZ0760,"UNION UNIVERSAL NTP-M X NTP-H, TAMAÑO:  ",99.2
MZ0761,"UNION UNIVERSAL NTP-M X
NTP-H, TAMAÑO:  ",77.13
MZ0762,UTILES LIMPIEZA: CEP-TOBO-GUANT-MASC-DEL,35.23
MZ0763,UTILES Y ENSERES PARA OFICINA ,2.18
MZ0764,"VALVULA COMPUERTA Ø 1/2""A105 SW INT13 CR",214.88
MZ0765,VALVULA DE SERVICIO,2.18
MZ0766,"VALVULA DE BOLA 1/2"" ASTM A-105 #800",203.87
MZ0767,VARILLA 308L P/SOLDAR,16.5
MZ0768,VARILLA 309 P/SOLDAR,94.05
MZ0769,"ELECTRODO 6010 1/8"" P/SOLDAR",10.57
MZ0770,"ELECTRODO 7018 1/8"" P/SOLDAR",5.43
MZ0771,VARILLA DE PLATA 15%,8.81
MZ0772,VARILLA DE SOLDAR ER70S-2  TIG/MIG,22.02
MZ0773,"VARILLA SOLDAR ER70S-2 D= 3/32"" MIG/TIG",24.26
MZ0774,VARILLA ER80S SOLDADURA TIG,22.02
MZ0775,VARILLA ER80S-B2 SOLDADURA TIG/MIG,6.62
MZ0776,VARILLA TIG SOLDAR ACERO INOXIDABLE,41.85
MZ0777,VARILLA TIG ER70S  ACERO AL CARBONO,22.02
MZ0778,VASOS CONICOS P/AGUA POTABLE X CAJA,61.72
MZ0779,PINTURA VERDE RAL 6019,481.42
MZ0780,VIATICOS (COMIDA+TRANSP +ALOJAM.),110.19
MZ0781,VINIL AUTOADHESIVO ,46.29
MZ0782,PINTURA ZINC RICH,137.72
MZ0783,PINTURA ACABADO POLIURETANO RAL 7033,169.09
MZ0784,"CONDULET  D=3/4"" TIPO C",16.5
MZ0785,INHIBIDOR DE CORROSION P/CALDERAS,33.36
MZ0786,CONSUMIBLES VARIOS P/INSTALACIONES PROVI,88.17
MZ0787,CONSU MANTENIM MENOR TURBINA K-202T PARA,3305.97
MZ0788,CONSU MANT MENOR COMPRESOR K-101 PARADA ,4407.96
MZ0789,CONSUMIBLE MANT MENOR P/K-202+K202-R1 PA,3856.99
MZ0790,CONSU MANT MAYOR COMPRESOR K-301LP PARAD,5509.95
MZ0791,CONSU MANT MENOR COMPRESOR K-301HP PARAD,5289.56
MZ0792,CONSU MANT MANTENIMIENTO MAYOR K-302 PAR,4628.34
MZ0793,CONSUMIBLES MANT MAYOR K-302T PARADA PLA,4958.96
MZ0794,CONSUMIBLES MANT MAYOR K-301-P1A PARADA ,1652.99
MZ0795,CONSU MANT MENOR P-611 ABCD PARADA PLANT,2754.98
MZ0796,CONSUMIBLES MANTENIMIENTO MAYOR P-613 PA,2203.96
MZ0797,MANTENIMIENTO PREVENTIVO DE MOTOR DIESEL,1102
MZ0798,CONSU MANT PREV BOTONERA MOT ELECT PARAD,110.19
MZ0799,CONSU MANT PREV/PRUEBAS RESISTOR NGR PAN,440.79
MZ0800,CONSU MANT  MENOR P-621 A /B PARADA PLAN,3305.97
MZ0801,CONSU MANT MANTENIMIENTO MAYOR P-620 A P,3305.97
MZ0802,CONSU MANT MAYOR TURBINA K-101T PARADA P,4407.96
MZ0803,CONSU MANT MAYOR K201/MENOR K-201R1 PARA,4407.96
MZ0804,CONSU MANT MAYOR TURBINA K-201T PARADA P,4407.96
MZ0805,CONSU MANT MENOR P-624 A /B PARADA PLANT,4407.96
MZ0806,CONSU MANT MAYOR P-621 AT PARADA PLANTA,3856.99
MZ0807,CONSU MANT  MENOR TURBINA K-301T PARADA ,5289.56
MZ0808,CONSUMIBLES MANT MAYOR K-301-P1AT PARADA,1652.99
MZ0809,CONSUMIBLES MANT MAYOR K-301-P2A PARADA ,1652.99
MZ0810,CONSU MANT MAYOR TURBINA K-301-P3AT PARA,1652.99
MZ0811,CONSUMIBLE MANT MAYOR K-301-P4 A/B PARAD,1652.99
MZ0812,CONSU MANT MENOR P-620 AT P ARADA PLANTA,1652.99
MZ0813,CONSU MANT PREV  GENERADOR ELECT G-660 P,2203.96
MZ0814,MANT REEMPLAZO INST GENER DIESEL G-660 P,440.79
MZ0815,"TAPON SOCKET D=1"" ASTM A-105, 3000 LBS",55.1
MZ0816,COMIDAS (CENAS),11.02
MZ0817,"BARRA ROSCADA DE 1/2"" X 2M",22.02
MZ0818,CONSU. MANT. MAYOR P-614 AT PARADA DE PL,2754.98
MZ0819,PAPEL CEBOLLA /VEGETAL P/DIBUJO,5.54
MZ0820,LAPIZ CORRECTOR LIQUIDO TIPEX O SIM,5.54
MZ0821,PEGA BLANCA P/PAPELERIA 500 CC,5.54
MZ0822,GRAPAS P/ENGRAPADORA-GRAPADORA OFICINA,3.28
MZ0823,TRANSP. ACERO P/TANQUE ACIDO SULF. TK-83,1322.37
MZ0824,FIVE STAR DP EPOXY GROUT JGO A+B+C,881.57
MZ0825,"ARANDELA D/PRESION GALVANIZADA 1/2"" PAQ ",33.09
MZ0826,"ARANDELA D/PRESION GALVANIZADA 1/2""",0.06
MZ0827,CERTIFICADO DE CALIDAD DE MONTACARGA TOY,661.2
MZ0828,CERTIFICADO DE CALIDAD DE GRUA BRODERSON,1102
MZ0829,CERTIFICADO DE CALIDAD DE BRAZO ARTICULA,1102
MZ0830,CERTIFICADO DE CALIDAD DE BRAZO ARTICULA,1046.87
MZ0831,CERTIFICADO DE CALIDAD DE MONTACARGA HYU,661.2
MZ0832,CERTIFICADO CALIDAD COMPRESOR SULLAIR 37,881.57
MZ0833,CERTIFICADO DE CALIDAD DE MANLIFT,881.57
MZ0834,FILTRO GRUESO DE 25 MICRAS,169.71
MZ0835,FILTRO FINO DE 5 MICRAS,102.47
MZ0836,GASTOS ALIMENTACION (CENA /COMIDA O SIMI,11.02
MZ0837,RADIO DE REPOSICION PRO 5150 MOTOROLA,991.78
MZ0838,"CONVENIO 1ER MES PRE, POST Y CLINICA",88.17
MZ0839,"TUBO ACERO-CARBONO 1"" E=4,55MM 5,44K/M S",36.79
MZ0840,"CONECTOR CONDUIT PESADO HUB  Ø 1 1/2"" ES",28.62
MZ0841,TRANSPORTE PLANCHAS ACERO AREAS PETROQUI,0.53
MZ0842,PINTURA POLIURETANO RAL 9016 BLANCO TRAF,176.32
MZ0843,SERVICIO DE ESPECIALISTA EN INSTRUMENTAC,628.12
MZ0844,SERVICIO DE ESPECIALISTA EN MASONEILAN,1432.57
MZ0845,SERVICIO DE ESPECIALISTA EN AUTOMATIZACI,628.12
OFI001,COMPUTADOR PC I5 P/MAESTRO CONTROL PROCE,1432.57
OFI002,"COMPUTADOR I5, SOFTWARE BASICO E IMPRESO",1487.68
OFI003,"COMPUTADOR I5, SOFTWARE P/SIST AUTOMAT R",1652.99
OFI004,SOFTWARE PROCESAMIENTO GEMELO DIGITAL,440.79
OFI005,SOFTWARE ARCGIS/ INFORMACION GEOGRAFICA,551.02
OFI006,LICENCIA CERTIFICADA ACTUALIZACION BASE ,551.02
OFI007,LICENCIA DE SOFTWARE DE SOPORTE,220.4
OFI008,LICENCIA DE SERVICIOS WEB,275.51
OFI009,TRASLADO AL SITIO P/INSTALACION DE SOFTW,55.1
OFI010,DERECHO PROPIEDAD INTELECTUAL SOFTWARE,55.1
OFI011,SUMINISTROS VARIOS DE OFICINA,22.02
OFI012,SERVICIOS PREPARACION SOFTWARE P/ENTREGA,33.09
OFI013,SERVICIOS PLATAFORMA ONLINE/SOFTWARE,66.14
PET001,INDICADOR DE ESTATUS,0.64
PET002,ETIQUETA DE CALIBRACION,1.29
PET003,CARPETA DE LAZOS,6.34
PET004,MARQUILLAS PARA IDENTIFICACION,1.75
PET005,PINTURA ESMALTE POLIURETANO,182.94
PET006,CINTA SELLANTE DE NEOPRENO,76.04
PET007,LIMPIADOR CONTACTOS ELECTRICOS,63.93
PET008,LIMPIADOR DE METALES,19.84
PET009,FILTRO DE REPUESTO,25.36
PET010,GRASA,190.09
PET011,PUNTERA /TERMINAL CABLE PUNTA HUECA VARI,99.2
PIL001,ESTUDIO DE SUELOS P/PILOTES,33.09
PIL002,HINCADO DE TUBOS P/PILOTES S/COTIZACION ,108
PIL003,PILOTES 0.60M  VERT HINCADO BASE ENSANCH,175.22
PIL004,PRUEBA DE CARGA EN PILOTE 52 CM INCLUYE ,2203.96
PIL005,PILOTES 0.70 M  VERT HINCADO BASE ENSANC,170.8
PIL006,BENTONITA,1.97
PIL007,PILOTES 0.60 M  INCLIN HINCADO BASE ENSA,154.29
PIL008,PILOTES 0.70 M  INCLINAD. HINCADO BASE E,176.32
PIL009,PERFORACION DE PILOTE,113.49
PIL010,PERFORACION/VACIADO CON BENTONITA D = 1,88.17
PIL011,PERFORACION DE POZO DE AGUA / BAJA DIFIC,16529.87
PIL012,PERFORACION DE POZO DE AGUAS CLARAS /PRO,27549.75
PIL013,ESTUDIO GEOTECNICO P/TORRES ZONAS AISLAD,1763.2
PIL014,ESTUDIO GEOTECNICO P/TORRES ZONA DIFICIL,1322.37
PIL015,"BENTONITA AQUAGEL SCO 22,68 KG",49.54
PIL016,BARITA/ SULFATO DE BARIO SCO 40 KG,88.17
PIN001,PINTURA BARNIZ NATURAL,70.52
PIN002,PINTURA ESMALTE SINTETICO (SYNREX-MONTAN,57.34
PIN003,PINTURA DE ESMALTE SATINADO MONTANA O SI,77.13
PIN004,PINTURA CAPA COLOR (ROJO),47.38
PIN005,PINTURA FONDO SELLADOR ANTIALCALINO,48.45
PIN006,PINTURA FONDO ANTICORROSIVO GRIS/ROJA #,38.58
PIN007,PINTURA FONDO SELLADOR,44.07
PIN008,PLIEGO DE LIJA GRANO 150,2.18
PIN009,PLIEGO DE LIJA,2.39
PIN010,"PINTURA CAUCHO TIPO ""A"" P/INTERIOR 5 GLN",242.42
PIN011,MATERIALES TIPO 1 PARA PINTAR,0.11
PIN012,PINTURA DE ESMALTE VP O SIMILAR,52.91
PIN013,"PINTURA CAUCHO TIPO ""A"" P/EXTERIOR 5 GLN",251.24
PIN014,PINTURA EPOXICA AMERLOCK 400 O SIM,220.4
PIN015,PINTURA ANTICORROSIVA DE PRIMERA CALIDAD,55.1
PIN016,PINTURA ANTICORROSIVA,47.92
PIN017,PINTURA DE ALUMINIO DIFUSO,54.02
PIN018,"PINTURA DE CAUCHO TIPO ""A"" MONTANA O SIM",51.84
PIN019,"PINTURA ACROVINILICA INTERIOR TIPO ""A""",49.54
PIN020,PINTURA DE CAUCHO CLORADO,73.85
PIN021,MATERIAL PARA ELIMINAR ADHERENCIA EN CAB,0.11
PIN022,PINTURA CAUCHO CLORADO P/VIALIDAD NO REF,66.14
PIN023,PINTURA DE TRAFICO REFLECTIVA,68.32
PIN024,PINTURA EN PASADORES LISOS (L/2),2.18
PIN025,PINTURA P/PROTECCION RECUBRIMIENTO EPOXI,121.22
PIN026,PINTURA EPOXICA PARA FONDO,82.64
PIN027,PINTURA PARA POSTE TIPO B.T. CON ACCESOR,49.54
PIN028,PINTURA PARA POSTE DE ACERO A.T. Y ACCES,44.07
PIN029,PINTURA TRANSICAPA A COLOR PARA CANCHAS,48.45
PIN030,PINTURA Y LACA PARA IMPRESION DE PICTOGR,10.18
PIN031,SOLVENTE MINERAL XILOL,16.5
PIN032,SOLVENTE PARA BROCHAS,26.18
PIN033,PINTURA SUPER ESMALTE MONTANA O SIMILAR,58.41
PIN034,PINTURA DE ESMALTE TIPO A #,57.34
PIN035,PINTURA EN POLVO ELECTROSTATICA BLANCO L,24.26
PIN036,PINTURA EN POLVO ELECTROSTATICA AZULADA,24.26
PIN037,PINTURA EN POLVO ELECTROSTATICA NEGRO MA,24.26
PIN038,PINTURA SATINADO,52.39
PIN039,PINTURA ESMALTE SHERWIN WILLIAMS O SIM,50.73
PIN040,"BROCHA DE 3""",8.81
PIN041,"PINTURA DE CAUCHO TIPO ""A"" O SIMILAR",48.45
PIN042,PINTURA DE TRAFICO BLANCA CON PERLAS,308.56
PIN043,PINTURA DE TRAFICO AMARILLA CON PERLAS,297.54
PIN044,PINTURA PARA CANCHAS IMPERPLAST O SIM,220.4
PIN045,SOLVENTE PARA BREA EPOXICA (EPOCRET THIN,27.55
PIN046,PINTURA SELLADOR ESPECIAL,52.91
PIN047,PINTURA DE CAUCHO MONTANA O SIMILAR TIPO,55.1
PIN048,"PINTURA DE CAUCHO MONTANA TIPO ""B"" O SIM",40.77
PIN049,PINTURA SELLADOR PARA MADERA LISTO P/APL,55.1
PIN050,SEÑAL PLASTICA INCENDIO/ESCAPE 20X25 CM,6.62
PIN051,SIKAFELT TELA PARA APLICAR SIKAFILL,1.08
PIN052,"PINTURA DE CAUCHO VP TIPO ""A"" O SIMILAR",49.54
PIN053,"PINTURA DE CAUCHO PINCO TIPO ""B"" O SIMIL",39.67
PIN054,PINTURA DE TRAFICO REFLECTIVA STANDARD,308.56
PIN055,MATERIAL TERMOPLASTICO REFLECTIVO,4.41
PIN056,MICROESFERAS DE VIDRIO-PERLAS P/PINTURA ,6.62
PIN057,PINTURA DE CAUCHO,49.54
PIN058,PINTURA BASE PARA CANCHAS TRANSICAP O SI,220.4
PIN059,PINTURA TRAFICO BLANCA SIN PERLAS AYA O ,269.98
PIN060,PINTURA POLVO OXIDO DE HIERRO ROJO,6.62
PIN061,PINTURA BREA EPOXICA POLIAMIDA JGO 5 GAL,385.72
PIN062,PINTURA MATIZADA TIPO A,46.29
PIN063,"PINTURA MATIZADA FLAMUKO TIPO ""B"" O SIM",26.45
PIN064,MASILLA EPOXICA Y ACTIVADOR,92.57
PIN065,SEÑAL REFLECTIVA TIPO IA  GRADO INGENIER,22.02
PIN066,PINTURA MATIZADA MONTANA TIPO A,51.84
PIN067,"PINTURA MATIZADA MONTANA TIPO ""B"" O SIM",38.58
PIN068,SEÑAL REFLECTIVA TIPO IB SUPER INGENIERI,28.62
PIN069,SEÑAL REFLECTIVA TIPO II SUPER INGENIERI,49.21
PIN070,"PINTURA MATIZADA PINCO PITTSBURG TIPO ""A",44.07
PIN071,BANDA DE LIJA PARA LIJADORA ELECTRICA,4.41
PIN072,PINTURA EPOXICA P/PISOS TRAFICO PESADO-2,137.72
PIN073,PINTURA MATIZADA VP O SIMILAR,41.85
PIN074,PINTURA MATIZADA GRUPO QUIMICO TIPO A,42.94
PIN075,PINTURA ESMALTE ALQUIDICO,82.64
PIN076,GALVANIZADO DE ACERO EN CALIENTE / MAYOR,0.85
PIN077,PINTURA EPOXICA (PARTES A+B) 20 M2/GALON,138.85
PIN078,PINTURA TRANSICAPA NEGRA,154.29
PIN079,PINTURA FONDO DE CAUCHO CLORADO HI-BILD ,74.95
PIN080,PINTURA POLIURETANO TRANSPARENTE,102.47
PIN081,PINTURA FONDO MINIO ANTICORROSIVO MONTAN,85.97
PIN082,PINTURA FONDO EPOXICO CORRO GUARD,99.2
PIN083,PINTURA DE CAUCHO CLORADO,74.4
PIN084,SOLVENTE PARA BREA EPOXICA,18.73
PIN085,CONVERTIDOR DE OXIDO TANITEC O SIMILAR G,385.72
PIN086,SOLVENTE VENSOL PARA LIMPIEZA,14.85
PIN087,PINTURA FONDO EPOXICO POLIAMIDA,99.2
PIN088,PINTURA DE COLOR EDIL,33.94
PIN089,PINTURA AMALGOL P/CANCHAS Y TECHOS,176.32
PIN090,PINTURA DE TRAFICO BLANCA SIN PERLAS,275.51
PIN091,PINTURA TRAFICO AMARILLA SIN PERLAS MANP,286.54
PIN092,CONO PARA SEÑALIZACION (NACIONAL),27.55
PIN093,CONO PARA SEÑALIZACION (IMPORTADO) \,49.54
PIN094,PINTURA POLVO OXIDO ROJO P/PISO (IMPORTA,11.02
PIN095,"TIRRO/CINTA ANCHO=1"" X 30 M \",3.28
PIN096,FUNDA/CAMISA PARA RODILLO /PINTURA CAUCH,7.69
PIN097,FUNDA/CAMISA PARA RODILLO /PINTURA ESMAL,8.81
PIN098,PINTURA TRANSICAPA,37.45
PIN099,PINTURA CAPA COLOR (ROJO),286.54
PIN100,PINTURA ASFALTICA ROJA 5 GL,160.9
PIN101,PINTURA POLVO OXIDO AZUL P/PISO,6.07
PIN102,PINTURA POLVO OXIDO AMARILLO P/PISO,6.62
PIN103,POLVO OXIDO DE HIERRO VERDE P/PISO IMPOR,11.55
PIN104,PINTURA POLVO OXIDO NEGRO P/PISO,7.69
PIN105,PINTURA ASFALTICA (IPA O SIM),49.54
PIN106,SOLVENTE UNIVERSAL (THINNER SUAVE),39.67
PIN107,PINTURA SELLADOR NITRO P/CARPINTERIA-MAD,68.32
PIN108,PINTURA CAPA COLOR O SIM,46.29
PIN109,PINTURA FONDO ALQUIDICO MONTANA O SIM,71.65
PIN110,PINTURA DE TRAFICO BLANCA SIN PERLAS,60.63
PIN111,PINTURA DE TRAFICO AMARILLA SIN PERLAS,66.14
PIN112,PINTURA FONDO ALQUIDICO ANTICORROSIVO,60.63
PIN113,PINTURA CAUCHO EXTERIOR MONTANA AV-2000 ,61.72
PIN114,"PLIEGOS DE LIJAS GRANO 320, 150 Y 80",6.62
PIN115,PINTURA TEXTURIZADA (5 GALONES),148.75
PIN116,BREA EPOXI POLIAMIDA (BASE Y CATALIZADOR,88.17
PIN117,PINTURA BARNIZ POLIURETANO,93.67
PIN118,PINTURA ACABADO POLIURETANO,132.23
PIN119,PINTURA FONDO PROMOTOR ADHES. MONTANA WA,68.6
PIN120,PINTURA FONDO ALQUIDICO INTERPRIME OCPA ,66.14
PIN121,EPOXYDUR: EPOXY/ REPARACION-RECUBRIMIENT,12.13
PIN122,EPOXYDUR: EPOXY/ REPARACION-RECUBRIMIENT,4.41
PIN123,OJO DE GATO P/SEÑALIZACION VIAL BIDIRECC,3.17
PIN124,PINTURA DE ESMALTE ACABADO MARINO,63.93
PIN125,OJO DE GATO PARA SEÑALIZACION UNIDIRECCI,3.28
PIN126,PEGA TERMOPLASTICA P/FIJACION DE OJOS DE,8.81
PIN127,EPOXICO DE 2 COMPONENTES P/SUPERFICIE ME,440.79
PIN128,AGREGADO SECO  CUARZO-SILICE 20-30 P/ROD,2.18
PIN129,AGREGADO SECO CUARZO SILICE 20-30 P/RODA,0.97
PIN130,SOLVENTE T-410 P/ EPOXICO EMBEGUARD FE,99.2
PIN131,SOLVENTE T-410 P/ EPOXICO EMBEGUARD FE,9.88
PIN132,AGREGADO ESPECIAL SECO 10-30 P/ CAPA ROD,1.61
PIN133,AGREGADO CUARZO-SILICE SECADO 10-30 -ROD,0.74
PIN134,PINTURA / PRIMER EPOXYCO,9.88
PIN135,PINTURA FONDO ANTICORROSIVO CROMATO ZINC,51.84
PIN136,"BROCHA DE  4""",12.13
PIN137,"BROCHA DE  2""",6.07
PIN138,"BROCHA DE  3 1/2""",11.02
PIN139,"BROCHA DE  1""",4.75
PIN140,"CINTA 3M SCOTCHRAP ANTICORROSIVA 2"" 100 ",49.54
PIN141,PIPE PRIMER PARA CINTA ANTICORROSIVA SCO,440.79
PIN142,"ESPATULA METALICA DE 3""",3.28
PIN143,ALCANT. MET. REC. EPOXICO ELECT. AMBAS C,23.59
PIN144,ALCANT. MET. REC. EPOXICO ELECT. AMBAS C,17.64
PIN145,PINTURA DE ESMALTE MATE TIPO A,60.63
PIN146,PINTURA SUPER ESMALTE BRILLANTE TIPO A,54.02
PIN147,PINTURA EMULSIONADA GRAFIADO MONTANA O S,209.36
PIN148,PINTURA TRANSPARENTE POLIURETANO ANTIGRA,110.19
PIN149,"CINTA 3M SCOTCHRAP ANTICORROSIVA 4"" 100 ",66.14
PIN150,"CINTA 3M SCOTCHRAP ANTICORROSIVA 6"" 100 ",132.23
PIN151,"CINTA 3M SCOTCHRAP ANTICORROSIVA 8"" 100 ",176.32
PIN152,PINTURA ESPECIAL PARA PISCINAS /TANQUES,104.91
PIN153,CATALIZADOR PARA PINTURA POLIURETANO (1/,14.31
PIN154,"PINTURA DE CAUCHO SATINADO TIPO ""A""",60.63
PIN155,PINTURA TEXTURIZADA DE COLOR (PREPARADA),157.6
PIN156,PINTURA: RECARGO POR PREPARACION DE COLO,11.02
PIN157,ADITIVO IMPERMEABILIZANTE ADESITOP 205 O,38.58
PIN158,GALVANIZADO ACERO EN CALIENTE (INDUSTRIA,0.64
PIN159,GALVANIZADO ACERO EN CALIENTE / DETALLIS,1.08
PIN160,ANGULOS DE ACERO CON PROCESO DE GALVANIZ,3.87
PIN161,PINTURA EPOXICA P/PISOS TRAFICO LIGERO,104.68
PIN162,PINTURA FONDO SELLADOR ANTIALCALINO 5 GA,170.8
PIN163,PINTURA FONDO EPOXICO PROMOTOR ADHERENCI,85.97
PIN164,"PINTURA SPRAY ESMALTE ACRILICO 0,415L",6.62
PIN165,"BROCHA DE  6""",23.34
PIN166,PINTURA FONDO SELLADOR CONCENTRADO P/MAD,84.53
PIN167,"CINTA 3M SCOTCHRAP ANTICORROSIVA 4"" 100 ",99.2
PIN168,CINTA ANTIRRESBALANTE 3M PARA PISOS\,60.63
PIN169,"CINTA ANTIRRESBALANTE 3M 16"" PISOS\",27.55
PIN170,"TIRRO/CINTA ANCHO=1/2"" X 30 M",2.72
PIN171,"TIRRO/CINTA ANCHO=3/4"" X 30 MT",3.28
PIN172,PINTURA FONDO ESMALTE ANTICORROSIVO,46.95
PIN173,PINTURA TERMOPLASTICA PARA VIALIDAD,4.97
PIN174,"PINTURA TERMOPLASTICA P/VIALIDAD 22,7 KG",112.61
PIN175,TINTA PINTURA P/MANDERA COLOR CAOBA,13.22
PIN176,TINTA PINTURA P/MANDERA COLORES VARIOS 1,22.02
PIN177,TINTA PINTURA P/MANDERA COLORES VARIOS,52.91
PIN178,PINTURA POLIURETANO BLANCA,99.2
PIN179,PINTURA POLIURETANO ROJA,104.68
PIN180,"CINTA ANTIRRESBALANTE 3M 16""X30 YARD \",495.91
PIN181,"RODILLO, BROCHA, PALUSTRA, CEPILLO (DESG",3.28
PIN182,AGENTE ACTIVANTE PARA EPOXICO,7.69
PIN183,AGREGADO SILICEO SECO 40/140  O 20/30,0.42
PIN184,CONVERTIDOR DE OXIDO TANITEC O SIMILAR,426.47
PIN185,PINTURA FONDO ANTIALCALINO P/PAREDES,44.07
PIN186,PINTURA DE CAUCHO EMULSIONADA LATEX,60.63
PIN187,PINTURA EPOXICA,132.23
PIN188,"PINTURA DE ESMALTE ACRILICO TIPO ""A"" ",57.87
PIN189,PINTURA FONDO ANTICORROSIVO PARA METALES,43.5
PIN190,SOLVENTE PARA ESMALTE,22.02
PIN191,CEPILLO Y HARAGAN P/ IMPERM. DESGASTE,0.53
PIN192,PEGA / ADHESIVO EPOXICO P/OJO DE GATO VI,8.81
PIN193,REMOVEDOR DE PINTURA GLN,55.1
PIN194,SIKA SILICON P/SELLO FACHADAS REPELENTE ,69.41
PIN195,MICROESFERAS VIDRIO P/PINTURA TRAFICO SA,165.32
PIN196,LETRAS EN PAPEL REFLECTIVO 3M P/SEÑALES ,7.69
PIN197,PAPEL REFLECTIVO 3M P/SEÑALES \,16.5
PIN198,PINTURA 3M (COLOR NEGRO)\,128.84
PIN199,SOLVENTE,24.26
PIN200,PINTURA 3M (VARIOS COLORES)\,104.68
PIN201,"EMULSION, CLORO, BLOQUEADOR SILK SCREEN",9.88
PIN202,"BROCHA DE  5""",17.64
PIN203,PAPEL REFLECTIVO 3M (LAMINA) \,6.62
PIN204,PAPEL REFLECTIVO 3M (LETRAS) \,8.71
PIN205,ESTOPA NACIONAL ,3.28
PIN206,PINTURA REFLECTIVA DE SECAMIENTO RAPIDO,66.14
PIN207,PINTURA ALUMINIO INDUSTRIAL,57.34
PIN208,"TIRRO 3-M, ANCHO = 1 "" X L=3O MTS",3.28
PIN209,SOLVENTE ESPECIAL XILOL,17.64
PIN210,PINTURA FONDO SELLADOR / CARPINTERIA-MAD,51.84
PIN211,SOLVENTE PARA SELLADOR MADERA/PINTURA,24.26
PIN212,PLIEGO DE LIJAS /JUEGO VARIOS GRANOS (4),8.81
PIN213,"PERFILES/ANGULOS DE ACERO, PINTADOS P/TO",3.28
PIN214,DEMARCADOR OJO DE GATO SEÑAL UNIDIRECCIO,2.96
PIN215,PINTURA ACRILICA (PARA METALES),60.63
PIN216,PINTURA DE CAUCHO SATINADO MONTANA O SIM,56.2
PIN217,PINTURA SIKAFILL IMPERMEABILIZANTE ROJA,209.36
PIN218,PINTURA SIKAFILL IMPERMEABILIZANTE VERDE,231.42
PIN219,SIKA SILICON P/SELLO FACHADAS REPELENTE ,308.56
PIN220,REMOVEDOR OXIDO SIKA RUSTEX O SIM GLN,77.13
PIN221,SELLADOR SIKAFLEX  P/JUNTAS CARTUCHO 300,17.64
PIN222,"TIRRO/CINTA 3M VERDE P/PINTAR ANCHO=3/4""",4.41
PIN223,PINTURA ACABADO MARTILLADO P/METALES,33.09
PIN224,PLIEGO DE LIJA GRANO 180,2.39
PIN225,PINTURA DE PERFILES/ANGULOS EN TORRES,0.79
PIN226,PINTURA BARNIZ DIELECTRICO P/EMBOBINADO,13.22
PIN227,"TIRRO/CINTA EMBALAJE ANCHO 2"" L=90 M",5.54
PIN228,PINTURA FONDO ANTICORROSIVA P/HERRERIA,54.02
PIN229,PINTURA DE TRAFICO AMARILLA CON PERLAS,74.95
PIN230,PINTURA SIKAFILL IMPERMEABILIZANTE BLANC,67.5
PIN231,PINTURA SIKAFILL IMPERMEABILIZANTE VERDE,64.73
PIN232,PINTURA SIKAFILL IMPERMEABILIZANTE GRIS,56.75
PIN233,"REMOVEDOR OXIDO SIKA RUSTEX 1,4 KG (1 LT",27.55
PIN234,PINTURA EPOXICA POLIURETANO MARINA,440.79
PIN235,PINTURA PARA PIZARRA / PIZARRON,42.94
PIN236,PINTURA METACRILIC ALTA RESIST. SIKAGARD,233.62
PIN237,RESINA EPOXICA SIKA POXITAR N (A+B) 25 K,283.23
PIN238,PINTURA CANCHA DEPORTIVA CAPA COLOR DOS ,4.41
PIN239,PINTURA INT/EXT PAREDES C/APLIC FONDO AN,7.69
PIN240,MATERIALES TIPO 1 PARA PINTAR EXCLUIDA P,37.45
PIN241,BANDA/TIRA P/LIJADORA ELECTRICA 1MX15CM ,4.97
PIN242,PLIEGO DE LIJA GRANO 400,2.75
PIN243,CONVERTIDOR DE OXIDO TANITEC O SIMILAR 1,23.12
PIN244,PINTURA BARNIZ NATURAL,19.01
PIN245,PINTURA BARNIZ COLOR CAOBA,54.13
PIN246,PINTURA BARNIZ COLOR NOGAL,54.13
PIN247,PROMOTOR ADHESION P/GALVANIZADO A+B WASH,66.14
PIN248,OJO DE GATO LED SOLAR INTERMITENTE,28.62
PIN249,PEGAMENTO / ADHESIVO EPOXICO P/OJO DE GA,11.02
PIN250,"PINTURA CAUCHO TIPO ""A"" P/INTERIOR MONTA",50.73
PIN251,"PINTURA CAUCHO TIPO ""A"" P/INTERIOR 4 GLN",209.36
PIN252,"PINTURA CAUCHO TIPO ""A"" P/EXTERIOR 4 GLN",240.23
PIN253,"PINTURA CAUCHO TIPO ""A"" MONTANA/SIM COLO",60.63
PIN254,PINTURA DE TRAFICO BLANCA CON PERLAS,77.13
PIN255,FONDO P/GALVANIZADO FRIO 10KG RICO EN ZI,406.62
PIN256,PINTURA FONDO MACROPOXY POLIAMIDA,121.22
PIN257,PINTURA POLIURETANO C/COLOR PREPARADO,41.85
PIN258,PINTURA CAUCHO CLORADO P/VIALIDAD REFLEC,82.64
PIN259,PINTURA LACA ACRILICA MADERA C/COLOR PRE,38.58
PIN260,CONVERTIDOR DE OXIDO TANITEC O SIMILAR L,121.22
PIN261,REMOVEDOR DE OXIDO GLN,49.54
PIN262,PINTURA EPOXICA AMERLOCK 400 O SIMKIT 2 ,440.79
PIN263,SOLVENTE PARA PINTURA,37.45
PIN264,PINTURA FONDO RICO EN ZINC,148.75
PIN265,PINTURA FONDO ZING 158 INORGANICO,1300.36
PIN266,PINTURA EPOXICA INDUSTRIAL/MARINA,148.31
PIN267,PLIEGO DE LIJA,1.08
PIN268,BROCHAS,8.81
PIN269,INTERSEAL 670HS O SIM. RECUBRIMIENTO EPO,187.34
PIN270,PINTURA INTERTHANE 990 POLIURETANO ALIFA,132.23
PIN271,PINTURA INTERZINC 52 EPOXI ZINC INTERNAC,165.32
PIN272,KIT FUNDA/CAMISA P/RODILLO /PINTURA EPOX,33.09
PIN273,FUNDA/CAMISA P/RODILLO /PINTURA EPOXICA,22.02
PIN274,PINTURA POLIURETANO RAL 9006,176.32
PIN275,PINTURA POLIURETANO ALUMINIO RAL 9006,881.57
PIN276,PINTURA POLIURETANO RAL 7034,165.32
PIN277,PINTURA ALUMINIO SILICONA / RAL 6032,165.32
PIN278,PINTURA ALUMINIO SILICONA / RAL 6032,881.57
PIN279,PINTURA POLIURETANO NARANJA RAL 2010,881.57
PIN280,SOLVENTE UNIVERSAL/ CTE 5 GALONES,275.51
PIN281,PAPEL KRAFT MARRON P/PINTURA Y LATONERIA,0.53
PLO001,ACCESORIOS PARA TUBERIA,0.11
PLO002,TUBO HF /HIERRO FUNDIDO 1 CAMPANA L=3M D,56.98
PLO003,TUBO HF /HIERRO FUNDIDO 1 CAMPANA L=3M D,99.21
PLO004,TUBO HF /HIERRO FUNDIDO 1 CAMPANA L=3M D,167.41
PLO005,"TUBO PVC A.N. D=6"" / 160 MM REFORZADO E=",32.12
PLO006,"ANILLO HG  D=3/4""",2.72
PLO007,"ANILLO HG  D=1/2""",2.18
PLO008,"ANILLO HG  D=1 1/4""",7.69
PLO009,"ANILLO HG  D=2""",12.13
PLO010,"ANILLOS HG REDUCIDOS D=1"" X 3/4""",4.75
PLO011,"ANILLOS HG REDUCIDOS D=2 1/2  X 2""",19.84
PLO012,"ANILLO HG  D=1 1/2""",8.01
PLO013,"ANILLO HG  D=2 1/2""",20.91
PLO014,"ANILLO HG  ISO D=1""",5.76
PLO015,"ANILLO EMT P/TUBO EMBUTIDO D=3/4"" ELECTR",1.4
PLO016,"ANILLO EMT D=1/2"" S/R",0.85
PLO017,"TUBO DE FIBROCEMENTO D=14"" 350 MM CLASE ",144.12
PLO018,"ANILLOS HG REDUCIDOS D=3/4"" X 1/2""",3.28
PLO019,"ANILLOS HG REDUCIDOS D=2"" X 1 1/2""",13.22
PLO020,"REDUCCION PVC A.B.  3/4"" X 1/2"" BUSHING",1.4
PLO021,"TUBO DE FIBROCEMENTO D=18"" 450 MM CLASE ",195.14
PLO022,TEFLON PARA ROSCAS,0.42
PLO023,"CODO HG 45 GRADOS D=1/2""",1.18
PLO024,"CODO HG 45 GRADOS D=3""",13.76
PLO025,"CODO  HF  45º  D=10""",288.96
PLO026,"CODO  HF  45º D=6""",83.32
PLO027,"CODO HG 90 GRADOS D=1""",4.08
PLO028,"CODO HG 90 GRADOS D=2""",6.39
PLO029,"CODO HF 90 GRADOS D=10"" C/CAMPANA",287.52
PLO030,"CODO HG 90 GRADOS D=2 1/2""",21.37
PLO031,"CODO HG 90 GRADOS D=6""",60.63
PLO032,"CODO PVC 45 GRADOS A.N. D=4"" REFORZADO  ",8.22
PLO033,VALVULA REDUCTORA DE PRESION DE BRONCE D,815.45
PLO034,LLAVE DE PASO TIPO COMPUERTA DE BRONCE D,551.02
PLO035,"CODO PVC 90 GRADOS A.N. D=4""",6.62
PLO036,"CODO PVC 90 GRADOS A.N. D=2""",3.07
PLO037,"CODO PVC 90 GRADOS A.N. D=3""",6.22
PLO038,"CODO PVC 90 GRADOS A.N. D=4"" LIVIANA E= ",5.86
PLO039,"CODO HG 90 GRADOS D=1/4""",1.29
PLO040,"CODO HF 90 GRADOS D=3""",36.51
PLO041,"CODO  HF  45º  D=2""",19.07
PLO042,"CODO HF 90 GRADOS D=2""",23.12
PLO043,"CODO HF 90º  X 18"" LARGO D=2""",24.26
PLO044,"CODO HG 90 GRADOS D=1 1/4""",5.54
PLO045,"TUBO DE FIBROCEMENTO D=30"" 750 MM CLASE ",435.29
PLO046,"CODO HG 90 GRADOS D=3""",13.22
PLO047,"CODO  HF  45º  D=3""",36.1
PLO048,"TUBO DE FIBROCEMENTO D=36"" 900 MM CLASE ",621.7
PLO049,"CODO HF 90 GRADOS D=4""",49.54
PLO050,"CODO HF 90 GRADOS D=6""",79.11
PLO051,"TUBO DE FIBROCEMENTO D=42"" 1050 MM CLASE",856.23
PLO052,"CODO HG 45 GRADOS D=3/4""",2.07
PLO053,"TUBO DE FIBROCEMENTO D=3"" 75 MM CLASE A1",17.09
PLO055,"CODO PVC 45 GRADOS A.N. D=2"" REFORZADO E",3.87
PLO056,COLECTOR - DESAGUE,5.76
PLO057,COLECTOR/DESAGUE DOBLE METAL COCINA A.N.,41.85
PLO058,DESAGUE PARA URINARIO,17.64
PLO059,DESAGUE DE METAL P/FREGADERO,16.5
PLO060,ESTOPA PARA CALAFATEO HF ( 2 KG/PAQ) IMP,4.97
PLO061,ESTOPA NACIONAL EN PAQUETE,2.84
PLO062,"INDUFLEX 3"" PARA HF",39.67
PLO063,"INDUFLEX 4"" PARA HF",64.82
PLO064,LLAVE/VALVULA TIPO COMPUERTA BRONCE ROSC,101.81
PLO065,"INDUFLEX 2"" PARA HF",33.83
PLO066,BRAZOS METALICO PARA DUCHA,9.35
PLO067,"JUNTA DRESSER HG D= 3""",66.14
PLO068,LLAVE DE PASO TIPO COMPUERTA DE BRONCE D,209.36
PLO069,LLAVE/VALVULA DE ARRESTO TIPO COMPUERTA ,55.1
PLO070,LLAVE DE PASO TIPO COMPUERTA DE BRONCE D,84.87
PLO071,LLAVE DE PASO TIPO COMPUERTA DE BRONCE D,30.85
PLO072,LLAVE DE PASO TIPO COMPUERTA DE BRONCE D,143.23
PLO073,LLAVE DE PASO TIPO COMPUERTA DE BRONCE D,41.85
PLO074,LLAVE DE PASO TIPO COMPUERTA DE BRONCE D,242.42
PLO075,LLAVE DE PASO TIPO COMPUERTA DE BRONCE D,121.22
PLO076,VALVULA DE COMPUERTA HF  DIN D=110 MM,494.25
PLO077,VALVULA DE COMPUERTA HF  DIN D=160 MM,3129.64
PLO078,LLAVE DE PASO TIPO COMPUERTA DE BRONCE D,595.07
PLO079,LLAVE SENCILLA (CHORRO / PICO),15.4
PLO080,MATERIALES PARA CONEXION DE TUBERIA PVC,0.11
PLO081,MATERIALES P/TAPONEO PROVISIONAL DE TUBE,6.62
PLO082,MATERIALES VARIOS,0.1
PLO083,MATERIALES TIPO 1 P/HIERRO GALVANIZADO,1.18
PLO084,MATERIALES TIPO 1 PARA HIERRO GALVANIZAD,1.08
PLO085,"NIPLE HG  1/2"" X 15 CM",3.28
PLO086,"NIPLE HG  D=1/2"" X 15 CM",2.18
PLO087,"NIPLE HG  D=3/4""",2.39
PLO088,"NIPLE HG  D=1 1/2"" X 6""",6.62
PLO089,"NIPLE HG  D=2"" X 6""",9.88
PLO090,PEGAMENTO/SOLDADURA LIQUIDA PAVCO O SIM.,49.54
PLO091,"PLOMO EN LAMINAS 11,34 TON/M3",1.61
PLO092,REDUCCION PVC ACUEDUCTO 160 A 110 MM EE ,98.09
PLO093,ANILLO REDUCCION PVC A.N. 110 A 50 MM (4,4.18
PLO094,"ANILLO DE REDUCCION HG  1 1/4""",5.54
PLO095,"ANILLO REDUCCION HG 1""",4.41
PLO096,"ANILLO REDUCCION HG MENORES A 1""",2.84
PLO097,"SIFON DE HF  D=2""",36.34
PLO098,SIFON METALICO,24.26
PLO099,SILICON UNIVERSAL P/SELLAR/ADHESIVO,8.81
PLO100,SILICON Y ELEMENTOS PARA ARMAZON,11.02
PLO102,"TAPA CIEGA DE REGISTRO DE BRONCE D=4""",28.62
PLO103,"TAPA CIEGA DE REGISTRO DE BRONCE D=4""",30.04
PLO104,"TAPA CIEGA DE REGISTRO DE BRONCE  D=2"" A",10.7
PLO105,"TAPA CIEGA DE REGISTRO DE BRONCE D=3"" A.",23.12
PLO106,TAPON HG  CON TEFLON Y ROSCA,2.18
PLO107,"TAPON DE REGISTRO  HF  D=2""",23.12
PLO108,"TAPON ROSCADO PVC D=2"" A.B.",3.28
PLO110,TAPON DE REGISTRO CIRCULAR DE BRONCE  D=,20.91
PLO112,"TAPON DE REGISTRO  HF  D=3""",38.58
PLO113,"TAPON DE REGISTRO  HF  D=4""",59.96
PLO115,"TAPA DE REGISTRO A.N. PVC D=3""",4.18
PLO116,"TAPON DE REGISTRO DE BRONCE D=2"" A.N.",6.62
PLO119,"TAPON HG  D=1 1/4""",2.96
PLO120,"TAPON HG  D=1""",2.18
PLO121,"TAPON HG  PERFORADO 3/4""",2.07
PLO122,"ANILLO PVC A.N. DE 10"" X 8""",18.73
PLO123,"TEE HG  D=3/4""",3.87
PLO124,"TEE HG  ASTM D=1/2""",2.18
PLO125,"TEE HG  ASTM D=1 1/2""",8.81
PLO126,"TEE HG  ASTM D=3/4""",3.28
PLO127,LLAVE DE PASO TIPO COMPUERTA DE BRONCE D,31.95
PLO128,"TEE HG  D=1 1/4""",8.22
PLO129,"TEE HG  D=1""",6.62
PLO130,"TEE HG  D=1 1/4""",7.69
PLO131,"TEE 110 X 110 X 110 MM, EEE, PVC A.B.",44.84
PLO132,"TEE  HF  D=3""",40.77
PLO133,"TEE PVC A.N. D=2""",2.39
PLO134,TEE PVC A.N. DE 160 X 160 X 160 MM,13.22
PLO135,"TEE HG  D=1""",5.54
PLO136,"TEE  HF  D=2""  X 18""",25.23
PLO137,"TEE  HF  D=2""",36.34
PLO138,"TEE  HF  D=4 X 2 X 18""",58.41
PLO139,"TEE HG  REDUCIDA D=1 1/2"" X 1""",9.88
PLO140,"TEE HG  D=2 1/2""",16.5
PLO141,"TEE HG  D=3"" X 3""",33.09
PLO142,"TEE HG  D=1""",7.59
PLO143,"TEE HG  REDUCIDA  D=2"" X 1""",9.88
PLO144,"TEE HG  REDUCIDA D=3/4"" X 1/2""",3.28
PLO145,"TEE  HF  D=6""",99.26
PLO146,"TEE HG  D=2""",9.88
PLO147,"TEE HG  REDUCIDA  D=3"" X 2 1/2""",36.34
PLO148,"TEE HG  D=2""",12.13
PLO149,"TEE HG  D=3/4""",4.51
PLO150,"TEE HG  ISO D=1""",3.97
PLO151,"TEE HG  ISO D=1/2""",1.08
PLO152,"TEE PVC A.N. D= 2""",2.18
PLO153,"ANILLO PVC A.N. D=8""  - 1,99 KGF/PZA",11.02
PLO154,"ANILLO REDUCCION PVC A.N. 8"" X 6""",13.22
PLO155,"VALVULA CHECK DE PIE CON FILTRO D = 3""",281.02
PLO156,"TAPON PVC A.B. D=3/4"" ASTM",1.66
PLO157,"TUBO HG ISO I D = 2""  # 4,69 KG/M",38.58
PLO158,"TUBO HG ISO I D=4"" A.B. #",82.71
PLO159,"TUBO PVC A.B. D=4""",37.36
PLO160,"TUBO PVC A.B. D=3""",33.2
PLO161,"TUBO PVC A.B. D=2""",14.79
PLO162,"TUBO EMT D= 1/2"" ACERO GALVANIZADO",3.69
PLO164,"TUBO HG  D=1 1/2""  ASTM 120 - 4.20 KG/M",35.89
PLO165,"TUBO HG  ASTM 120 D=1"" 2.6094 KG/M",25.36
PLO166,"TUBO HF 1 CAMPANA D=2"" L=1.5 M",56.98
PLO167,"TUBO HF 1 CAMPANA D=3"" L=1.5 M",80.56
PLO168,"TUBO HF 1 CAMPANA D=4"" L=1.5 M",103.81
PLO169,"TUBO HG  D=3""  ASTM 120",93.8
PLO170,"TUBO HG  D=2 1/2""  ASTM 120",71.86
PLO171,"TUBO HG  ASTM 120 D= 3/4"" 6.40 M",14.32
PLO172,"TUBO HG  ASTM 120 D=1/2"" 6.40 M",10.78
PLO173,"TUBO HG ISO I D = 2""",39.34
PLO175,"TUBO HG  P/ VENTILACION D=2"" E=2.6 MM 3,",19.67
PLO176,"TUBO PVC A.N. D=4"" P/RAMAL E=3.2 MM REFO",22.02
PLO177,"TUBO HG  ASTM 120  D=3/4""",15.35
PLO178,"TUBO HG  ASTM 120 D=3/4"" 6.40 M",91.77
PLO179,"TUBO DE CONCRETO CL= C-2  D=10"" 0,25M J.",44.07
PLO180,"TUBO DE CONCRETO J.M. D = 0,90 M (36"") C",350.44
PLO181,"TUBO DE CONCRETO J.M. D = 0,30 M (12"") C",66.14
PLO182,"TUBO HG  ASTM 120 D=3/4"" 6.40 M",14.32
PLO183,"TUBO HF 1 CAMPANA D=3"" L=1.5 M",121.19
PLO184,"TUBO HF 2 CAMPANAS D=2"" L=1.5 M",85.53
PLO185,"TUBO HF 2 CAMPANAS D=4"" L=1.5 M",161.47
PLO186,"CODO 45º  PVC A.B. D=3/4"" ASTM",2.18
PLO187,"TUBO HG  ASTM 120 D=1 1/4"" 6.40 M",29.03
PLO188,"TUBO HG ISO I D=1 1/4""",21.65
PLO189,"TUBO HG  ASTM 120 D=1"" 6.40 M",22.12
PLO190,"TUBO HG  ASTM 120 D=2"" 6.40 M",50.18
PLO191,"MINI TUBO HF D=10""  L=1 M",382.19
PLO192,"TUBO HF D=2"" L=3 M",152.38
PLO193,"TUBO HF D=3"" L=3 M",226.06
PLO194,"TUBO HF D=4"" L=3 M",285.25
PLO195,"TUBO HF D=6"" L=3 M",466.48
PLO196,"TUBO GALVANIZADO D=1 1/2"" CERCA P=1.117 ",7.5
PLO197,"TUBO HG ISO I D=1"" 2,29 KG/M",20.19
PLO198,"TUBO HG ISO I D= 3"" L=6,40 M #",57.74
PLO199,"TUBO PVC A.N. D=8"" NORMA E=4 MM #",47.97
PLO200,"TUBO HG  ASTM 120 D=2"" 6.40 M",45.59
PLO201,"TUBO HG 2"" P/CONEX RAMAL EXISTENTE",29.75
PLO202,"TUBO HG ISO I D=3/4""  A.B. #",10.77
PLO203,"TUBO HG ISO II D=3""",64.45
PLO204,"TUBO HG ISO II D=1""",17.97
PLO205,"TUBO PVC A.N. D=10"" DE L=3 M E=4,9 MM",220.4
PLO206,"TUBO PVC A.N. D=12"" DE L=3 M NORMA E= 6,",407.78
PLO207,"TUBO PVC A.N. D=2"" (51 MM) E=1,8 MM LIVI",4.79
PLO208,"TUBO PVC A.N. D=3"" (75 MM) LIVIANO E=1,8",5.86
PLO209,"TUBO PVC A.N. D=4"" / 110 MM E = 2,2 MM N",14.31
PLO210,"TUBO PVC A.N. D=2"" NORMA E=1,8 MM",3.81
PLO211,"TUBO PVC A.N. D=8"" L=3M E= 4 MM",42.94
PLO212,"VALVULA DE RETENCION BRONCE D=2""",47.38
PLO213,"TUBO PVC A.N. D=4"" NORMA L=3 M E= 2,2 MM",14.77
PLO214,"TUBO PVC A.N. D=2"" VENTILACION E=1.8 MM ",6.62
PLO215,"UNION UNIVERSAL HG D = 2""",33.09
PLO216,"UNION UNIVERSAL HG D = 1 1/2""",30.85
PLO217,LLAVE/VALVULA DE PASO TIPO COMPUERTA D=1,19.84
PLO218,LLAVE/VALVULA DE PASO TIPO COMPUERTA D=2,165.32
PLO219,LLAVE/VALVULA DE PASO TIPO COMPUERTA D=3,31.95
PLO220,"LLAVE/VALVULA LLENADO BRONCE D=1"" P/GASE",110.19
PLO221,"YEE PVC A.N. REDUCIDA 4"" X 2""",8.81
PLO222,"YEE PVC A.N. REDUCIDA 4"" X 3""",8.22
PLO223,"YEE 6"" X 4"" DE PVC A.N.",20.91
PLO224,"YEE PVC A.N. 2"" (50 MM) LIVIANA  E=1,8 M",2.72
PLO225,"YEE PVC A.N. 3"" (75 MM) LIVIANA  E=1,8 M",6.73
PLO226,"YEE PVC A.N. 4"" (110 MM)  LIVIANA E= 2,2",13.22
PLO227,"UNION UNIVERSAL PVC A.B. D=3/4"" ASTM-AGU",3.07
PLO228,"YEE HF  D=4""",52.64
PLO229,"YEE HF D=3""",35.23
PLO230,"YEE HF DOBLE D=2""",18.96
PLO232,"YEE HF DOBLE D=3""",35.23
PLO233,"TUBO ACERO-CARBONO COST D=1 1/2"" E=3,68M",176.37
PLO234,"YEE PVC A.N. D=10"" REFORZADO",92.87
PLO235,"REDUCCION PVC A.B. DE 3""X 2""",7.59
PLO236,"YEE PVC A.N. 8""",44.06
PLO237,"ANILLOS REDUCIDOS DE HG  3/8"" X 1/4""",1.08
PLO238,"ANILLOS REDUCIDOS DE HG  1/2"" X 3/8""",1.5
PLO239,"ANILLOS REDUCIDOS DE HG  1"" X 3/4""",3.65
PLO240,"ANILLOS REDUCIDOS DE HG  1 1/4"" X 1/2""",4.41
PLO241,"ANILLOS REDUCIDOS DE HG  1 1/4"" X 3/4""",3.76
PLO242,"ANILLOS REDUCIDOS DE HG  1 1/4"" X 1""",3.81
PLO243,"ANILLOS REDUCIDOS DE HG  1 1/2"" X 1/2""",3.28
PLO244,"ANILLOS REDUCIDOS DE HG  1 1/2"" X 3/4""",4.41
PLO245,"ANILLOS REDUCIDOS DE HG  1 1/2"" X 1""",4.08
PLO246,"ANILLOS REDUCIDOS DE HG  1 1/2"" X 1 1/4""",4.08
PLO247,"ANILLOS REDUCIDOS DE HG  2"" X 3/4""",6.62
PLO248,"ANILLOS REDUCIDOS DE HG  2"" X 1""",7.69
PLO249,"ANILLOS REDUCIDOS DE HG  2"" X 1 1/4""",6.62
PLO250,"ANILLOS REDUCIDOS DE HG  2"" X 1 1/2""",12.13
PLO251,"ANILLOS REDUCIDOS DE HG  2"" X 1/2""",8.81
PLO252,"ANILLOS REDUCIDOS DE HG  2 1/2"" X 3/4""",11.02
PLO253,"ANILLOS REDUCIDOS DE HG  2 1/2"" X 1""",9.88
PLO254,"ANILLOS REDUCIDOS DE HG  2 1/2"" X 1 1/4""",12.13
PLO255,"ANILLOS REDUCIDOS DE HG  2 1/2"" X 1 1/2""",13.22
PLO256,"ANILLOS REDUCIDOS DE HG  2 1/2"" X 2""",15.4
PLO257,"ANILLOS REDUCIDOS DE HG  3"" X 1""",20.91
PLO258,"BUSHINGS DE HG 3/8""  X  1/4"" ANILLO REDU",1.29
PLO259,"BUSHINGS DE HG 1/2""  X  3/8"" ANILLO REDU",1.61
PLO260,"BUSHINGS DE HG 3/4""  X  1/2"" ANILLO REDU",2.72
PLO261,"BUSHINGS DE HG 1""  X  1/2"" ANILLO REDUCT",3.55
PLO262,"CODO HG 90 GRADOS D=1/2""",1.33
PLO263,"CODO HG 90 GRADOS D=3/4""",2.39
PLO266,"CODO HG 90 GRADOS D=1 1/2""",10.7
PLO267,"CODO HG 90 GRADOS D=3/8""",1.18
PLO268,"CODO HG 45 GRADOS D=1""",2.61
PLO269,"CODO HG 90 GRADOS D=4""",22.35
PLO270,"CODO HG 45 GRADOS D=1 1/2""",9.88
PLO271,"CODO HG 45 GRADOS D=2""",6.29
PLO272,"CODO HG 45 GRADOS D=2 1/2""",17.64
PLO273,"CODO HG 45 GRADOS D=4""",23.12
PLO274,"CODO HG 45 GRADOS D=6""",55.1
PLO275,"TEE DOBLE (CRUZ) DE HG  D=1/2""",2.18
PLO276,"TEE DOBLE (CRUZ) DE HG  D=3/4""",4.3
PLO277,"CRUCES / TEE DOBLE DE HG  D=1""",7.15
PLO278,"TEE HG  D=3/8""",2.51
PLO279,"TEE HG  D=1/2""",3.28
PLO280,"TEE HG  D=1 1/2""",8.81
PLO281,"TEE HG  D=3""",36.34
PLO282,"TEE HG  D=4""",47.38
PLO283,"TEE HG  D=6""",77.13
PLO284,"TAPA HG  D=3/8""",0.64
PLO285,"TAPA HG  D=1/2""",1.18
PLO286,"TAPA HG  D=3/4""",1.21
PLO287,"TAPA HG  D=1""",2.72
PLO288,"TAPA HG  D=1 1/4""",2.96
PLO289,"TAPA HG  D=1 1/2""",2.72
PLO290,"TAPA HG  D=2""",3.76
PLO291,"TAPA HG  D=2 1/2""",5.76
PLO292,"TAPA HG  D=3""",6.62
PLO293,"TAPA HG  D=4""",13.86
PLO294,"TAPON HG  D=3/8""",0.64
PLO295,"TAPON HG  D=1/2""",1.08
PLO296,"TAPON HG  D=3/4""",1.61
PLO297,"TAPON HG  D=1 1/2""",3.28
PLO298,"TAPON HG  D=2""",3.76
PLO299,"TAPON HG  D=2 1/2""",5.81
PLO300,"TAPON HG  D=3""",6.62
PLO301,"TAPON HG  D=4""",12.13
PLO302,"TUBO HG ISO II D=1 1/4""",19.7
PLO303,"TUBO HG ISO II D=1 1/2""",28.69
PLO304,"TUBO HG ISO II D = 2"" P=4,20 KG/M",34.15
PLO305,"TUBO HG ISO I D=2 1/2""",55.01
PLO306,"TUBO HG ISO II D=4""",90.68
PLO307,"TUBO HG  ASTM 120 D=3/8""",7.2
PLO308,"EXTENSION DE SIFON D=1 1/4"" METALICO",3.28
PLO309,"TUBO HG  ASTM 120 D=3""",100.69
PLO310,"TUBO HG  ASTM 120 D=4"" 6.40 M",133.25
PLO311,"TUBO HG  ASTM 120 D=6"" 6.40 M",233.44
PLO312,"TUBO HG  P/ VENTILACION D=1 1/2"" E=2.3 M",13.88
PLO313,"TUBO HG  P/VENTILACION D=2 1/2"" E=2,6 MM",23.93
PLO314,"TUBO HG  P/VENTILACION D=3"" E=2,9 MM 6,0",32.85
PLO315,"TUBO HG  P/VENTILACION D=4"" E= 2,9 MM 7,",42.39
PLO316,"SIFON DE ALUMINIO D=1 1/2""",6.62
PLO317,"SIFON DE HF  D=1 1/2""",34.15
PLO318,"JUNTA/UNION UNIVERSAL HG D = 3/8""",5.54
PLO319,"UNION UNIVERSAL DE BRONCE D = 1/2""",18.73
PLO320,"JUNTA/UNION UNIVERSAL HG D = 3/4""",11.02
PLO321,"UNION UNIVERSAL HG D = 1""",19.84
PLO322,"UNION UNIVERSAL HG D = 1 1/4""",22.02
PLO323,"YEE HF  D=1 1/2""",17.64
PLO325,"YEE HF  D=2 1/2""",25.79
PLO326,"YEE HF  D=3""",35.23
PLO327,"MANGUERA SISTEMA INCENDIO 1 1/2""",8.81
PLO328,"MANGUERA SISTEMA INCENDIO 2 1/2""",14.73
PLO329,"ANILLO HG  D=1""",5.54
PLO330,"ANILLO HG  D=3""",27.55
PLO331,"ANILLO HG  D=4""",49.54
PLO332,"ANILLO HG  D=6""",66.14
PLO333,"ANILLO  HF  D=2""",20.91
PLO334,"ANILLO  HF  D=3""",38.01
PLO335,"ANILLO  HF  D=4"" 1,7 KG/PZA",24.26
PLO336,"ANILLO  HF  D=6"" 3,7 KG/PZA",49.54
PLO337,"CODO PVC 90 GRADOS A.N. D=6"" (PESADO)",16.5
PLO338,"CODO HF 90 GRADOS D=8"" C/CAMPANA",187.13
PLO339,"CODO  HF  DE OIDO 4""  X 2"" C/INSPECCION",47.38
PLO340,"CODO  HF  DE OIDO 4"" X 2"" ALTO C/INSPECC",48.77
PLO341,"CODO HF 90º X 8"" D=4""",55.1
PLO342,"CODO  HF  45º  X 18"" D=2""",21.68
PLO343,"CODO  HF  45º  X 18"" D=4""",49.54
PLO344,"SIFON DE HF  D=2  X  18""",45.5
PLO345,"SIFON DE HF  D=3""",71.97
PLO346,"SIFON DE HF  D=4""",89.71
PLO347,"SIFON DE HF  D=6""",183.06
PLO348,"SIFON  DE HF  D=8""",269.98
PLO349,"TAPON DE REGISTRO  HF  D=6""",77.36
PLO350,"MINI TUBO HF  D=2"" L=1 M",56.98
PLO351,"MINI TUBO HF  D=3"" L= 1 M",80.56
PLO352,"MINI TUBO HF D=4"" L=1 M",103.81
PLO353,"MINI TUBO HF D=6""  L= 1 M",175.26
PLO354,"TUBO HF 1 CAMPANA D=2"" L=1.5 M",85.53
PLO355,"TUBO HF 1 CAMPANA D=3"" L=1.5 M",120.75
PLO356,"TUBO HF 1 CAMPANA D=4"" L=1.5 M",155.8
PLO357,"TUBO HF 1 CAMPANA D=6"" L=1.5 M",262.91
PLO358,"CODO  HF  45º  D=4""",50.73
PLO359,"TUBO HF 2 CAMPANAS D=3"" L=1.5 M",121.19
PLO360,"TUBO HF 2 CAMPANAS D=6"" L=1.5 M",263.99
PLO361,"YEE HF D=2""",23.12
PLO362,"YEE HF D=4""",48.04
PLO363,"YEE HF D=6""",119.49
PLO364,REJILLA DE BRONCE PARA DREN DE PISO D=1 ,9.88
PLO365,REJILLA DE BRONCE PARA DREN DE PISO D=1 ,10.49
PLO366,REJILLA DE BRONCE DREN PISO TAPA CIEGA D,14.31
PLO367,REJILLA DREN PISO BRONCE T/CIEGA CUELLO ,8.81
PLO368,REJILLA DREN PISO BRONCE TAPA CIEGA CUEL,14.31
PLO369,REJILLA CROMADA PARA DREN DE PISO D=1 1/,9.88
PLO370,REJILLA CROMADA PARA DREN DE PISO D=1 1/,11.84
PLO371,REJILLA CROMADA CIEGA DREN PISO CUELLO D,8.81
PLO372,REJILLA CROMADA TAPA CIEGA DREN CUELLO D,17.84
PLO373,TAPA P/REJILLA CROMADA CIEGA DREN CUELLO,11.02
PLO374,INODORO CIRCULAR DE BRONCE D= 10 CM,11.99
PLO375,INODORO CIRCULAR DE BRONCE D=12 CM,11.02
PLO376,INODORO CIRCULAR DE BRONCE D=15 CM,17.64
PLO377,"ANILLO PVC A.N. D=2""",3.07
PLO378,"ANILLO PVC A.N. D=3""",3.65
PLO379,"ANILLO PVC A.N. D=4""",6.62
PLO380,"ANILLO PVC A.N. D=6""",14.31
PLO381,"ANILLO PVC A.N. DE 8"" X 6""",14.31
PLO382,"CODO PVC 90 GRADOS A.N. D=3""",4.41
PLO383,"CODO PVC 45 GRADOS A.N. D=3"" REFORZADO E",4.18
PLO384,"CODO PVC 45 GRADOS A.N. D=6""",14.85
PLO385,"TEE DOBLE PVC A.N. D= 2""",3.01
PLO386,"TEE DOBLE PVC A.N. D=3""",8.58
PLO387,"TEE DOBLE PVC A.N. D=4""",10.38
PLO388,"TAPON ROSCADO PVC A.B. D=3""",5.21
PLO389,"TAPON PVC A.B. D=1 1/2""",3.55
PLO390,"TAPON PVC A.B. D=2 1/2""",3.87
PLO391,"SIFON PVC 2"" LARGO A.N.",7.69
PLO392,"SIFON PVC 3"" CORTO A.N.",7.91
PLO393,"TUBO PVC A.N. D=3"" NORMA L=3M E=1,8 MM L",8.28
PLO394,"TUBO PVC A.N. D=6"" /160 MM E= 3,2 MM LIV",29.42
PLO395,"TUBO PVC A.N. D=2"" (50 MM) REFORZADO E= ",8.22
PLO396,"TUBO PVC A.N. D=3"" (75) MM REFORZADO E=3",12.86
PLO397,"TUBO PVC A.N. D=4"" / 110 MM REFORZADO E=",17.67
PLO398,"TEE PVC A.N. D=3""",4.86
PLO399,"TEE PVC A.N. D=4""",11.02
PLO400,"TEE PVC A.N. D=6""",23.12
PLO401,"TEE PVC A.N. P/REGISTRO D= 4""",8.46
PLO402,"YEE PVC A.N. D=6""",25.36
PLO403,"YEE DOBLE PVC A.N. 2""",3.28
PLO404,"YEE DOBLE PVC A.N. 3""",9.88
PLO405,"YEE DOBLE PVC A.N. 4""",20.37
PLO406,"PEGA PVC VINILCEM 1/4"" GALON",33.09
PLO407,"ANILLO PVC A.B. D=1/2""",0.53
PLO408,"ANILLO PVC A.B. D=3/4""",1.18
PLO409,"ANILLO PVC A.B. D=1""",3.07
PLO410,"ANILLO PVC A.B. D=1 1/4""",3.87
PLO411,"ANILLO PVC A.B. D=1 1/2""",4.75
PLO412,"ANILLO PVC A.B. D=2""",8.81
PLO413,"ANILLO PVC A.B. D=2 1/2""",11.02
PLO414,"ANILLO PVC A.B. D=3""",14.31
PLO415,"ANILLO PVC A.B. D=4""",28.62
PLO416,"REDUCCION PVC A.B. D=3/4""  X  1/2""",0.97
PLO417,"REDUCCION PVC A.B. D=1"" X 1/2""",2.18
PLO418,"ANILLO PVC A.B. D=1 1/4"" X 1/2""",3.41
PLO419,"REDUCCION PVC A.B. D=1 1/2"" X 1/2""",1.75
PLO420,"REDUCCION PVC A.B. D=2"" X 1/2""",3.28
PLO421,"REDUCCION PVC A.B. D=2"" X 1""",3.97
PLO422,"REDUCCION PVC A.B. 2"" X 3/4""",2.72
PLO423,"REDUCCION PVC A.B. 1"" X 3/4""  BUSHING",1.61
PLO424,"REDUCCION PVC A.B. 1 1/2""  X  1"" BUSHING",2.18
PLO425,"REDUCCION PVC A.B. 4"" X 3""  BUSHING",9.35
PLO426,"CODO PVC 90 GRADOS A.B. D=1/2""",1.4
PLO427,"CODO PVC 90 GRADOS A.B. D=3/4""",2.18
PLO428,"CODO PVC 90 GRADOS A.B. D=1""",2.28
PLO429,"CODO PVC 90 GRADOS A.B. D=1 1/4""",2.84
PLO430,"CODO PVC 90 GRADOS A.B. D=1 1/2""",3.41
PLO431,"CODO PVC 90 GRADOS A.B. D=2""",6.94
PLO432,"CODO PVC 90 GRADOS A.B. D=3""",15.06
PLO433,"CODO PVC 90 GRADOS A.B. D=4""",25.13
PLO434,"CODO PVC 90 GRADOS A.B. D=2 1/2""",7.69
PLO435,"CODO PVC 45 GRADOS A.B. D=1/2""",1.08
PLO436,"CODO PVC 45 GRADOS A.B. D=3/4"" 20MM",1.61
PLO437,"CODO PVC 45 GRADOS A.B. D=1""",2.18
PLO438,"CODO PVC 45 GRADOS A.B. D=1 1/4""",2.18
PLO439,"CODO PVC 45 GRADOS A.B. D=1 1/2""",2.39
PLO440,"CODO PVC 45 GRADOS A.B. D=2""",3.81
PLO441,"CODO PVC 45 GRADOS A.B. D=2 1/2"" 63 MM",7.69
PLO442,"CODO PVC 45 GRADOS A.B. D=3"" 76 MM",11.02
PLO443,"CODO PVC 45 GRADOS A.B. D=4""",22.02
PLO444,"TAPA PVC A.B. D=1""",1.08
PLO445,"TAPA PVC A.B. D=2""",2.1
PLO446,"TAPA PVC A.B. D=3""",3.07
PLO447,"TAPA PVC A.B. D=4""",9.88
PLO448,"TAPON PVC A.B. D=1/2""",0.64
PLO449,"TAPON PVC A.B. D=1""",2.61
PLO450,"TAPON PVC A.B. D=3/4""",1.29
PLO451,"TAPON PVC A.B. D=2""",4.41
PLO452,"TAPON PVC A.B. D=3""",5.54
PLO453,"TAPON PVC A.B. D=4""",7.69
PLO454,"TEE PVC A.B. D=1/2""",0.95
PLO455,"TEE PVC A.B. D=3/4""",1.4
PLO459,"TEE PVC A.B. D=4"" ASTM",34.7
PLO460,"UNION PVC A.B. 1/2""",0.35
PLO461,"UNION PVC A.B. 3/4""",2.18
PLO462,"UNION PVC A.B. 1""",2.07
PLO463,"UNION PVC A.B. 2""",3.07
PLO464,"TUBO PVC A.B. D=1/2"" ISO",3.28
PLO465,"TUBO PVC A.B. D=3/4"" ISO",3.51
PLO466,"TUBO PVC A.B. D=1"" ISO",6.62
PLO467,"TUBO PVC A.B. D=2"" ISO E= 3,7 MM L= 6M",16.04
PLO468,"TUBO PVC A.B. D=3"" ISO E= 5,6 MM",33.09
PLO469,"TUBO PVC A.B. D=4"" L= 6 M E=8.2 MM",60.63
PLO470,TUBO HG ISO II D=1/2''  P=0.9906 KG/M #,7.3
PLO471,"TUBO HG ISO II DIAM = 3/4"" (19 MM) #",10.77
PLO472,"REDUCCION PVC A.B. DE 4""X 2""",8.22
PLO473,"REDUCCION PVC A.B. DE 4""X 3""",9.88
PLO474,"ANILLO PVC A.N. DE 6"" X 4""",7.27
PLO475,"ANILLO PVC A.N. DE 8"" X 4""",14.1
PLO476,MATERIALES PARA INSTALACION (TUBERIAS/CO,0.53
PLO477,"CODO PVC 90 GRADOS A.N. D= 8"" / 200 MM",20.48
PLO478,CENTRO PISO CON DREN DE REJILLA CROMADA ,43.73
PLO479,"VALVULA CHECK D=2 1/2""",165.32
PLO480,"VALVULA CHECK 1/2""",16.5
PLO481,"VALVULA CHECK D=4"" FP BRONCE",562.01
PLO482,ESTAÑO P/SOLDAR 60%-40% PLOMO,66.14
PLO483,HIDRANTE P/INCENDIO DE POSTE 4 PULG,440.79
PLO484,"SIFON D=1 1/2"" METALICO CROMADO/SATINADO",24.26
PLO485,"ROSETA DE ACERO INOXIDABLE D=1/2""",0.64
PLO486,"ANILLO PVC A.B. D=1 1/4"" X 3/4""",3.28
PLO487,"REDUCCION PVC A.B. D=1 1/2 X 3/4""",2.18
PLO488,"ANILLO PVC A.B. D=1 1/4"" X 1""",2.84
PLO489,"REDUCCION PVC A.B. D=1 1/2"" X 1""",2.28
PLO490,"REDUCCION PVC A.B. D=3"" X 1 1/2""",4.41
PLO491,"ANILLO  HF D=3"" X 2""",18.96
PLO492,"ANILLO  HF  D=8""",71.86
PLO493,"ANILLO  HF  D=4"" X 2""",26.89
PLO494,"ANILLO  HF D=4"" X 3""",41.63
PLO495,"ANILLO  HF  D=6"" X 2""",72.76
PLO496,"ANILLO  HF  D=6 ""X 3""",76.04
PLO497,"ANILLO  HF  D=6"" X 4""",44.41
PLO498,"ANILLO  HF  D=8"" X 4""",44.07
PLO499,"ANILLO  HF  D=8"" X 6""",60.63
PLO500,"CODO HF 90 GRADOS D=8""",185.81
PLO502,"CODO HF DE L= 22""  D=2""",23.12
PLO503,"CODO HF DE L= 22""  D=3""",41.85
PLO504,"CODO HF DE L= 22""  D=4""",48.99
PLO505,"CODO HF 90º X 18"" D=2""",25.36
PLO506,"CRUCES DE  HF  D=2""",30.85
PLO507,"CRUCES DE  HF  D=3""",48.45
PLO508,"CRUCES DE  HF  D=4""",62.82
PLO509,"CRUCES DE  HF  D=3 X 2""",68.32
PLO510,"CRUCES DE  HF  D=4 X 2""",77.13
PLO511,"CRUCES DE  HF  D=4 X 3""",84.87
PLO512,"DESVIOS DE  HF  D=2"" X 4""",37.45
PLO513,"DESVIOS DE  HF  D=2"" X 6""",48.45
PLO514,"DESVIOS DE  HF  D=3"" X 4""",60.63
PLO515,"DESVIOS DE  HF  D=3"" X 6""",77.13
PLO516,"DESVIOS DE  HF  D=4"" X 4""",85.97
PLO517,"DESVIOS DE  HF  D=4"" X 6""",98.64
PLO518,"DESVIOS DE HF  D= 4"" X 8""",144.35
PLO529,"TAPON DE REGISTRO  HF  D=8""",127.5
PLO530,"TAPON DE REGISTRO  HF  D=10""",215.65
PLO531,"TEE  HF  D=2""",38.01
PLO532,"TEE  HF  D=3""",41.09
PLO533,"TEE  HF  D=4""",56.21
PLO534,"TEE  HF  D=6""",99.26
PLO535,"TEE  HF  D=3"" X 2""",39.56
PLO536,"TEE  HF  D=4"" X 2""",58.41
PLO537,"TEE  HF  D=4"" X 3""",57.34
PLO538,"TEE  HF  D=6"" X 4""",88.62
PLO539,"TEE  HF  D=2"" X 18""",37.45
PLO540,"TEE  HF  D=4"" X 2"" X 18""",61.72
PLO541,"TEE  HF  D=4"" X 18""",72.81
PLO542,"TEE  HF  D=4"" X 2"" X 90º",53.81
PLO543,"TEE  HF  D=4"" X 2"" X 90º DOBLE",54.29
PLO544,"TEE HF DE REGISTRO  D=2""",39.67
PLO545,"TEE  HF  DE REGISTRO  D=3""",50.73
PLO546,"TEE  HF  DE REGISTRO  D=4""",58.86
PLO547,"TEE  HF  DE REGISTRO  D=6""",101.28
PLO548,"TAPON ROSCADO PVC A.B. D=1/2""",1.97
PLO549,"TAPON ROSCADO PVC A.B. D=3/4""",1.75
PLO550,"TAPON ROSCADO PVC A.B. D=1""",2.61
PLO551,"TAPON ROSCADO PVC A.B. D=1 1/2""",2.84
PLO552,"TAPON ROSCADO PVC A.B. D=2""",2.96
PLO553,"TAPON ROSCADO PVC A.B. D=2 1/2""",3.87
PLO554,"TEE PVC A.B. D=1 1/4""",2.28
PLO555,"TEE PVC A.B. D=1 1/2""",3.76
PLO556,"TEE PVC A.B. D=2 1/2"" 63 MM",6.62
PLO557,"TUBO PVC A.B. D=1 1/2"" ISO",10.26
PLO558,"TUBO PVC A.B. D=1 1/4"" ISO",10.37
PLO559,"UNION PVC A.B. 1/2""",0.42
PLO560,"UNION PVC A.B. 4""",7.69
PLO561,"UNION PVC A.B. 1""",2.39
PLO562,"UNION PVC A.B. 1 1/4""",2.96
PLO563,"UNION PVC A.B. 1 1/2""",8.81
PLO564,"UNION PVC A.B. 3""",4.41
PLO565,"SIFON PVC  A.N.  2"" LARGO",6.29
PLO566,"SIFON PVC  A.N.  2"" CORTO",5.32
PLO567,"TAPA DE REGISTRO LISA PVC A.N. D=2""",1.97
PLO568,"TAPA DE REGISTRO LISA PVC A.N. D=3""",4.41
PLO569,"TAPA DE REGISTRO PVC A.N. D=4""",7.69
PLO570,"TAPON ROSCADO PVC A.N. 2"" DE REGISTRO",2.18
PLO571,"TAPON ROSCADO PVC A.B. D=3""",5.08
PLO572,"TAPON ROSCADO PVC A.B. D=4""",8.81
PLO573,"TAPON ROSCADOS PVC A.N. 6"" DE REGISTRO",9.67
PLO574,"TAPON ROSCADOS PVC A.N. 8"" DE REGISTRO",14.31
PLO575,"TEE PVC A.N. P/REGISTRO D= 4""",8.81
PLO576,"EXTENSION DE SIFON D=1 1/2"" METALICO",9.88
PLO577,"TUBO PVC A.N. D=3"" NORMA L=3MTS E=1,8 MM",8.81
PLO578,"TUBO PVC A.N. D=6"" E= 3,2 MM LIVIANO  L=",27.55
PLO579,"TUBO PVC A.N. D=8"" NORMA L=3M E=4 MM",47.97
PLO580,"TUBO PVC A.N. D=10"" E=4,9 MM #",57.41
PLO581,"TUBO PVC A.N. D=12"" NORMA L=3M E= 6,2 MM",110.13
PLO583,"TUBO PVC A.N. D=3"" (75 MM) REFORZADO E= ",12.86
PLO584,"TUBO PVC A.N. D=4"" REFORZADO E= 3.2 MM",16.61
PLO585,"TEE PVC A.N. D=8""",40.77
PLO586,"TEE PVC A.N. D=10""",70.52
PLO587,"TEE PVC A.N. DE 3"" X 2""",3.87
PLO588,"TEE PVC A.N. DE 4"" X 2""",6.62
PLO589,"TEE PVC A.N. DE 4"" X 3""",7.69
PLO590,"TEE PVC A.N. 6"" X 4""",19.84
PLO591,PEGAMENTO P/TUBERIA PVC ENV 1/4 GL TANGI,32.53
PLO592,"PEGA PVC SOLD 1/8"" DE GALON",16.5
PLO593,"ANILLO PVC A.N. D=2"" REFORZADO E=3,2 MM",5.65
PLO594,"ANILLO PVC A.N. D=3"" REFORZADO E=3,2 MM",3.87
PLO595,"ANILLO PVC A.N. D=4""",6.39
PLO596,"ANILLO PVC A.N. D=3"" X 2"" REFORZADO E=3,",3.55
PLO597,"ANILLO PVC A.N. D=4"" X 2"" REFORZADO E=3,",5.54
PLO598,"ANILLO PVC A.N. D=4"" X 3"" REFORZADO",6.73
PLO599,"CODO PVC A.N. D=2"" X 90 REFORZADO E= 3,2",2.72
PLO600,"CODO PVC 90 GRADOS A.N. D=3"" REFORZADO E",5.54
PLO601,"CODO PVC A.N. 4"" X 90  REFORZADO E= 3,2 ",9.14
PLO602,"CODO PVC 45 GRADOS A.N. D=2"" REFORZADO",3.28
PLO603,"CODO PVC A.N. D=3"" X 45 REFORZADO E= 3,2",4.41
PLO604,"CODO PVC A.N. 4"" REFORZADO E= 3,2 MM #",8.81
PLO605,"TEE PVC A.N. D=2"" REFORZADA",4.41
PLO606,"TEE PVC A.N. D=3"" REFORZADA",6.62
PLO607,"TEE PVC A.N. D=4"" REFORZADA",9.35
PLO608,"TEE PVC 3"" X 2"" REFORZADA A.N.",4.41
PLO609,"TEE PVC A.N. 4"" X 2"" REFORZADA",8.22
PLO610,"TEE PVC A.N. 4"" X 3"" REFORZADA",11.02
PLO611,"YEE PVC A.N. 2"" (50 MM) REFORZADO E=3,2M",5.21
PLO612,"YEE PVC A.N. 3"" (75 MM) REFORZADO E= 3,2",6.62
PLO613,"YEE PVC A.N. 4"" (110 MM) REFORZADO E= 3,",12.13
PLO614,"YEE PVC A.N. 3"" X 2"" REFORZADO E= 3,2 MM",5.54
PLO615,"YEE PVC A.N. 4"" X 2"" REFORZADO E= 3,2 MM",13.22
PLO616,"YEE PVC A.N. 4"" X 3"" REFORZADO E= 3,2 MM",14.31
PLO617,"TUBO PVC A.N. D=2""  E= 3,2 MM REFORZADO",8.22
PLO618,"TUBO PVC A.N. D=3"" ",10.67
PLO619,"TUBO PVC A.N. D=4""  E= 3.2 MM REFORZADO",16.61
PLO620,"CODO HG 45 GRADOS D=1 1/4""",5.76
PLO621,"TUBO PVC A.B. D=4"" L=6 M E=5,44 MM",47.03
PLO622,"TUBO PVC A.B. D=6"" 160 MM E=7,7 MM AF/AC",92.55
PLO623,"TUBO PVC A.B. D=8"" 200 MM E=9,6 MM",141
PLO624,"TUBO PVC A.B. D= 10"" 250 MM L=6 M E=11,9",178.43
PLO625,"TUBO PVC A.B. D=12"" 315 MM L= 6 M E= 15 ",348.42
PLO626,"TUBO PVC A.B. D=16"" 400 MM L=6 M E=19,1 ",516.06
PLO627,"TUBO DE FIBROCEMENTO D=4"" 100 MM CLASE A",21.64
PLO628,"TUBO DE FIBROCEMENTO D=6"" 150 MM CLASE A",35.99
PLO629,"TUBO DE FIBROCEMENTO D=8"" 200 MM CLASE A",54.37
PLO630,"TUBO DE FIBROCEMENTO D=10"" 250 MM CLASE ",80.21
PLO631,"TUBO DE FIBROCEMENTO D=12"" 300 MM CLASE ",111
PLO632,"TUBO DE FIBROCEMENTO D=16"" 400 MM CLASE ",162.9
PLO633,"TUBO DE FIBROCEMENTO D=20"" 500 MM CLASE ",222.84
PLO634,"TUBO DE FIBROCEMENTO D=24"" 600 MM CLASE ",286.4
PLO635,BOCALLAVE HF BC-2 D= 80 MM X 100 MM Nº 1,173.34
PLO637,"TUBO CONCRETO MC J.M. D = 0,20 M (8"") C-",15.4
PLO638,"TUBO DE CONCRETO J.G. D = 0,25 M (10"") C",79.28
PLO639,"TUBO CONCRETO MC J.M. D = 0,15 M (6"") C-",18.73
PLO640,"TUBO CONCRETO MC J.M. D = 0,20 M (8"") C-",16.5
PLO642,"TUBO CONCRETO MC J.M. D = 0,15 M (6"") C-",11.02
PLO643,"TUBO DE CONCRETO C-2 D=8"" J.M. 20 CM",18.73
PLO644,"TUBO DE CONCRETO J.M. D = 0,25 M (10"") C",26.68
PLO645,REJILLA PLANA DREN PISO CIRCULAR BRONCE ,22.02
PLO646,"TAPA HEMBRA HG DIAMETRO INFERIOR A 1""",2.18
PLO647,"ANILLOS REDUCIDOS DE HG  3"" X 1 1/4""",24.26
PLO648,"ANILLOS REDUCIDOS DE HG  3"" X 2""",22.02
PLO649,"ANILLOS REDUCIDOS DE HG  3"" X 2 1/2""",23.12
PLO650,"ANILLOS REDUCIDOS DE HG  4"" X 1""",20.91
PLO651,"ANILLOS REDUCIDOS DE HG  4"" X 1 1/4""",19.84
PLO652,"ANILLOS REDUCIDOS DE HG  4"" X 1 1/2""",26.45
PLO653,"ANILLOS REDUCIDOS DE HG  4"" X 2""",29.74
PLO654,"ANILLOS REDUCIDOS DE HG  4"" X 2 1/2""",19.84
PLO655,"ANILLOS REDUCIDOS DE HG  4"" X 3""",39.67
PLO656,"ANILLOS REDUCIDOS DE HG  6"" X 4""",46.29
PLO657,"BUSHINGS DE HG 1"" X 3/4"" ANILLO REDUCTOR",3.28
PLO658,"BUSHINGS DE HG 1 1/4"" X 1/2"" ANILLO REDU",3.87
PLO659,"BUSHINGS DE HG 1 1/4"" X 3/4"" ANILLO REDU",4
PLO660,"BUSHINGS DE HG 1 1/4"" X 1"" ANILLO REDUCT",4.08
PLO661,"BUSHINGS DE HG 1 1/2"" X 1/2"" ANILLO REDU",3.97
PLO662,"BUSHINGS DE HG 1 1/2"" X 3/4"" ANILLO REDU",3.28
PLO663,"BUSHINGS DE HG 1 1/2"" X 1"" ANILLO REDUCT",4.18
PLO664,"BUSHINGS DE HG 1 1/2"" X 1 1/4"" ANILLO RE",5.54
PLO665,"BUSHINGS DE HG 2"" X  1/2"" ANILLO REDUCTO",7.15
PLO666,"BUSHINGS DE HG 2"" X  3/4"" ANILLO REDUCTO",6.84
PLO667,"BUSHINGS DE HG 2"" X  1"" ANILLO REDUCTOR",7.69
PLO668,"BUSHINGS DE HG 2"" X  1 1/4"" ANILLO REDUC",6.84
PLO669,"BUSHINGS DE HG 2"" X  1 1/2"" ANILLO REDUC",6.62
PLO670,"BUSHINGS DE HG 2 1/2"" X  1"" ANILLO REDUC",7.69
PLO671,"BUSHINGS DE HG 2 1/2"" X  1 1/4"" ANILLO R",7.05
PLO672,"BUSHINGS DE HG 2 1/2"" X  1 1/2"" ANILLO R",6.84
PLO673,"BUSHINGS DE HG 2 1/2"" X  2"" ANILLO REDUC",11.02
PLO674,"BUSHINGS DE HG 3"" X  1"" ANILLO REDUCTOR",19.84
PLO675,"BUSHINGS DE HG 3"" X  1 1/4"" ANILLO REDUC",24.26
PLO676,"BUSHINGS DE HG 3"" X  1 1/2"" ANILLO REDUC",19.84
PLO677,"BUSHINGS DE HG 3"" X  2"" ANILLO REDUCTOR",24.26
PLO678,"BUSHINGS DE HG 3"" X  2 1/2"" ANILLO REDUC",22.02
PLO679,"BUSHINGS DE HG 4"" X  1"" ANILLO REDUCTOR",27.55
PLO680,"BUSHINGS DE HG 4"" X  1 1/4"" ANILLO REDUC",22.02
PLO681,"BUSHINGS DE HG 4"" X  1 1/2"" ANILLO REDUC",25.36
PLO682,"BUSHINGS DE HG 4"" X  2"" ANILLO REDUCTOR",33.09
PLO683,"BUSHINGS DE HG 4"" X  2 1/2"" ANILLO REDUC",38.58
PLO684,"BUSHINGS DE HG 4"" X  3"" ANILLO REDUCTOR",33.09
PLO685,"BUSHINGS DE HG 6"" X 4"" ANILLO REDUCTOR",48.45
PLO686,"TEE DOBLE (CRUZ) DE HG  D=1 1/4""",8.22
PLO687,"TEE DOBLE (CRUZ) DE HG  D=1 1/2""",9.88
PLO688,"TEE DOBLE (CRUZ) DE HG  D=2""",22.02
PLO689,"TEE DOBLE (CRUZ) DE HG  D=2 X 1 1/2""",16.5
PLO690,"TEE DOBLE (CRUZ) DE HG  D=2 1/2""",26.45
PLO691,"TEE DOBLE (CRUZ) DE HG  D=3""",37.45
PLO692,"TEE DOBLE (CRUZ) DE HG  D=4""",27.55
PLO693,"TEE DOBLE (CRUZ) DE HG  D=6""",220.4
PLO695,"TUBO HG  P/VENTILACION D=2"" E= 2,3 MM 3,",17.53
PLO696,"ANILLOS REDUCIDOS DE HG  1"" X 1/2""",2.96
PLO697,"LLAVE/VALVULA DE TIPO COMPUERTA D=3"" BRI",418.76
PLO698,"CODO HG 90 GRADOS CACHIMBOS D=1""",2.84
PLO699,"CODO HG 90 GRADOS CACHIMBOS D=2""",6.62
PLO700,"CODO HG 90 GRADOS CACHIMBOS  D=1 1/4""",5.86
PLO701,"CODO HG 90 GRADOS CACHIMBOS  D=1 1/2""",2.72
PLO703,"CODO HG 90 GRADOS CACHIMBOS  D= 1/2""",1.27
PLO704,"TEE HG REDUCIDA DE 1/2"" X 3/8""",2.18
PLO705,"TEE HG REDUCIDA DE 3/4"" X 1/2""X 1/2""",3.87
PLO706,"TEE HG REDUCIDAS DE 3/4"" X 1/2""X 3/4""",3.87
PLO707,"TEE HG REDUCIDA DE 1"" X 1/2""",3.87
PLO708,"TEE HG REDUCIDA DE 1"" X 3/4""",4.08
PLO709,"TEE HG REDUCIDA DE 1 1/4""  X 1/2""",6.62
PLO710,"TEE HG REDUCIDA DE 1 1/4""  X 3/4""",7.05
PLO711,"TEE HG REDUCIDA DE 1 1/4""  X 1""",5.54
PLO712,"TEE HG  REDUCIDA D=1 1/2""  X  1/2""",6.62
PLO713,"TEE HG REDUCIDA DE 1 1/2""  X 3/4""",8.81
PLO714,"TEE HG REDUCIDA DE 1 1/2""  X 1 1/4""",9.88
PLO715,"TEE HG REDUCIDA DE 2""  X  1/2""",10.49
PLO716,"TEE HG REDUCIDA DE 2""  X  3/4""",11.02
PLO717,"TEE HG REDUCIDA DE 2""  X  1 1/4""",13.22
PLO718,"CODO DE ACERO AL CARBONO 90 GRADOS D=6""",66.14
PLO719,"TEE ACERO AL CARBONO  D=6""",74.95
PLO720,"JUNTA DRESSER D= 6"" (ACERO AL CARBONO)",275.51
PLO721,CODO PVC ACUED JA-JA 90 GRADOS D = 200 M,344.9
PLO722,"TEE DOBLE (CRUZ) HG 1""",7.48
PLO723,"VALVULA TIPO COMPUERTA HF, ASIENTO BRONC",1948.3
PLO724,"FLANGE S/CUELLO PARA VALVULA D=6""",4.41
PLO725,TORNILLO CON TUERCA P/VALVULA,0.53
PLO726,"EMPACADURAS PARA VALVULA D=6""",13.22
PLO727,"VALVULA COMPUERTA HF DIN PN-10 D=6"" B-B",2865.18
PLO728,"FLANGE PARA VALVULA DE HF  D=6""",50.14
PLO729,"TORNILLOS 5/8""X3 C/TORNILLO P/VALVULA DE",1.18
PLO730,"JUNTA DE D=75 CMS (30"")",1.48
PLO731,"VALVULA CHECK D = 3"", BRIDADA",319.57
PLO732,"TUBO DE CONCRETO J.G. D = 0,38 M (15"") C",113.49
PLO733,"VALVULA DE RETENCION CHECK D=6""",330.58
PLO734,"CODO PVC 90 GRADOS A.N. D=8""",19.84
PLO735,"CODO PVC 90 GRADOS A.N. D=10""",38.58
PLO736,"CODO PVC 45 GRADOS A.N. D=8"" REFORZADO",40.77
PLO737,"CODO PVC 45 GRADOS A.N. D=10""",99.2
PLO738,"TEE DOBLE PVC A.N. D=2""",2.18
PLO739,"TAPON ROSCADO PVC A.N. D=8""",14.31
PLO740,"TEE  HF  DE REGISTRO  D=4""",58.86
PLO741,"YEE PVC A.N. D=10""",91.41
PLO742,"YEE PVC A.N. 3 X 2""",3.93
PLO743,"YEE PVC A.N. 4"" X 2""",8.81
PLO744,"YEE PVC A.N. 4"" X 3""",8.46
PLO745,"YEE PVC A.N. 6"" X 4""",33.09
PLO746,"SIFON D=1 1/2"" PLASTICO PVC FREGADERO A.",6.07
PLO747,"GOMA REDUCTORA 2"" A 1 1/2"" A.N.",0.21
PLO748,"TUBO DE CONCRETO J.M. D = 0,30 M (12"") C",51.84
PLO749,CAJA TRONCOCONICA PARA MEDIDOR DE AGUA 1,82.64
PLO750,MARCO Y TAPA DE  HF  PARA CAJA TRONCOCON,98.09
PLO751,HIDRANTE P/INCENDIO TIPO TRAFICO CON ENT,495.91
PLO752,HIDRANTE P/INCENDIO TIPO TRAFICO CON ENT,1102
PLO753,LIMPIADOR PARA TUBOS Y CONEXIONES PEAD,5.54
PLO754,"TUBO PEAD 110MM / 4"" 150 PSI",16.5
PLO755,CODO 45º  PEAD PARA SOLDAR 110 MM,33.09
PLO756,COLLAR DE BRIDA PEAD,3.28
PLO757,BRIDA METALICA,11.02
PLO758,SOLDADURA PARA TUBERIA  ACCESORIOS PEAD,1.29
PLO759,CODO PVC RADIO LARGO A 90º EXTRE BRIDADO,42.07
PLO760,JUNTA DE GOMA PARA TUBERIA DE CONCRETO D,1.61
PLO761,"TEE BRIDADA A.B. PVC D=6""",28.62
PLO762,"NIPLE PVC EXTREMOS BRIDADOS D=6""",11.88
PLO763,"BRIDA LOCA PVC PAVCO O SIMILAR PVC D=6"" ",30.85
PLO764,"TUBO DE CONCRETO J.G. D = 0,30 M (12"") C",110.19
PLO765,"TUBO DE CONCRETO J.G. D = 0,20 M (8"") C-",38.58
PLO766,"TUBO DE CONCRETO J.G. D = 0,45 M (18"") C",220.62
PLO767,"TUBO DE CONCRETO J.G. D = 0,15 M (6"") C-",47.38
PLO769,SOLDADURA,1.08
PLO770,"CASQUETE P/TUBERIA PVC D=6""",11.85
PLO771,"JUNTA DE EXPANSION HF  D=6""",870.57
PLO772,"ANILLOS REDUCIDOS DE HG  3"" X 1/2""",20.91
PLO773,"CODO REDUCIDO HG  D=1/2"" X 3/8""",1.4
PLO774,"CODO REDUCIDO HG  D=3/4"" X 1/2""",2.18
PLO775,"CODO REDUCIDO HG  D=1"" X 1/2""",2.72
PLO776,"CODO REDUCIDO HG  D=1"" X 3/4""",2.84
PLO777,"CODO REDUCIDO HG  D=1 1/4"" X 1/2""",6.51
PLO778,"CODO REDUCIDO HG  D=1 1/4"" X 3/4""",5.65
PLO779,"CODO REDUCIDO HG  D=1 1/4"" X 1""",6.39
PLO780,"CODO REDUCIDO HG  D=1 1/2"" X 1/2""",7.69
PLO781,"CODO REDUCIDO HG  D=2"" X 1""",6.07
PLO782,"CODO REDUCIDO HG  D=3"" X 1""",13.11
PLO783,"CODO REDUCIDO HG  D=4"" X 3""",25.69
PLO784,"CODO REDUCIDO HG  D=3"" X 2""",13.22
PLO785,"CODO REDUCIDO HG  D=4"" X 2""",24.26
PLO786,"CODO REDUCIDO HG  D=2"" X 1/2""",6.07
PLO787,"CODO REDUCIDO HG  D=2 1/2"" X 1""",8.81
PLO788,TUBO DE ARCILLA VITRIFICADA  JUNTA DE GO,14.31
PLO789,TUBO DE ARCILLA VITRIFICADA  JUNTA DE GO,15.4
PLO790,TUBO DE ARCILLA VITRIFICADA  JUNTA DE GO,27.55
PLO791,TUBO PVC PARA DRENAJE EN PUENTES L= 3.00,43.62
PLO792,"TUBO HF D=8""",255.82
PLO793,"TUBO DE ARCILLA VITRIFICADA D= 12""",30.85
PLO794,"CODO DE CONCRETO 90º P/CLOACAS D=8""",9.88
PLO795,MATERIALES CONST. BASE BOCA DE VISITA B.,7.69
PLO796,"TUBO PVC A.N. D=6"" REFORZADO E= 4 MM",27.21
PLO797,"BRIDA CON CUELLO PARA SOLDAR D=2""",6.07
PLO798,"BRIDA CIEGA PVC D=2"" A.B.",11.02
PLO799,JUEGO DE PERNOS PARA BRIDA (4 PERNOSC/TU,2.51
REC100,CERAMICA RECTIFICADA,41.85
REC101,COLORANTE NEGRO PARA GRANITO (IMPORTADO),38.58
REC102,PIEDRA PARA PULIR GRANITO - 3 PIEDRAS,27.55
REC103,RODAPIE DE GRANITO H= 10/12 CMS,13.22
REC104,MATERIALES P/ENCERADO Y PULITURA DE GRAN,1.08
REC105,ALFOMBRA IMPORTADA\,23.12
REC106,SACO DE PEGO BLANCO ECONOMICO (12 KG/SCO,6.39
REC107,BALDOSA DE GRANITO,93.67
REC108,PINTURA POLVO OXIDO COLORANTE ROJO NACIO,5.54
REC109,GRANITO NEGRO (PIEDRAS) EN SACO,25.36
REC110,FLEJE METALICO BRONCE 5 MM P/PISO,2.61
REC111,GRANITO BLANCO PURO (PIEDRAS) EN SACO DE,44.07
REC112,PLOMO P/PULIR GRANITO,3.17
REC113,RODAPIE DE GRANITO PULIDO H= 0.10 X L= 0,3.02
REC114,CERA PARA PULIR GRANITO (EN PASTA),67.22
REC115,BALDOSA DE GRANITO 25 X 25 BLANCO-NEGRO,176.32
REC116,PIEDRA DE GRANITO P/RECUBRIMIENTO DE FAC,88.17
REC117,TOPE GRANITO NACIONAL P/MUEBLE/COCINA AN,198.38
REC118,RODAPIE DE VINYL H= 8 CM,2.39
REC119,PISO DE VINYL,12.13
REC120,SEPARADOR PARA CERAMICA 7 MM,0.04
REC121,CARATEO CAJA 2 KG X 3 M2 CERAMICA,11.02
REC122,CRISTALIZADOR DE PISOS FULLER O SIMILAR,37.45
REC123,PIZARRA / PIEDRA PARA PISOS Y FACHADAS,29.74
REC124,"TOPE DE GRANITO IMPORTADO A=0,65M",242.42
REC125,MARMOL ROJO ALICANTE,176.32
REC126,PORCELANATO SAL SOLUBLE BEIGE,47.49
REC127,ESPACATO / PIEDRA PARA RECUBRIMIENTO,44.07
REC128,CALIZA-ARENIZCA / PIEDRA PARA RECUBRIMIE,66.14
REC129,CERA PARA PULIR GRANITO (LIQUIDA),55.1
REC130,TOPE DE CUARZO BLANCO P/MUEBLE,286.54
REC131,TOPE DE CUARZO ROJO P/MUEBLE,275.51
REC132,TOPE DE CUARZO NEGRO P/MUEBLE,242.42
TUB021,"BASE PARA MEDIDOR DE AGUA DE  1/2""",20.91
TUB022,"BASE PARA MEDIDOR DE AGUA 3/4""",22.02
TUB023,"BASE PARA MEDIDOR DE AGUA DE 1""",26.45
TUB024,"TUBO HF DUCTIL D=6"" (150 MM) L=6 M",185.96
TUB025,"TUBO HF DUCTIL D=16"" (400 MM)",693.1
TUB026,"TUBO HF DUCTIL D=20"" (500 MM) L=6 M",5654.58
TUB027,"LLAVE DE PASO ESPITA D= 1/2""",23.12
TUB028,"LLAVE DE PASO ESPITA D=3/4""",46.29
TUB029,"LLAVE DE PASO ESPITA D=1""",65.03
TUB030,"CODO HF 90º DUCTIL D=6"" (BRIDA-BRIDA)",77.69
TUB031,"CODO HF 90º DUCTIL D=6"" (CAMPANA-CAMPANA",117.91
TUB032,"CODO 45º DE HF DUCTIL D=6"" (CAMPANA-CAMP",83.32
TUB033,"CODO 45º DE HF DUCTIL D=6"" (BRIDA-BRIDA)",78.92
TUB034,"TUBO HF DUCTIL D=4"" (100 MM) L=6 M",104.79
TUB035,"TUBO HF  DUCTIL D=8"" (200 MM) L=6 M",258.14
TUB036,"TUBO HF  DUCTIL D=10"" (250 MM) L=6 M",385.7
VAL264,COSTO POR TRANSPORTE AL SITIO &G,1.97
VAL265,COSTO POR TRANSPORTE AL SITIO &G,6.62
VAL266,COSTO POR TRANSPORTE AL SITIO &G,49.54
VAL267,COSTO POR TRANSPORTE AL SITIO &G,9.88
VAL268,COSTO ASOCIADO DEL TRANSPORTE &P6,61.18
VAL269,COSTO POR TRANSPORTE AL SITIO &G,2.45
VAL270,TRANSPORTE ASOCIADO A  MATERIALES &G3,5.65
VAL271,COSTO POR TRANSPORTE AL SITIO &G,66.14
VAL272,COSTO DE TRANSPORTE MATERIALES &P3,11.07
VAL273,COSTO DE TRANSPORTE MATERIALES &P3,29.74
VAL274,FLETE/TRANSPORTE ASOCIADO A PIEZAS &P8,238.01
VAL275,FLETE / TRANSPORTE MATERIAL &U,160.33
VAL276,FLETE/TRANSPORTE ASOCIADO A PIEZAS &P8,47.1
VAL277,COSTO DE TRANSPORTE MATERIALES &P3,13.22
VAL278,COSTO/FLETE ASOCIADO DEL TRANSPORTE &P4,26.45
VAL279,COSTO POR TRANSPORTE AL SITIO &G,29.74
VAL280,COSTO/FLETE ASOCIADO DEL TRANSPORTE &P5,66.14
VAL281,COSTO/FLETE ASOCIADO DEL TRANSPORTE &P4,52.91
VAL282,COSTO ASOCIADO DEL TRANSPORTE &P,1.97
VAL283,FLETE / TRANSPORTE &P3,6.62
VAL284,FLETE/TRANSPORTE ASOCIADO A PIEZAS &P8,330.58
VAL285,FLETE / TRANSPORTE MATERIAL &U,16.5
VAL286,FLETE / TRANSPORTE MATERIAL &U,132.23
VAL287,FLETE / TRANSPORTE MATERIAL &U,23.12
VAL288,FLETE/TRANSPORTE ASOCIADO APARATOS &U,66.14
VAL289,FLETE/TRANSPORTE ASOCIADO APARATOS &U,413.24
VAL290,FLETE/TRANSPORTE ASOCIADO A PIEZAS &P8,165.32
VAL291,FLETE/TRANSPORTE ASOCIADO A PIEZAS &P8,661.2
VAL292,FLETE/TRANSPORTE ASOCIADO &U,330.58
VAL293,FLETE/TRANSPORTE ASOCIADO APARATOS &U,231.42
VAL294,COSTO ASOCIADO DEL TRANSPORTE &P2,1.61
VAL295,FLETE/TRANSPORTE ASOCIADO APARATOS &U,33.09
VAL296,FLETE/TRANSPORTE &U,6.62
VAL297,FLETE/TRANSPORTE &U,13.22
PLO800,EMPACADURA,0.26
PLO801,"TEE  HF DUCTIL D=500 MM, C-C-B",2644.77
PLO802,REDUCCION HF DUCTIL D=500 X 400 MM B-B,609.38
PLO803,EXTREMIDAD HF DUCTIL D=400 MM B-C,408.84
PLO804,REDUCCION HF DUCTIL D=500 X 400 MM E-C,587.35
PLO805,TEE  HF DUCTIL D= 500 X 250 MM C-C-B,1895.42
PLO806,REDUCCION HF DUCTIL D=250 X 100 MM B-B,149.83
PLO807,"TUBO DE CONCRETO J.G. D = 0,50 M (21"") C",214.88
PLO808,"TUBO DE CONCRETO J.G. D = 0,50 M (21"") C",206.07
PLO809,"TUBO DE CONCRETO J.G. D = 0,50 M (21"") C",385.72
PLO810,"TUBO DE CONCRETO J.G. D = 0,60 M (24"") C",396.1
PLO811,"TUBO DE CONCRETO J.G. D = 0,60 M (24"") C",178.46
PLO812,"TUBO DE CONCRETO J.G. D = 0,60 M (24"") C",474.47
PLO813,"TUBO DE CONCRETO J.G. D = 0,60 M (24"") C",552.84
PLO814,"TUBO DE CONCRETO J.G. D=0,70 M (27"") C-4",232.52
PLO815,"TUBO DE CONCRETO J.G. D = 0,70 M (27"") C",353.59
PLO816,"TUBO DE CONCRETO J.G. D = 0,70 M (27"") C",568.78
PLO817,"TUBO DE CONCRETO J.G. D = 0,70 M (27"") C",553.43
PLO818,"TUBO DE CONCRETO J.G. D = 0,75 M (30"") C",307.48
PLO819,"TUBO DE CONCRETO J.G. D = 0,75 M (30"") C",551.02
PLO820,"TUBO DE CONCRETO J.G. D = 0,75 M (30"") C",738.34
PLO821,"TUBO DE CONCRETO J.G. D = 0,75 M (30"") C",936.68
PLO822,"TUBO DE CONCRETO J.G. D = 0,80 M (33"") C",759.85
PLO823,"TUBO DE CONCRETO J.G. D = 0,80 M (33"") C",968.45
PLO824,"TUBO DE CONCRETO J.G. D = 0,80 M (33"") C",1020.58
PLO825,"TUBO DE CONCRETO J.G. D = 0,80 M (33"") C",1095.06
PLO826,"TUBO DE CONCRETO J.G. D = 0,90 M (36"") C",885.35
PLO827,"TUBO DE CONCRETO J.G. D = 0,90 M (36"") C",979.92
PLO828,"TUBO DE CONCRETO J.G. D = 0,90 M (36"") C",1177.58
PLO829,"TUBO DE CONCRETO J.G. D = 0,90 M (36"") C",1590.18
PLO831,"TUBO DE CONCRETO J.G. D = 1,05 M (42"") C",1551.17
PLO832,"TUBO DE CONCRETO J.G. D = 1,05 M (42"") C",1865.89
PLO833,"TUBO DE CONCRETO J.G. D = 1,05 M (42"") C",2068.22
PLO834,"TUBO DE CONCRETO J.G. D = 1,20 M (48"") C",1930.35
PLO835,"TUBO DE CONCRETO J.G. D = 1,20 M (48"") C",1930.35
PLO836,"TUBO DE CONCRETO J.G. D = 1,20 M (48"") C",2341.94
PLO837,"TUBO DE CONCRETO J.G. D = 1,20 M (48"") C",2427.1
PLO838,"TUBO DE CONCRETO J.G. D = 1,35 M (54"") C",2432.43
PLO839,"TUBO DE CONCRETO J.G. D = 1,35 M (54"") C",2747.42
PLO840,"TUBO DE CONCRETO J.G. D = 1,35 M (54"") C",2974.94
PLO841,"TUBO DE CONCRETO J.G. D = 1,35 M (54"") C",3849.9
PLO842,"TUBO DE CONCRETO J.G. D = 1,50 M (60"") C",2183.84
PLO843,"TUBO DE CONCRETO J.G. D = 1,50 M (60"") C",911.69
PLO844,"TUBO DE CONCRETO J.G. D = 1,50 M (60"") C",3392.37
PLO845,"TUBO DE CONCRETO J.G. D = 1,50 M (60"") C",3964.84
PLO846,"TUBO DE CONCRETO J.G. D = 1,65 M (66"") C",3070.83
PLO847,"TUBO DE CONCRETO J.G. D = 1,65 M (66"") C",3426.16
PLO848,"TUBO DE CONCRETO J.G. D = 1,65 M (66"") C",2055.69
PLO849,"TUBO DE CONCRETO J.G. D = 1,65 M (66"") C",2918.54
PLO850,"TUBO DE CONCRETO J.G. D = 1,80 M (72"") C",3076.07
PLO851,"TUBO DE CONCRETO J.G. D = 1,80 M (72"") C",3312.67
PLO852,"TUBO DE CONCRETO J.G. D = 1,80 M (72"") C",2395.79
PLO853,"TUBO DE CONCRETO J.G. D = 1,80 M (72"") C",2484.51
PLO854,"TUBO DE CONCRETO J.G. D = 2,10 M (84"") C",2612.48
PLO855,"TUBO DE CONCRETO J.G. D = 2,10 M (84"") C",2533.33
PLO856,"TUBO DE CONCRETO J.G. D = 2,10 M (84"") C",2612.48
PLO857,"TUBO DE CONCRETO J.G. D = 2,40 M (96"") C",3147.8
PLO858,"TUBO DE CONCRETO J.G. D = 2,40 M (96"") C",3147.8
PLO859,"TUBO DE CONCRETO J.G. D = 2,70 M (108"") ",4407.96
PLO860,"TUBO DE CONCRETO J.G. D = 2,70 M (108"") ",3913.17
PLO861,TANQUILLA PREFABRICADA CONCRETO P/EMPOTR,37.45
PLO862,"ANILLO  HF  DE 10"" X 8""",96.31
PLO863,"ANILLO  HF  DE 12"" X 8""",143.8
PLO864,"ANILLO  HF  DE 12"" X 10""",166.95
PLO865,"CODO  HF  45º D=8""",132.23
PLO866,"CODO HF 45º D=12""",322.78
PLO867,"TUBO HF D=10"" L=3 M",328.85
PLO868,"TUBO HF 1 CAMPANA D=8"" L=1.5 M",383.76
PLO869,"TUBO HF 1 CAMPANA D=10"" L=1.5 M",573.28
PLO870,"TUBO HF 1 CAMPANA D=12"" L=1.5 M",705.41
PLO871,"YEE HF D=8""",187.13
PLO872,"YEE HF D=10""",298.32
PLO873,"YEE HF D=12""",322.76
PLO874,"YEE HF DE 3"" X 2""",33.83
PLO875,"YEE HF DE 4"" X 2""",43.39
PLO876,"YEE HF DE 4"" X 3""",40.77
PLO877,"YEE HF DE 6"" X 4""",137.73
PLO878,"YEE HF DE 8"" X 4""",121.99
PLO879,"YEE HF DE 8"" X 6""",126.62
PLO880,"YEE HF DE 10"" X 8""",191.21
PLO881,LLAVE/VALVULA DE PASO RAPIDO/ESFERICA D=,29.74
PLO882,LLAVE/VALVULA DE PASO RAPIDO/ESFERICA D=,48.45
PLO883,LLAVE/VALVULA DE PASO RAPIDO/ESFERICA D=,77.13
PLO884,LLAVE/VALVULA DE PASO RAPIDO/ESFERICA D=,204.09
PLO885,LLAVE/VALVULA DE PASO RAPIDO/ESFERICA D=,286.54
PLO886,LLAVE/VALVULA DE PASO RAPIDO/ESFERICA D=,438.56
PLO887,"VALVULA CHECK D= 1"" PISTON ACERO INOXIDA",110.19
PLO888,"VALVULA CHECK D= 2"" SIN FILTRO",109.09
PLO889,TUBO HF /HIERRO FUNDIDO 2 CAMPANAS L=1.5,107.64
PLO890,"YEE REDUCIDA HF /HIERRO FUNDIDO 4"" X 2""",36.34
PLO891,"TAPON GALVANIZADO HG, D=1/2"" A.B.",1.18
PLO892,"TEE DOBLE PVC A.N. D=2"" E-C-C",2.39
PLO893,LLAVE/VALVULA PASE RAPIDO/ESFERICA D=1/2,15.4
PLO894,LLAVE/ VALVULA DE PASO PASE RAPIDO/ESFER,209.36
PLO895,BATEA CONCRETO GRAVEUCA O SIMIL. .80 X 0,93.67
PLO896,"SIFON D=1 1/4"" PLASTICO PVC LAVAMANOS A.",6.62
PLO897,DESAGUE SENCILLO PLASTICO PVC A.N.,1.08
PLO899,"TUBO HG ISO I D= 1/2"" P=1.13 KG/M  #",8.29
PLO901,"TUBO HG ISO I D=3/4""",10.77
PLO902,"TUBO HG ISO I D= 1""",19.77
PLO903,"JUNTA DRESSER HG D= 2""",32.74
PLO904,LLAVE DE PASO TIPO COMPUERTA DE BRONCE D,38.58
PLO905,UNION RAPIDA PEAD 75 MM,15.4
PLO906,UNION RAPIDA PEAD 90 MM,24.14
PLO907,"TUBO PVC A.N. D=4"" L=3 M BAJANTE E= 3,2 ",14.32
PLO908,"TUBO PVC A.N. D=2""  L=3.00 M E=1,8 MM LI",4.79
PLO909,"TAPA DE REGISTRO A.N. PVC D=2""",2.18
PLO910,LLAVE DE PASO TIPO COMPUERTA DE BRONCE D,275.51
PLO911,BOCALLAVE HF BC-2 D= 150 MM X 200 MM Nº ,220.4
PLO912,"TUBO PVC A.N. D=8"" 200 MM ASTM E= 4 MM",44.09
PLO913,"TAPON DE REGISTRO A.N. PVC D=4""",5.65
PLO914,WC (POCETA) ASIENTO DESCARGA AL PISO ECO,242.42
PLO915,LLAVE DE ARRESTO PARA PIEZAS SANITARIAS,8.81
PLO916,"TUBO PVC A.N. D=12"" 315 MM - E=6.2 MM AS",105.63
PLO917,"TUBO PVC A.N. D=16"" 400 MM - E=7.8 MM AS",150.18
PLO918,"CANAL PVC P/AGUAS DE LLUVIA 6""",23.12
PLO919,BAJANTE PLASTICO PVC PARA CANAL DE LLUVI,8.93
PLO920,SOPORTE PLETINA ACERO HG P/CANAL LLUVIA ,4.41
PLO921,"SIFON 1 1/4"" METAL CROMADO/SATINADO",18.73
PLO922,ANILLO DE GOMA SELLOFLEX,11.02
PLO923,A/C CINTA TAPE-TEIPE PLOMO 48 MM L= 55 M,22.02
PLO924,"TUBO PEAD 40MM (1 1/4"") 150 L/PG2",4.2
PLO925,"SONDEO EXPLORATORIO CON MECHA 9 5/8"" P/P",11.02
PLO926,"AMPLIACION CON MECHA 12"" DE POZO",9.88
PLO927,"AMPLIACION CON MECHA 16"" DE POZO",11.02
PLO928,"AMPLIACION CON MECHA 18"" DE POZO",16.5
PLO929,"AMPLIACION CON MECHA 26"" DE POZO",23.12
PLO930,"TUBO PVC C/ROSCA Y ANILLO DE 10"" P/POZO",121.24
PLO931,"TUBO CASINO P/SELLO SANITARIO DE L=20""",5.54
PLO932,LIMPIEZA DE TUBERIA P/POZOS,3.28
PLO933,VALVULA CHECK CON FILTRO PARA POZO,102.47
PLO934,"MARACA CON VALVULA CHECK PARA POZO D= 2""",67.22
PLO935,"SELLO HIDRAULICO 9"" JUNTA VULVO CENTRAL ",19.84
PLO936,"SELLO HIDRAULICO 6"" JUNTA VULVO CENTRAL ",12.13
PLO937,A/C KIT P/TUBERIA DE VISOR DE LIQUIDO,8.81
PLO938,BANCADA DE COMPRESOR DE 2HP,1197.86
PLO939,CABEZAL PORTA ELECTRODO CON CONEXIONES,26.45
PLOA01,"TUBO DE CONCRETO J.M. D = 2,70 M (108"") ",2865.18
PLOA02,"JUNTA DRESSER HG D= 4""",121.22
PLOA03,CODO A.B. D=110 MM X 90º PVC PRESION J.A,32.18
PLOA04,"JUNTA/UNION DRESSER GALVANIZADA HG D= 4""",110.19
PLOA05,"JUNTA DRESSER HG D= 8""",407.74
PLOA06,"SIFON DE PVC - A.N. DE 4""",15.4
PLOA07,LAVAMANOS PREFABRICADO TIPO GRAVEUCA O S,66.14
PLOA08,"CONEXION TUBERIA PVC D= 1/2"" A.B.",0.32
PLOA09,"CONEXIONES TUBERIA PVC D= 1"" A.B.",0.42
PLOA10,"ANILLO-CONEXIONES DE HG 1""",3.55
PLOA11,LLAVE DE PASO TIPO COMPUERTA DE BRONCE D,26.45
PLOA12,LLAVE DE PASO TIPO COMPUERTA DE BRONCE D,40.77
PLOA13,"LLAVE/VALVULA PASO RAPIDO/ESFERICA 3/4"" ",42.94
PLOA14,"ANILLO REDUCCION PVC A.N. 4"" X 3""",8.81
PLOA15,"ANILLO REDUCCION PVC A.N. 3"" X 2""",4.41
PLOA16,"CODO PVC 45 GRADOS A.N. D=2""",2.61
PLOA17,"SIFON PVC A.N. 2""",6.62
PLOA18,TEFLON PROFESIONAL 19 MM X 15M X 0.2 MM,3.28
PLOA19,BATEA EN GRANITO (VACIADA),157.6
PLOA20,"CANILLA METALICA FLEX 1RA 1/2"" X 5/8"" 40",16.18
PLOA21,"INDUFLEX 6"" PARA HF",104
PLOA22,"JUNTA DRESSER HG D= 1""",18.09
PLOA23,"JUNTA DRESSER HG D= 3/4""",11.02
PLOA24,"JUNTA DRESSER HG D= 1/2""",9.25
PLOA25,"MEDIDOR DE AGUA RESIDENCIAL D=3/4""",99.2
PLOA26,TANQUILLA PREFABRICADA DE CONCRETO D=25X,33.09
PLOA27,"TUBO DE CONCRETO J.M. D = 1,50 M (60"") C",1399.32
PLOA28,CODO PVC A.B. D=110 MM X 90º PRESION J.A,41.85
PLOA29,"TUBO HG GALVANIZADO ISO I D = 6"" E= 2,9 ",153
PLOA30,"CULATA SELLADORA, DE PVC",0.76
PLOA31,"GEODREN TUBO PVC D= 2"" CUBIERTA DE GEOTE",10.62
PLOA32,"GEODREN TUBO PVC D= 3"" CUB. GEOTEXTIL",15.1
PLOA33,"TUBO PVC  D=2 1/2 "" PARA INYECCION",8.81
PLOA34,"TUBO PVC 1 1/2"" PARA PROTECCION DE GUAYA",8.47
PLOA35,"TUBO HG ISO II DIAM = 3/4"" (19 MM)",10.77
PLOA36,"ANILLO - CONEXIONES HG ISO II, DIAM = 3/",2.51
PLOA37,TEFLON P/CONEXIONES TUBERIA HG ROLLO 15 ,0.48
PLOA38,"TUBO PVC A.N. D=4"" / 110 MM E = 2,2 MM N",10.27
PLOA39,"CONEXIONES TUBERIA PVC D = 102 MM (4 "") ",3.28
PLOA40,"LIMPIADOR ""TANGIT"" PARA TUBERIA PVC",6.62
PLOA41,PEGAMENTO PARA TUBERIA PVC #,16.5
PLOA42,"TUBO HG ISO I D = 2""  (51 MM)",37.45
PLOA43,"ANILLO-CONEXIONES HG ISO I, DIAM = 51 MM",6.62
PLOA44,ACCESORIOS PARA TUBERIA,0.23
PLOA45,"TUBO HG ISO II, DIAM = 1"" (25 MM)",15.46
PLOA46,"ANILLO-CONEXIONES HG ISO II, DIAM = 13 M",1.97
PLOA47,"ANILLO-CONEXIONES HG ISO II, DIAM = 25 M",3.65
PLOA48,"TUBO PVC A.N. D=2"" (51 MM) E =1,8 MM LIV",5.62
PLOA49,"CONEXIONES TUBERIA PVC D = 51 MM (2 "") A",0.74
PLOA50,BARRA PLASTICA  PVC DIAMETRO = 20 MM,0.31
PLOA51,"TUBO PVC A.N. D=3"" (75 MM)  E = 1,8 MM L",6.62
PLOA52,"CANILLA METALICA FLEX. DE 1RA 1/2"" X 1/2",14.85
PLOA53,"TUBO PERFORADO DE CONCRETO 12"" (30 CM) 1",43.63
PLOA54,"TEE DOBLE (CRUZ) HG 3/4""",4.41
PLOA55,"TEE DOBLE (CRUZ) HG 1/2""",2.72
PLOA56,"UNION UNIVERSAL HG D= 4""",121.22
PLOA57,"TEE DOBLE (CRUZ) HG 2""",44.07
PLOA58,"LLAVE DE CHORRO BRONCE 1/2""",14.31
PLOA59,"LLAVE/VALVULA DE CHORRO BRONCE 1/2"" CIER",14.73
PLOA60,"TEFLON PROFESIONAL 3/4""-19 MM  X 15 M",3.62
PLOA61,ESTOPA PARA CALAFATEO HF IMPORTADA\,5.29
PLOA62,"REJILLA CROMADA PARA DREN DE PISO 2""",13.22
PLOA63,"REJILLA CROMADA PARA DREN DE PISO  D= 3""",15.4
PLOA64,"TAPA PVC P/CANAL AGUAS DE LLUVIA 6""",7.15
PLOA65,"UNION PVC P/CANAL AGUAS DE LLUVIA 6""",12.13
PLOA66,UNION BAJANTE PVC P/CANAL AGUAS DE LLUVI,16.5
PLOA67,"BAJANTE PVC P/CANAL AGUAS DE LLUVIA 6"" (",13.22
PLOA68,"CANAL PVC P/AGUAS DE LLUVIA 6"" LIVIANO",25.36
PLOA69,"TUBO PVC A.N. D=20"" 500 MM - E=9,8 MM AS",275.42
PLOA70,"TUBO PVC A.N. D=24"" 600 MM E=12,4 MM AST",356.26
PLOA71,"TUBO PVC A.N. D=32"" 800 MM E=15,6 MM AST",583.25
PLOA72,"TUBO PVC A.N. D=40"" 1000 MM E=19,7 MM AS",936.28
PLOA73,"CODO PVC 90 GRADOS A.N. D=20"" / 500 MM",84.87
PLOA74,"CODO PVC 90 GRADOS A.N. D=24"" / 600 MM",131.14
PLOA75,"CODO PVC 90 GRADOS A.N. D=32"" / 800 MM",132.23
PLOA76,"CODO PVC 90 GRADOS A.N. D=40"" 1000MM",261.17
PLOA77,"TEE PVC A.N. D=20"" / 500 MM",74.95
PLOA78,"TEE PVC A.N. D=24"" / 600 MM",84.87
PLOA79,"TEE PVC A.N. D=32"" / 800 MM",92.57
PLOA80,"TEE PVC A.N. D=40"" / 1000 MM",123.41
PLOA81,"CODO PVC 45 GRADOS A.N. D=20""/ 500 MM",60.63
PLOA82,"CODO PVC 45 GRADOS A.N. D=40"" /1000 MM",175.22
PLOA83,"CANILLA FLEXIBLE ACERO INOX. 1/2"" X 5/8""",14.31
PLOA84,LLAVE P/LAVAMANO CRUZ  INDIV. FUND PACIF,27.55
PLOA85,LLAVE P/LAVAMANO GRIFO POMO INDIVIDUAL,26.45
PLOA86,ACCESORIOS P/INSTALACION DE BOMBA CP 310,198.38
PLOA87,ACCESORIOS P/INSTALACION DE BOMBA SUMERG,165.32
PLOA88,SENSOR DE NIVEL FLOTANTE MOD. ENM-10 6M ,72.76
PLOA89,MATERIALES PARA TUBO HF DUCTIL,5.54
PLOA90,GOMA GASKET P/WC (UNION TANQUE-ASIENTO),4.41
PLOA91,ESTAÑO PARA SOLDAR,81.34
PLOA92,FUNDENTE PARA ESTAÑO ENV DE 57 GRS,9.88
PLOA93,PUNTO DE A.N. EN PVC SECTOR PETROLERO,18.73
PLOA94,PUNTO DE A.N. EN PVC SECTOR CONSTRUCCION,16.98
PLOA95,PUNTO DE A.B. EN HG SECT. CONSTRUCCION (,39.67
PLOA96,PUNTO DE A.B. EN HG SECT. PETROLERO (CD),42.94
PLOA97,"TEE HG  REDUCIDA  D=3"" X 2""",33.09
PLOA98,"VALVULA COMPUERTA HF DIN PN-10 D=8"" B-B",2574.25
PLOA99,"VALVULA COMPUERTA HF DIN PN-10 D=10"" B-B",3815.09
PLOB01,LLAVE/VALVULA COMPUERTA HF DIN PN-10 D=1,5285.15
PLOB02,"VALVULA RETENCION HF DIN PN-10 D=3"" B-B",676.63
PLOB03,"VALVULA RETENCION HF DIN PN-10 D=4"" B-B",564.25
PLOB04,"VALVULA RETENCION HF DIN PN-10 D=6"" B-B",2254.71
PLOB05,"VALVULA RETENCION HF DIN PN-10 D=8"" B-B",3213.39
PLOB06,"CUPLON P/MEDIDOR DE AGUA D=3/4""",4.41
PLOB07,"CUPLON P/MEDIDOR DE AGUA D=1""",5.54
PLOB08,TAPA LATERAL P/CANAL LLUVIA HG,3.28
PLOB09,SOPORTE PLETINA ACERO HG P/CANAL LLUVIA,5.54
PLOB10,BAJANTE HG P/CANAL AGUAS LLUVIA GALVANIZ,62.82
PLOB11,CAJA TRONCOCONICA PARA MEDIDOR DE AGUA 1,80.47
PLOB12,MARCO Y TAPA DE  HF  PARA CAJA TRONCOCON,147.66
PLOB13,"CONEXION TUBERIA DE COBRE 1""",9.35
PLOB14,"TAPON TUBERIA DE COBRE 1""",3.28
PLOB15,"CUPLON P/MEDIDOR DE AGUA HASTA 1"" C/EMPA",5.76
PLOB16,"MEDIDOR DE AGUA D=100 MM- 4""  \",980.78
PLOB17,"MEDIDOR DE AGUA D=15 MM- 5/8""",83.74
PLOB18,"MEDIDOR DE AGUA D=25 MM- 1""",164.22
PLOB19,"MEDIDOR DE AGUA D=50 MM- 2""",341.61
PLOB20,"MEDIDOR DE AGUA D=80 MM- 3"" \",791.21
PLOB21,"BASE PARA MEDIDOR AGUA METER YOKE 1"" A.B",22.02
PLOB22,BASE PARA MEDIDOR DE AGUA METER YOKE 3/4,23.12
PLOB23,UNION TUBERIA DE COBRE- COBRE ANILLO D= ,3.97
PLOB24,UNION UNIVERSAL TUBERIA COBRE-COBRE D= 1,15.4
PLOB25,UNION UNIVERSAL TUBERIA COBRE-COBRE D= 3,9.88
PLOB26,"UNION TUBERIA DE COBRE-COBRE D= 1""",4.86
PLOB27,"CONEXION CORPORATION STOP D= 1""",88.17
PLOB28,"CONEXION CORPORATION STOP D= 3/4""",38.9
PLOB29,BOYA DE DEMARCACION,22.02
PLOB30,"MEDIDOR DE AGUA D=40 MM- 1 1/2"" \",266.7
PLOB31,"MEDIDOR DE AGUA D=30 MM- 1 1/4"" \",209.36
PLOB32,"MEDIDOR DE AGUA D=65 MM- 2 1/2""  \",480.46
PLOB33,"MEDIDOR DE AGUA D=125 MM- 5""  \",1443.58
PLOB34,TEFLON LIQUIDO TANGIT P/JUNTAS 1/2 LT 47,12.13
PLOB35,"TUBO PEAD 90MM D=3"" 150 LBS/PLG2",24.8
PLOB36,"CONEXIONES TUBERIA PVC D = 75 MM (3 "") A",2.18
PLOB37,LLAVE DE ARRESTO CROMADA P/SANITARIOS FP,11.02
PLOB38,"BAJANTE PVC P/CANAL AGUAS DE LLUVIA 4""",12.13
PLOB39,UNION BAJANTE PVC P/CANAL AGUAS DE LLUVI,16.5
PLOB40,UNION RAPIDA PEAD 315 MM,165.32
PLOB41,PEGA TANGIT TODA PRESION 240 ML HENKEL,6.62
PLOB42,PEGA TANGIT BAJ/PRES 240 ML HENKEL,5.54
PLOB43,"REJILLA BRONCE CUELLO D= 1 1/4"" DREN P/P",5.54
PLOB44,GRIFERIA ECONOMICA PARA LAVAMANO,45.72
PLOB45,"MANGUERA D=3/8"" PARA FILTROS",1.61
PLOB46,"CODO H.N. D= 1""",13.22
PLOB47,DISPENSADOR PORTA TOALLIN  P/BAÑO SECAR ,27.55
PLOB48,GRIFERIA PARA LAVACOPAS,88.17
PLOB49,GRIFERIA PARA LAVAMOPAS,88.17
PLOB50,LAVAMOPAS DE CONCRETO GRAVEUCA O SIMILAR,77.13
PLOB51,"VALVULA REDUCTORA DE PRESION 4"" \",10248.5
PLOB52,REJILLA C/CUPULA P/DREN DE PISO BRONCE D,25.79
PLOB53,VALVULA REDUCTORA DE PRESION BRONCE DIAM,1102
PLOB54,VALVULA REDUCTORA DE PRESION BRONCE DIAM,1542.77
PLOB55,VALVULA REDUCTORA DE PRESION BRONCE DIAM,445.18
PLOB56,VALVULA REDUCTORA DE PRESION BRONCE DIAM,771.4
PLOB57,BATEA EN GRANITO P/APARTAMENTO-VIVIENDA,137.72
PLOB58,BATEA DE CONCRETO 80X45 CM,92.57
PLOB59,"SIFON FLEXIBLE PVC P/ FREGADERO 1 1/2""",5.54
PLOB60,"ANILLO DE GOMA SELLOFLEX 2""",11.02
PLOB61,"ANILLO DE GOMA SELLOFLEX 3""",18.73
PLOB62,"ANILLO DE GOMA SELLOFLEX 4""",24.26
PLOB63,"ANILLO DE GOMA SELLOFLEX 6""",30.85
PLOB64,"ANILLO DE GOMA SELLOFLEX 1 1/2""",8.81
PLOB65,"NIPLE HG 1""",2.96
PLOB66,"NIPLE HG  2 1/2"" X 4""",11.02
PLOB67,"NIPLE HG  3"" L=4""",13.22
PLOB68,"NIPLE HG  4"" L=4""",16.5
PLOB69,"ANILLOS HG  REDUCIDOS D=2"" X 1""",12.58
PLOB70,"CODO REDUCIDO HG  D=1 1/2"" X 1""",7.69
PLOB71,"CODO REDUCIDO HG  D=2"" X 1 1/2""",8.33
PLOB72,"TEE HG  REDUCIDA D=1"" X 3/4""",4.41
PLOB73,LLAVE DE ARRESTO ECONOMICA P/SANITARIOS,7.69
PLOB74,MARCO Y TAPA DE  HF  PARA CAJA TRONCO CO,99.2
PLOB75,EMPACADURA PLANA DE GOMA PARA D = 150 MM,1.08
PLOB76,"TUBO PVC A.B. D=1/2"" AGUA CALIENTE",3.16
PLOB77,"TUBO PVC A.B. D=3/4"" AGUA CALIENTE",4.78
PLOB78,"UNION UNIVERSAL PVC D=1/2"" AGUA CALIENTE",6.62
PLOB79,"CODO - UNION PVC D=3/4"" AGUA CALIENTE A.",2.45
PLOB80,LLAVE/ VALVULA DE PASO BOLA/ESFERICA D=4,429.76
PLOB81,REJILLA DE BRONCE DREN P/PISO CUELLO D=6,27.55
PLOB82,REJILLA DE BRONCE DREN P/PISO CUELLO D=4,25.36
PLOB83,"DESAGUE D=1 1/2"" PARA FREGADERO/BATEA",9.03
PLOB84,PEGAMENTO PVC ALTA PRESION 118 ML TANGIT,14.31
PLOB85,SIFON P/URINARIO SLOAM O SIMILAR,22.02
PLOB86,"SPUD PARA URINARIO D=3/4""",17.81
PLOB87,"FLANGE PARA URINARIO DE 3/4""",22.02
PLOB88,"JUNTA DRESSER D= 1 1/4""",22.02
PLOB89,FREGADERO DE GRANITO P/APARTAMENTO-VIVIE,131.14
PLOB90,SELLO P/ROSCAS TUBO HG AGUAS CLARAS,0.53
PLOB91,"ROSCA P/TUBO HG AGUAS CLARAS HASTA 1""",0.53
PLOB92,"GOMA REDUCTORA 2"" A 1 1/4"" A.N.",0.19
PLOB93,"JUNTA DRESSER D= 1 1/2""",26.45
PLOB94,"TUBO PVC A.B. D=1"" AGUA CALIENTE",6.62
PLOB95,"CODO - UNION PVC D=1/2"" AGUA CALIENTE A.",2.18
PLOB96,"CODO O UNION PVC D=1"" AGUA CALIENTE A.B.",3.28
PLOB97,"ADAPTADOR MACHO PVC A.B. D=1/2""",1.08
PLOB98,"TAPA P/TANQUILLA 1,10 X 0,90 HIERRO LIVI",19.84
PLOB99,"VALVULA CHECK CON FILTRO MARACA D=2 1/2""",231.42
PLOC01,INODORO CIRCULAR DE BRONCE D=20 CM,23.12
PLOC02,"INODORO CIRCULAR DE PVC  D=2"" A.N.",2.18
PLOC03,INODORO CUADRADO DE BRONCE 10X10 CM,15.4
PLOC04,INODORO CUADRADO DE BRONCE 12X12 CM,24.26
PLOC05,INODORO CUADRADO DE BRONCE 15X15 CM,26.45
PLOC06,INODORO CUADRADO DE BRONCE 20X20 CM,28.3
PLOC07,REJILLA C/CUPULA DREN DE PISO DE BRONCE ,27.55
PLOC08,REJILLA C/CUPULA P/DREN DE PISO BRONCE D,30.85
PLOC09,"REJILLA CON CUPULA PARA DREN, DE BRONCE ",11.02
PLOC10,REJILLA C/CUPULA DREN DE PISO DE BRONCE ,7.69
PLOC11,"REJILLA CON CUPULA PARA DREN DE HF D=2""",6.62
PLOC12,REJILLA C/CUPULA PARA DREN DE PISO HF D=,28.62
PLOC13,"SIFON DE PVC - A.N. DE 6""",20.91
PLOC14,"SIFON DE PVC - A.N. DE 3""",12.13
PLOC15,"ANILLO PVC A.N. D=4"" REFORZADO E=3,2 MM",7.15
PLOC16,"REJILLA C/CUPULA DREN DE PISO DE HF D=4""",34.81
PLOC17,REJILLA C/CUPULA PARA DREN DE PISO HF D=,42.94
PLOC18,REJILLA C/CUPULA P/DREN DE PISO HF D=1 1,5.76
PLOC19,REJILLA C/CUPULA PARA DREN PISO DE HF D=,6.07
PLOC20,URINARIO LINEA MEDIA,276.61
PLOC21,TUBO TERMOFUSION PPR D=90 MM SDR6 PN20,36.44
PLOC22,CODO P/SOLDAR TERMOFUSION / POLIFUSION D,14.31
PLOC23,ANILLO P/SOLDAR TERMOFUSION-POLIFUSION D,26.45
PLOC24,ANILLO P/SOLDAR TERMOFUSION-POLIFUSION D,2.51
PLOC25,CODO TERMOFUSION  / POLIFUSION D= 20 MM,0.74
PLOC26,ANILLO P/SOLDAR TERMOFUSION-POLIFUSION D,8.22
PLOC27,CODO ROSCADO TERMOFUSION / POLIFUSION D=,6.62
PLOC28,"TEE DOBLE PVC A.N. D= 2"" REFORZADA",3.28
PLOC29,"TEE DOBLE PVC A.N. D= 3"" REFORZADA",8.81
PLOC30,"TEE DOBLE PVC A.N. D= 4"" REFORZADA",9.56
PLOC31,"TEE DOBLE PVC A.N. D= 6"" REFORZADA",27.55
PLOC32,"TEE DOBLE PVC A.N. D= 8"" REFORZADA 15 KG",69.41
PLOC33,ANILLO P/SOLDAR TERMOFUSION-POLIFUSION D,8.81
PLOC34,CODO TERMOFUSION  / POLIFUSION D= 40MM,2.84
PLOC35,ANILLO P/SOLDAR TERMOFUSION-POLIFUSION D,9.88
PLOC36,CODO TERMOFUSION  / POLIFUSION D= 50 MM,5.54
PLOC37,ANILLO P/SOLDAR TERMOFUSION-POLIFUSION D,15.4
PLOC38,CODO P/SOLDAR TERMOFUSION / POLIFUSION D,12.69
PLOC39,ANILLO P/SOLDAR TERMOFUSION-POLIFUSION D,20.91
PLOC40,CODO P/SOLDAR TERMOFUSION / POLIFUSION D,13.22
PLOC41,ANILLO P/SOLDAR TERMOFUSION-POLIFUSION D,38.58
PLOC42,CODO P/SOLDAR TERMOFUSION / POLIFUSION D,23.12
PLOC43,TUBO TERMOFUSION PPR D=160 MM SDR6 PN20,174.36
PLOC44,ANILLO P/SOLDAR TERMOFUSION-POLIFUSION D,55.1
PLOC45,CODO P/SOLDAR TERMOFUSION / POLIFUSION D,48.77
PLOC46,TEE P/SOLDAR TERMOFUSION / POLIFUSION D=,2.18
PLOC47,TEE P/SOLDAR TERMOFUSION / POLIFUSION D=,3.55
PLOC48,TEE P/SOLDAR TERMOFUSION / POLIFUSION D=,3.97
PLOC49,TEE P/SOLDAR TERMOFUSION / POLIFUSION D=,5.43
PLOC50,TEE P/SOLDAR TERMOFUSION / POLIFUSION D=,10.25
PLOC51,TEE P/SOLDAR TERMOFUSION / POLIFUSION D=,12.69
PLOC52,TEE P/SOLDAR TERMOFUSION / POLIFUSION D=,13.54
PLOC53,TEE P/SOLDAR TERMOFUSION / POLIFUSION D=,30.41
PLOC54,TEE P/SOLDAR TERMOFUSION / POLIFUSION D=,52.91
PLOC55,CODO TERMOFUSION  / POLIFUSION D= 32MM,5.54
PLOC56,LLAVE ESFERICA TERMOFUSION DOBLE UNION D,50.73
PLOC57,LLAVE ESFERICA TERMOFUSION DOBLE UNION D,88.17
PLOC58,MATERIALES VARIOS PARA HIERRO GALVANIZAD,0.21
PLOC59,ANILLO PEAD P/SOLDAR ELECTROFUSION D=25 ,6.62
PLOC60,ANILLO PEAD P/SOLDAR ELECTROFUSION D=160,77.13
PLOC61,ANILLO PEAD P/SOLDAR ELECTROFUSION D=110,71.65
PLOC62,ANILLO PEAD P/SOLDAR ELECTROFUSION D=75 ,38.58
PLOC63,ANILLO PEAD P/SOLDAR ELECTROFUSION D=63 ,33.09
PLOC64,ANILLO PEAD P/SOLDAR ELECTROFUSION D=50 ,22.02
PLOC65,ANILLO PEAD P/SOLDAR ELECTROFUSION D=40 ,17.64
PLOC66,ANILLO PEAD P/SOLDAR ELECTROFUSION D=32 ,11.02
PLOC67,ANILLO PEAD P/SOLDAR ELECTROFUSION D=20 ,4.41
PLOC68,ANILLO PEAD P/SOLDAR ELECTROFUSION D=90 ,44.07
PLOC69,"JUNTA DRESSER HG D= 2 1/2""",48.45
PLOC70,LLAVE/VALVULA DE PASO RAPIDO/ESFERICA D=,37.45
PLOC71,LLAVE/VALVULA DE PASO RAPIDO/ESFERICA D=,66.14
PLOC72,LLAVE/VALVULA DE PASO RAPIDO/ESFERICA D=,231.42
PLOC73,LLAVE/VALVULA DE PASO RAPIDO/ESFERICA D=,606.09
PLOC74,PEGAMENTO PARA PVC ENVASE 1/4 GL P/AGUA ,30.75
PLOC75,"TUBO PVC A.N. D=10"" DE L=3 M E=4,9 MM",64.02
PLOC76,"YEE PVC A.N. D=12"" 315 MM - E=6.2 MM AST",36.34
PLOC77,"YEE PVC A.N. D=16"" - E=7.9 MM",49.54
PLOC78,"YEE PVC A.N. D=8"" ASTM",72.37
PLOC79,"YEE PVC A.N. D=10"" ASTM",94.34
PLOC80,"CODO PVC 90 GRADOS A.N. D=10"" ASTM",39.13
PLOC81,"CODO PVC 45 GRADOS A.N. D=10"" ASTM",89
PLOC82,"CODO PVC 45 GRADOS A.N. D=12""",22.02
PLOC83,"CODO PVC 90 GRADOS A.N. D=12""",57.87
PLOC84,"CODO PVC 90 GRADOS A.N. D=8"" ASTM",30.85
PLOC85,"CODO PVC 90 GRADOS A.N. D=16""",76.68
PLOC86,"CODO PVC 45 GRADOS A.N. D=16""",26.45
PLOC87,"TUBO PVC A.N. D=10"" 250 MM ASTM E=4.9 MM",63.36
PLOC88,"TUBO PVC A.B. D=2"" AGUA CALIENTE",17.1
PLOC89,"ANILLO PVC D=1/2"" AGUA CALIENTE A.B.",2.72
PLOC90,"ANILLO PVC D= 3/4"" AGUA CALIENTE A.B.",3.28
PLOC91,"ANILLO PVC D= 1"" AGUA CALIENTE A.B.",5.54
PLOC92,"ANILLO PVC D= 2"" AGUA CALIENTE A.B.",9.88
PLOC93,"CODO - UNION PVC D=2"" AGUA CALIENTE A.B.",2.72
PLOC94,SOLDADURA LIQUIDA P/ PVC AGUA CALIENTE A,4.41
PLOC95,SOLDADURA LIQUIDA P/ PVC AGUA CALIENTE A,9.46
PLOC96,LIMPIADOR PRIMER PARA TUBERIA PVC 1/4 GL,8.81
PLOC97,LLAVE DE PASO PARA TERMOFUSION D= 32 MM,36.34
PLOC98,LLAVE DE PASO PARA TERMOFUSION D= 50 MM,77.13
PLOC99,LLAVE DE PASO PARA TERMOFUSION D= 20 MM,16.5
PLOD01,"CODO PVC 45 GRADOS A.N. D=6"" REFORZADO E",16.5
PLOD02,"CODO PVC 90 GRADOS A.N. 6"" REFORZADO E= ",21.13
PLOD03,"CODO PVC 90 GRADOS A.N. 8""  REFORZADO",24.03
PLOD04,"YEE PVC A.N. D=8"" REFORZADO",55.1
PLOD05,"YEE PVC A.N. D=6"" (160 MM)  REFORZADO E=",31.95
PLOD057,"CANILLA PLASTICA PVC FLEX. 1/2"" X 1/2"" X",6.62
PLOD06,"CODO PVC 45 GRADOS A.N. D=10"" REFORZADO",80.52
PLOD07,"CODO PVC 45 GRADOS A.N. D=6"" REFORZADO E",17.64
PLOD08,"CODO PVC 90 GRADOS A.N. 10""  REFORZADO",38.01
PLOD09,"SIFON DE PVC - A.N. DE 4"" REFORZADO",17.1
PLOD10,"SIFON DE PVC - A.N. DE 2"" REFORZADO",6.18
PLOD11,"SIFON DE PVC - A.N. DE 3"" REFORZADO",13.22
PLOD12,"SIFON DE PVC - A.N. DE 6"" REFORZADO",21.13
PLOD13,"SIFON DE PVC - A.N. DE 8"" REFORZADO",26.45
PLOD14,TAPA-REJILLA DE DRENAJE P/PISO BRONCE D=,13.22
PLOD15,CENTRO PISO DREN REJILLA CIRCULAR CROMAD,38.58
PLOD16,"ANILLO PVC A.N. D=6"" REFORZADO E=4 MM",14.31
PLOD17,"ANILLO PVC A.N. D=8"" REFORZADO 1,99 KGF/",16.5
PLOD18,"ANILLO PVC A.N. D=10"" REFORZADO",22.02
PLOD19,"TEE PVC A.N. D=10"" REFORZADA",29.42
PLOD20,"TEE PVC A.N. D=8"" REFORZADA",16.86
PLOD21,"TEE PVC A.N. D=6"" REFORZADA",25.36
PLOD22,"TAPA DE REGISTRO A.N. PVC D=4"" REFORZADO",8.81
PLOD23,"TAPA DE REGISTRO A.N. PVC D=6"" REFORZADO",13.22
PLOD24,"TAPON DE REGISTRO A.N. PVC D=8"" REFORZAD",15.4
PLOD25,"TAPA DE REGISTRO A.N. PVC D=3"" REFORZADO",5.54
PLOD26,"TAPON DE REGISTRO A.N. PVC D=2"" REFORZAD",2.72
PLOD27,"TAPA DE REGISTRO A.N. PVC D=10"" REFORZAD",25.36
PLOD28,REJILLA DE BRONCE P/REJILLA DRENAJE PISO,5.08
PLOD29,TAPA-REJILLA DE DRENAJE P/PISO BRONCE D=,6.62
PLOD30,TAPA-REJILLA DE DRENAJE P/PISO BRONCE D=,4.41
PLOD31,CENTRO PISO REJILLA DREN CIRCULAR BRONCE,10.91
PLOD32,"TUBO PVC A.N. D=6"" ASTM E= 4,12 MM",34.11
PLOD33,"TEE PVC A.N. D=4"" ASTM",11.76
PLOD34,"TUBO PVC A.N. D=2"" ASTM E= 3,2 MM",9.03
PLOD35,"TUBO PVC A.N. D=3"" ASTM E= 3,2 MM",11.42
PLOD36,"TUBO PVC A.N. D=4"" 102 MM ASTM E=3,2 MM",19.85
PLOD37,LLAVE ESFERICA TERMOFUSION DOBLE UNION D,29.74
PLOD38,LLAVE ESFERICA TERMOFUSION DOBLE UNION D,195.92
PLOD39,LLAVE DE PASO PARA TERMOFUSION D= 63 MM,115.14
PLOD40,LLAVE ESFERICA TERMOFUSION DOBLE UNION D,133.35
PLOD41,LLAVE ESFERICA TERMOFUSION DOBLE UNION D,114.6
PLOD42,LLAVE DE PASO PARA TERMOFUSION D= 75 MM,138.85
PLOD43,LLAVE DE PASO PARA TERMOFUSION D= 25 MM,19.84
PLOD44,LLAVE DE PASO PARA TERMOFUSION D= 90 MM,242.42
PLOD45,LLAVE DE PASO PARA TERMOFUSION D= 110 MM,319.57
PLOD46,LLAVE DE PASO PARA TERMOFUSION D= 40 MM,36.34
PLOD47,LLAVE DE PASO PARA TERMOFUSION D= 90 MM,275.51
PLOD48,LLAVE ESFERICA TERMOFUSION DOBLE UNION D,264.48
PLOD49,LLAVE ESFERICA TERMOFUSION DOBLE UNION D,330.58
PLOD50,LLAVE ESFERICA TERMOFUSION DOBLE UNION D,606.09
PLOD51,"CONEXION CORPORATION STOP D= 1/2""",20.91
PLOD52,"TAPA DE REGISTRO A.N. PVC D=8"" REFORZADO",16.5
PLOD53,"TAPA DE REGISTRO A.N. PVC D=8""",15.4
PLOD54,"TAPA DE REGISTRO A.N. PVC D=6""",12.13
PLOD55,"TAPON DE REGISTRO BRONCE D=3"" A.N.",11.02
PLOD56,"TAPON DE REGISTRO BRONCE D=6"" A.N.",26.45
PLOD57,"TUBO HG  P/ VENTILACION D=1 1/4"" E=2.3 M",6.51
PLOD58,"JUNTA DRESSER/MECANICA D= 4"" C/PERNOS",110.19
PLOD59,"UNION UNIVERSAL DE BRONCE D =3/4""",22.02
PLOF01,"TUBO TERMOFUSION PPR D=25 MM 3/4"" SDR6 P",3.74
PLOF02,TUBO TERMOFUSION PPR D=50 MM SDR6 PN20,14.38
PLOF03,TUBO TERMOFUSION PPR D=75 MM SDR6 PN20,25.36
PLOF04,TUBO TERMOFUSION PPR D=110 MM SDR6 PN20,89.27
PLOF05,CODO ROSCADO TERMOFUSION / POLIFUSION D=,8.81
PLOF06,CODO P/SOLDAR TERMOFUSION / POLIFUSION D,2.39
PLOF07,ANILLO P/SOLDAR TERMOFUSION-POLIFUSION D,5.81
PLOF08,TEE P/SOLDAR TERMOFUSION / POLIFUSION D=,2.96
PLOF09,"TEE PVC A.B. REDUCIDA D=3/4"" X 1/2""",0.88
PLOF10,"TEE PVC A.B. REDUCIDA D=1"" X 3/4""",1.79
PLOF11,"REDUCCION PVC A.B. D=1"" X 3/4""",1.34
PLOF12,"CODO O UNION PVC D=1/2"" AGUA CALIENTE AS",1.86
PLOF13,"CODO - UNION PVC D=3/4"" AGUA CALIENTE AS",2.39
PLOF14,"TEE PVC A.B. D=1/2"" AGUA CALIENTE",0.97
PLOF15,"TEE PVC A.B. D=3/4"" AGUA CALIENTE",1.86
PLOF16,"UNION PVC A.B. D=1/2"" AGUA CALIENTE",2.72
PLOF17,"TAPON SOLDADO PVC A.B. D=1/2"" AGUA CALIE",1.61
PLOF18,"TAPON SOLDADO PVC A.B. D=3/4"" AGUA CALIE",1.61
PLOF19,"TEE REDUCIDA PVC A.B. D=3/4""X1/2"" AGUA C",1.86
PLOF20,"REDUCCION PVC A.B. D=3/4""X1/2"" AGUA CALI",1.61
PLOF21,"TUBO PVC A.B. D= 1"" PRESION AGUA FRIA AS",5.54
PLOF22,"TEE PVC A.B. D=1"" X 3/4""",1.97
PLOF23,"TEE REDUCIDA PVC A.B. D=1"" X 3/4""",2.02
PLOF24,"TEE REDUCIDA PVC A.B. D=3/4""X1/2""",1.08
PLOF25,"CANILLA PLASTICA PVC FLEX. 1/2"" X 5/8"" P",7.27
PLOF26,"TUBO TERMOFUSION PPR D=25 MM 3/4""  SDR6 ",3.81
PLOF27,"TUBO TERMOFUSION PPR D=20 MM 1/2"" SDR6 P",2.38
PLOF28,"CODO TERMOFUSION  / POLIFUSION D= 1/2"" 2",0.64
PLOF29,CODO TERMOFUSION  / POLIFUSION D= 25 MM ,1.34
PLOF30,"CODO TERMOFUSION  / POLIFUSION D= 1"" 32 ",6.62
PLOF31,"TUBO TERMOFUSION PPR D=40 MM 1 1/4"" SDR6",8.83
PLOF32,"TUBO TERMOFUSION PPR D=32 MM 1"" SDR6 PN2",6.15
PLOF33,TUBO TERMOFUSION PPR D=20 MM SDR6 PN20,2.39
PLOF34,TUBO TERMOFUSION PPR D=40 MM SDR6 PN20,8.16
PLOF35,TUBO TERMOFUSION PPR D=63 MM SDR6 PN20,21.41
PLOF36,"CODO PVC 90 GRADOS A.N. D=16"" / 400 MM",78.79
PLOF37,"CODO PVC 45 GRADOS A.N. D=16"" / 400 MM",27.55
PLOF38,"CODO PVC 90 GRADOS A.N. D=24""/ 600 MM",130.02
PLOF39,CODO PVC ALCANTA. E- C JTA MECANICA D=16,95.87
PLOF40,CODO PVC ALCANTA. E -C JTA MECANICA D=20,176.32
PLOF41,CODO PVC ALCANTA. E- C JTA MECANICA D=25,347.12
PLOF42,CODO PVC ALCANTA. E -C JTA MECANICA D=31,728.4
PLOF43,CODO PVC ALCANTA. E-C JTA MECANICA D=400,1046.87
PLOF44,"UNION UNIVERSAL TUBERIA COBRE D = 1""",15.4
PLOF45,"UNION UNIVERSAL TUBERIA COBRE D = 1/2""",7.69
PLOF46,"UNION UNIVERSAL TUBERIA COBRE D = 3/4""",9.88
PLOF47,"UNION UNIVERSAL TUBERIA COBRE D = 3/8""",6.62
PLOF48,"FILTRO MARACA BRONCE P/VALVULA CHECK  1""",44.07
PLOF49,"FILTRO MARACA BRONCE P/VALVULA CHECK 2""",55.1
PLOF50,FILTRO MARACA BRONCE PARA VALVULA CHECK ,81.56
PLOF51,FILTRO MARACA BRONCE PARA VALVULA CHECK ,178.53
PLOF52,CODO ROSCA HEMBRA TERMOFUSION  D= 32MM,13.22
PLOF53,CODO ROSCA MACHO TERMOFUSION  D= 32MM,13.22
PLOF54,"CODO HG 90 GRADOS CACHIMBOS  D= 3/4""",2.72
PLOF55,VALVULA REDUCTORA DE PRESION BRONCE DIAM,192.86
PLOF56,VALVULA REDUCTORA DE PRESION BRONCE D=1/,77.13
PLOF57,"MEDIDOR DE AGUA D= 1/2""",93.67
PLOF58,TUBERIA TERMOFUSION PPR SDR6 PN20,13.22
PLOF59,TUBO PVC A.B. AGUA CALIENTE AC,14.31
PLOF60,TUBO PVC A.B. AGUA FRIA AF,7.69
PLOF61,TUBO PVC A.N. LIVIANO,8.81
PLOF62,"TUBO PVC A.N. ""NORMA""",12.13
PLOF63,TUBO PVC A.N. PESADOS/REFORZADO,9.88
PLOF64,TUBO HF POR KG,8.33
PLOF65,"CANILLA METALICA FLEX. FP 1/2"" X 5/8"" 40",15.73
PLOF66,"CANILLA METALICA FLEX. FP 1/2"" X 1/2""  4",17.64
PLOF67,LLAVE P/LAVAMANO INDIVIDUAL PASO RAPIDO,31.95
PLOF68,LLAVE P/LAVAMANO INDIVIDUAL 1/4 DE VUELT,36.34
PLOF69,VASTAGO DE BRONCE P LLAVE DE LAVAMANO,13.22
PLOF70,VASTAGO DE BRONCE P/LLAVE DE DUCHA,23.12
PLOF71,VASTAGO FP DE BRONCE P/LLAVE DE LAVAMANO,18.73
PLOF72,VASTAGO FP DE PVC P/LLAVE DE LAVAMANO,9.88
PLOF73,VASTAGO FP DE PVC P/LLAVE DE FREGADERO,15.4
PLOF74,VASTAGO FP DE BRONCE P/LLAVE DE FREGADER,20.91
PLOF75,VASTAGO DE BRONCE P LLAVE MONOMANDO,14.31
PLOF76,"TUBO HF D=1 1/2""",19.84
PLOF77,"TUBO HF D=2 1/2""",48.45
PLOF78,"CANILLA PLASTICA PVC FLEX. 1/2"" X 1/2"" X",6.62
PLOF79,"CANILLA MET. FLEXIBLE 1/2"" X 1/4"" TIPO M",15.4
PLOF80,"CANILLA MET. FLEXIBLE 1/2"" X 3/8"" TIPO M",14.31
PLOF81,BATEA CONCRETO CON PATAS DE APOYO,95.87
PLOF82,"TAPON DE REGISTRO A.N. PVC D=6"" REFORZAD",13.22
PLOF83,"TAPON DE REGISTRO A.N. PVC D=3""",4.41
PLOF84,VALVULA CHECK ACERO AL CARBONO BRIDADA D,275.51
PLOF85,VALVULA CHECK ACERO AL CARBONO BRIDADA D,264.48
PLOF86,VALVULA CHECK ACERO AL CARBONO BRIDADA D,418.76
PLOF87,VALVULA CHECK ACERO AL CARBONO BRIDADA D,551.02
PLOF88,VALVULA CHECK ACERO AL CARBONO BRIDADA D,793.44
PLOF89,VALVULA CHECK ACERO AL CARBONO BRIDADA D,1542.77
PLOF90,VALVULA CHECK ACERO AL CARBONO BRIDADA D,2038.66
PLOF91,VALVULA CHECK ACERO AL CARBONO BRIDADA D,2754.98
PLOF92,SOMBRERO VENTILACION PVC P/TUBO 160 MM,22.02
PLOF93,"TUBO PVC ALCANT E- C JTA MEC D=24""/600MM",220.4
PLOF94,LLAVE P/LAVAMANOS PUSH BOTTON,44.07
PLOF95,TUBO HG ASTM,8.01
PLOF96,TUBO HG ISO,7.05
PLOF97,TUBO PEAD,7.69
PLOF98,S/T/C TUBO PVC ALCANT CAMP-ESPIG D=315 M,143.23
PLOF99,PEGA/SOLDADURA PARA PVC ALTA PRESION 1/4,30.85
PLOG01,FLANGE TERMOFUSION TUBERIA 20-25 MM P/TA,7.15
PLOG02,MANGUERA PVC FLEXIBLE RESISTENTE UV L=15,66.14
PLOG03,"S/C DE REJA ACERO P/SUMIDERO 1,5X0,90M P",661.2
PLOG04,S/T/C MARCO Y TAPA HF TIPO PESADO PARA B,595.07
PLOG05,BRIDA FIJACION DE MONTANTE A. INOX. AISI,33.09
PLOG06,"UNION UNIVERSAL A.B. PVC PRES 1/2"" CXC",2.72
PLOG07,PEGA/SOLDADURA PVC ALTA VISCOSIDAD 1/4 G,36.34
PLOG08,"BUJE REDU PVC PRES 1"" X 1/2"" EXC",0.32
PLOG09,TUBO PVC A.B. ACUEDUCTO D= 75 MM JR 85 P,11.02
PLOG10,TUBO PVC A.B. ACUEDUCTO D= 200 MM JR 85 ,92.52
PLOG11,TUBO PVC A.B. ACUEDUCTO D= 315 MM JR 85 ,264.48
PLOG12,TUBO PVC A.B. ACUEDUCTO D= 400 MM JR 85 ,385.72
PLOG13,TUBO PVC A.B. RIEGO D= 75 MM JR EXC 60 P,6.07
PLOG14,TUBO PVC A.B. RIEGO D= 200 MM JR EXC 60 ,29.74
PLOG15,TUBO PVC A.B. RIEGO D= 315 MM JR EXC 60 ,84.87
PLOG16,TUBO PVC A.B. RIEGO D= 400 MM JR EXC 60 ,199.47
PLOG17,CODO 45G PVC A.B. ACUED D= 315 MM JA EXC,701.95
PLOG18,CODO 90G PVC A.B. ACUED D= 315 MM JA EXC,1190.17
PLOG19,TEE PVC A.B. ACUED D= 315 MM JA CXCXC,1432.57
PLOG20,TEE REDUC PVC A.B. ACUED D= 315X250  MM ,1383.02
PLOG21,TUBO PVC POZO CIEGO 200MM 3M MRXHR NE,67.22
PLOG22,"UNION UNIVERSAL PVC A.B. D=1""",4.41
PLOG23,"UNION UNIVERSAL PVC A.B. D=1 1/2""",5.54
PLOG24,"UNION UNIVERSAL PVC A.B. D= 2""",9.88
PLOG25,"UNION UNIVERSAL PVC A.B. D= 2 1/2""",13.76
PLOG26,"LLAVE DE PASO DE BOLA PVC A.B. D= 1/2""",7.15
PLOG27,"LLAVE DE PASO DE BOLA PVC A.B. D= 3/4""",7.38
PLOG28,"LLAVE DE PASO PVC A.B. D= 1/2"" P/PEGAR",3.28
PLOG29,"LLAVE DE PASO PVC A.B. D= 1"" P/PEGAR",7.69
PLOG30,"LLAVE DE PASO PVC A.B. D= 1 1/2"" P/PEGAR",8.81
PLOG31,"LLAVE DE PASO PVC A.B. D= 2"" P/PEGAR",11.02
PLOG32,"LLAVE DE PASO PVC A.B. D= 1 1/2"" C/UNION",44.07
PLOG33,"LLAVE DE PASO PVC A.B. D= 2"" C/UNION UNI",55.1
PLOG34,"LLAVE DE PASO PVC A.B. D= 2"" DE BOLA",15.4
PLOG35,"DREN DE PISO CON REJILLA DE BRONCE D= 6""",33.09
PLOG36,"LLAVE DE PASO PVC A.B. D= 4"" P/PEGAR",33.09
PLOG37,"PEGA TANGITP/TUBO C-PVC 0,475 LT",52.91
PLOG38,CODO PVC 90 A.B. ROSCADO SCHEDULE 80. D=,2.18
PLOG39,CODO PVC 90 A.B. ROSCADO SCHEDULE 80. D=,2.61
PLOG40,CODO PVC 90 A.B. ROSCADO SCHEDULE 80. D=,2.96
PLOG41,CODO PVC 90 A.B. ROSCADO SCHEDULE 80. D=,5.54
PLOG42,CODO PVC 90 A.B. ROSCADO SCHEDULE 80. D=,1.61
PLOG43,"TAPA PVC P/CANAL AGUAS DE LLUVIA 4""",8.81
PLOG44,"UNION PVC P/CANAL AGUAS DE LLUVIA 4""",6.62
PLOG45,UNION ESQUINA PVC P/CANAL AGUAS DE LLUVI,12.13
PLOG46,"VALVULA PASO BOLA D= 2"" ACERO INOXIDABLE",211.58
PLOG47,SOPORTE DE PVC P/CANAL AGUAS DE LLUVIA P,3.87
PLOG48,KIT GASKET GOMA C/TORNILLOS UNION WC,6.39
PLOG49,LLAVE/VALVULA PASO BRONCE BOLA/ESFERICA ,22.02
PLOG50,VALVULA CHECK BRONCE C/MARACA P/POZO D= ,650.13
PLOG51,VASTAGO CERAMICO FP DE BRONCE P/LLAVE,19.84
PLOG52,TORNILLOS METALICOS UNION TANQUE WC,5.54
PLOG53,PEGA / CEMENTO PARA TUBERIAS DE PVC,37.45
PLOG54,CODO 45 GRADOS P/SOLDAR TERMOFUSION D=11,19.84
PLOG55,TUBO TERMOFUSION PPR D=110 MM SDR6 PN16,5.19
PLOG56,"TUBO TERMOFUSION PPR D=110 MM SDR6 PN12,",33.09
QUI001,PERMATEX (1/8 DE GALON) PARA SELLAR UNIO,9.35
QUI002,CERA ESPECIAL PARA PULIMENTO DE METALES,9.88
QUI003,GOMA ESPECIAL PARA PEGAR REVEST. FIBRA,70.52
QUI004,MEMBRANA GEOSINTETICA,4.41
QUI005,GPER CAUCHO EPDM 100 (1.50 M X 30 M),16.5
QUI006,GEOTEX/GEOTEXTIL 180 ROLLO= 3.6 M X 100 ,6.62
QUI007,MATERIAL DE RELLENO EN JUNTAS TIPO FLEXC,0.53
QUI008,GEOMALLA POLIETILENO 1521 O SIMILAR,3.28
QUI009,GEOIMPER 1500 (ROLLO 1.42 MTS X 50 MTS),5.54
QUI010,GEOMALLA POLIETILENO 1310 O SIMILAR,4.03
QUI011,GEOMEMBRANA DE POLIETILENO DE 500 MICRAS,5.54
QUI012,LAMINA DE POLIETILENO/PLASTICO,1.7
QUI013,"TUBO PEAD 32 MM D=1"" - 150 LBS",3.28
QUI014,"TUBO PEAD 63MM (2"") 150 LBS",12.13
QUI015,GEOTEX 210-R (ROLLO= 5.33 MTS X 79.00 M),6.62
QUI016,PERMATEX LIQUIDO P/SELLADO DE UNIONES,275.51
QUI017,PINTURA PROTECTOR ANTICORROSIVO BITUGUAR,47.16
QUI018,"GEOTEX 140 R (ROLLO DE 3,87 M X 200 M)",5.32
QUI019,"GEOTEX 240 R-T ROLLO= 5,33 MTS X 100 MTS",6.07
QUI020,"GEOTEX 80 (ROLLO= 1,50 MTS X 100 MTS)",3.28
QUI021,GEOTEX 140 (ROLLO= 3.60 MTS X 100 MTS),5.54
QUI022,GEOTEX 200 (ROLLO= 3.60 MTS X 100 MTS),6.62
QUI023,GEOTEX 250 (ROLLO= 3.60 M X 100 M),6.62
QUI024,GEOTEX 350 (ROLLO= 3.60 MTS X 100 MTS),7.05
QUI025,GEOIMPER 500 (ROLLO= 3.30 MTS X  L VARIA,6.62
QUI026,GEOIMPER 1000 (ROLLO= 1.42 MTS X 150 MTS,5.54
QUI027,GEOIMPER 2000 (ROLLO= 1.42 MTS X 50 MTS),7.69
QUI028,PINTURA CERAMIC-COVER-R (IMPERMEABILIZAR,165.32
QUI029,MATERIAL ELASTOMERICO P/RELLENO JUNTA SE,2.18
QUI030,LAMINAS ABRASIVAS TIPO 1,2.18
QUI031,ACIDO MURIATICO / ACIDO CLORHIDRICO - LI,36.34
QUI032,GEOMANTO REPAV RRP (ROLLO= 3.60 MTS X 10,4.41
QUI033,GEOIMPER 250 (ROLLO= 6.00 MTS X  L VARIA,5.54
QUI034,RESINA ADHESIVA EPOXICA SIKADUR 301 (JGO,283.23
QUI035,PRODUCTO QUIMICO DESENGRASANTE,5.08
QUI036,PEGAMENTO EPOXICO COMPUESTO DE A + B,72.76
QUI037,"MALLA/TELA DE SOMBRA 70% H=1,8 M",6.62
QUI038,"MALLA/TELA DE SOMBRA 80% H=1,22 M",7.69
QUI039,TELA PARA FORRADO/TAPIZADO,5.54
QUI040,PINTURA CERAMIC-COVER-I (IMPERMEABLE TER,174.88
QUI041,HARD SOIL ESTABILIZACION ARCILLAS,2.39
QUI042,PINTURA IMPERFLEX SELLO IMPERMEABILIZA T,187.34
QUI043,"GEOCOLMENA DE 0,60 X 1,20 M",7.69
QUI044,CINTA DE POLIETILENO PARA TUBERIAS,0.97
QUI045,TRIPOLIFOSFATO (TRIPOLYPHOSPHATE) 25 KG,123.41
QUI046,HEXAMETAFOSFATO DE SODIO (SCO DE 25 KG),110.19
QUI047,PINTURA IMPERMEABILIZANTE IMPERCOAT ELAS,49.54
QUI048,ACIDO SULFURICO /BATERIAS,9.78
QUI049,ZACLON-SAL AMONIACAL/ FUNDENTE BASE GALV,0.85
QUI050,SODA CAUSTICA / LIMPIADOR ALCALINO,8.22
QUI051,ZINC (METAL PURO),3.73
QUI052,ESPUMA POLIURETANO EXPANSIVA 500 ML,14.1
QUI053,GEOMALLA REFORESTACION,3.28
QUI056,TAPA DE TANQUE GEOMEMBRANA,7.69
QUI057,PISO DE TANQUE GEOMEMBRANA,6.62
QUI058,CLORURO / PEGA PARA ACRILICO,16.5
QUI059,"TIRRAP-TIE-WRAP AMARRE PLASTICO 3,5MM X ",0.08
QUI060,"TIRRAP-TIE-WRAP AMARRE PLASTICO 4,8MM X ",0.16
QUI061,"TIRRAP-TIE-WRAP AMARRE PLASTICO 7,6MM X ",0.53
QUI062,"FLEJE PLASTICO PARA EMBALAR /ATAR 1/2"" X",0.11
QUI063,"KIT LIMPIADOR, PENETRANTE, REVELADOR 3X3",83.74
QUI064,LIQUIDO REVELADOR SKD-S LATA 300 GR O SI,31.95
QUI065,LIQUIDO LIMPIADOR SKC-S LATA 300 GR O SI,24.26
QUI066,LIQUIDO PENETRANTE SKL-SP2 LATA 300 GR O,27.55
QUI067,S/I BARANDILLA H=90CM AMBOS LADOS PERF P,284.32
QUI068,S/C DE MEMBRANA GEOTEXTIL A MANO 100 GR/,3.67
QUI069,ACIDO NITRICO (HNO3) AL 85% LIMPIADOR JO,0.72
QUI070,ACIDO CLORHIDRICO -LIMPOTEX O SIM  LIMPI,8.81
QUI071,LIMPOTEX O SIM/ ACIDO CLORHIDRICO LIMPIE,35.23
QUI072,SODA CAUSTICA / LIMPIADOR ALCALINO,6.62
QUI073,ACIDO CITRICO,5.54
QUI074,INHIBIDOR DE CORROSION P/SISTEMAS VAPOR/,22.02
QUI075,INHIBIDOR DE CORROSION P/SISTEMAS VAPOR/,27.55
QUI076,ADITIVO INHIBIDOR DE CORROSION,33.67
QUI077,DISPOSICION Y TRATAMIENTO EFLUENTES,30.85
QUI078,ACIDO FLUORHIDRICO,6.62
QUI079,HIDROXIDO DE SODIO,7.69
QUI080,PEROXIDO DE HIROGENO,2.07
QUI081,AGUA OXIGENADA,5.54
QUI082,SURFACTANTE NO IONICO,10.81
QUI083,FOSFATO TRISODICO,8.12
QUI084,ADHESIVO P/TUBERIAS - PIPING ADHESIVE,132.23
QUI085,PLASTICO NEGRO PARA AISLAMIENTO/RECUBRIM,8.81
QUI086,KIT DE TINTE PENETRANTE P/SOLDADURAS,242.42
QUI087,CLORO GRANULADO 90%/ PLA 4 KG -PISCINAS,44.07
QUI088,CLORO GRANULADO 90%/ PLA 4 KG -PISCINAS,12.13
QUI089,PERMATEX  TAPE LIQUIDO P/ELECTRICIDAD X ,33.09
QUI090,DISPERSANTE DE SALES LIPESA,6.91
QUI091,INHIBIDOR DE CORROSION LIPESA,6.46
QUI092,BIODISPERSANTE LIPESA,3.55
QUI093,INHIBIDOR METALES AMARILLOS LIPESA,6.56
QUI094,BIOCIDA NO OXIDANTE 100V LIPESA,2.04
QUI095,BIOCIDA NO OXIDANTE 106V LIPESA,5.21
QUI096,SECUESTRANTE DE O2 LIPESA,4.36
QUI097,AMINA NEUTRALIZANTE LIPESA,6.6
QUI098,COAGULANTE LIPESA,3.79
QUI099,FLOCULANTE LIPESA,7.31
QUI100,DESPLAZADOR DE HUMEDAD/AGENTE HIDROFOBIC,22.79
QUI101,SOLVENTE MECANICO,76.04
QUI102,FIJADOR DE ROSCA 50 ML,41.85
QUI103,BOBINA DE PLASTICO ENVOPLAST INDUSTRIAL ,5.54
QUI104,LIMPIADOR,11.02
QUI105,LAMINA DE ACETATO P/METALOGRAFIA AMBULAT,2.18
QUI106,ACETONA PRO-ANALISIS (ACS) ALTA PUREZA,0.64
QUI107,ALCOHOL ABSOLUTO MAS DE 99%,19.84
QUI108,ALCOHOL ABSOLUTO MAS DE 99%,62.82
QUI109,ALCOHOL ETILICO APROX 70% DE PUREZA,24.26
QUI110,ALCOHOL ETILICO APROX 70% DE PUREZA,0.11
QUI111,ALUMINA EN SUPENSION,0.53
QUI113,GEL ANTIBACTERIAL /ALCOHOL P/PERSONA,1.08
REC001,CERAMICA DE COLOR,15.4
REC002,CERAMICA ESFUMADA ,23.12
REC003,CERAMICA P/PISO C/ESMALTE COLOR CLARO,18.73
REC004,CERAMICA P/ PISO SIN ESMALTE D=33 X 33 C,18.73
REC005,COLORANTE VERDE PARA GRANITO (IMPORTADO),38.58
REC006,FLEJE PLASTICO 10 MM P/PISO,2.84
REC007,FLEJE PLASTICO 5 MM / P PISO,1.5
REC008,MATERIALES PARA EMPLOMADO,0.11
REC009,MATERIALES VARIOS PULITURA DE GRANITO,0.74
REC010,CERAMICA BLANCA,18.19
REC011,SACO DE PEGO BLANCO DE 14 KG/SCO #,7.8
REC012,PORCELANATO,44.07
REC013,PISO DE CEMENTO E=10 CM,3.28
REC014,PLATAFORMA DE PISO,15.4
REC015,CERAMICA COLOR CLARO,19.84
REC016,CERAMICA DECORADA TIPO ITALIANA,41.85
REC017,RODAPIE DE VINYL C/PESTAÑA CURVA H=10 CM,3.87
REC018,CERAMICA NACIONAL DE PRIMERA,19.84
REC019,RODAPIE DE VINYL H= 10 CM,3.55
REC020,GRANITO DE COLOR (PIEDRAS) EN SACO,22.02
REC021,GRANITO BLANCO PURO (PIEDRAS) EN SACO DE,41.85
REC022,CERAMICA BLANCA DE 1RA FORMATO PEQUEÑO,15.4
REC023,CERA PARA PULIR MADERA,73.85
REC024,CERAMICA DE COLOR CLARO FORMATO PEQUEÑO,15.4
REC025,CERAMICA NACIONAL,20.37
REC026,CERAMICA ESFUMADA 33 X 33 (PISO),23.12
REC027,CERAMICA ESFUMADA PARA PARED,20.91
REC028,CERAMICA PISO COLORES MATE PASTELES,17.64
REC029,CERAMICA PISOS COLORES MATE OSCUROS,15.97
REC030,CERAMICA PISOS ANTIRRESBALANTE,17.64
REC031,CERAMICA PISOS DECORADA NACIONAL,16.5
REC032,CERAMICA PISOS DECORADA 33 X 33 1RA,32.87
REC033,CERAMICA PARED DECORADA,15.4
REC034,SACO DE PEGO BLANCO IMPORTADO \,11.02
REC035,SACO DE PEGO GRIS 14 KG/SACO #,5.81
REC036,BALDOSA DE ARCILLA 10 X 20,8.81
REC037,CERAMICA 8.4 X 31 COLOR PARA RODAPIE (IM,8.81
REC038,RODAPIE DE CERAMICA (NACIONAL),7.69
REC039,CERAMICA P/PISO SIN ESMALTE,20.05
REC040,CERAMICA ESTAMPADA,26.45
REC041,BALDOSA VINYL PLASTIGEN 30.5 X 30.5 X 1/,11.02
REC042,BALDOSA VINYL PLASTIGEN  30.5 X 30.5 X 1,11.02
REC043,PEGA PARA PISOS DE VINYL (ASFALTICA),55.1
REC044,ALFOMBRA  NACIONAL DE 1RA,19.84
REC045,SACO DE PEGO BLANCO CASSANI O SIM 14 KG,8.46
REC046,PIEDRAS CORTADAS EN LAJAS ORNAMENTALES,6.62
REC047,GRANITO BLANCO HUESO EN SACO,22.35
REC048,PEGA/COLA BLANCA PARA PISOS DE MADERA,49.54
REC049,PISO GOMA VULCANIZADA 50X50 CM E=5MM TIP,26.45
REC050,PEGAMENTO CONTACTO PEGASOLD O SIMILAR,198.38
REC051,PEGAMENTO DE CONTACTO PEGASOLD O SIMILAR,55.1
REC052,PIEDRAS EN LAJAS RUSTICAS ORNAMENTALES,7.69
REC053,"CINTA ANTIRRESBALANTE DE 1"" 3M PARA PISO",3.07
REC054,PORCELANATO PULIDO,42.94
REC055,GRANITO VERDE (PIEDRAS) EN SACO,22.02
REC056,TOPE GRANITO GRIS GUAYANA O SIMILAR A = ,198.38
REC057,PEGA AMARILLA P/ALFOMBRAS O SIMILAR,77.13
REC058,"SACO PEGO ALTA ADHERENCIA 22,7KG ULTRAFL",55.1
REC059,VINYL PARA PISO EN ROLLOS,15.4
REC060,"ALFOMBRA ALICANTE ANCHO=3,65M",17.64
REC061,"ALFOMBRA SAHARA ANCHO=3,65M",16.5
REC062,"ALFOMBRA DINA ANCHO=3,65M",19.84
REC063,RODAPIE DE ALFOMBRA H= 10 CM,2.18
REC064,MATERIAL P/CRISTALIZAR VITRIFICAR GRANIT,57.34
REC065,CERAMICA COLOR GRANITO 33 X 33 CM,26.45
REC066,CERAMICA COLOR BLANCO NIVEO 30 X 30 CM,22.02
REC067,LISTELO DECORATIVO DE CERAMICA,7.69
REC068,LISTELO DE CERAMICA NACIONAL,9.03
REC069,SEPARADOR PLASTICO DE CERAMICA DE 100 UN,1.61
REC070,PORCELANATO CLARO,45.17
REC071,PEGAMENTO UNION PISO LAMINADO FLOTANTE M,9.88
REC072,LAMINA/BASE P/PISO LAMINADO MDF ANTIHUME,0.76
REC073,UNION P/PISO LAMINADO FLOTANTE  MDF 90 X,3.38
REC074,UNION ESCALERA PISO FLOTANTE LAMINADO MD,2.45
REC075,LAMINA POLIETILENO PISO FLOTANTE LAMINAD,0.65
REC076,FLEJE METALICO DE COBRE E= 3 MM P/PISO,4.41
REC077,BALDOSA DE VINYL E=2.4 MM / PISO-ALTO TR,15.4
REC078,MARMOL NACIONAL,99.2
REC079,SACO DE PEGO GRIS DETAL 14 KG,5.86
REC080,SACO DE PEGO BLANCO 14 KG,7.94
REC081,CERAMICA FORMATO 45 X 45 CM,36.34
REC082,COLORANTE ROJO PARA GRANITO (IMPORTADO) ,38.58
REC083,"BALDOSA TIPO MARMOL-BALDOSA CM E=1,5CM",96.98
REC084,PORCELANATO ALTO TRAFICO COLOR UNIFORME,56.2
REC085,SACO DE PEGO ALTA ADHERENCIA 21 KG/SCO #,22.02
REC086,CERA ACRIPLASTICA PARA PISOS,44.07
REC087,PRODUCTO DE LIMPIEZA PARA PISOS DE VINYL,5.54
REC088,GRANITO BLANCO GRIS EN SACO,19.84
REC089,CERAMICA IMPORTADA\,44.18
REC090,RODAPIE DE GRANITO BLANCO 0.10 X 0.40 CM,8.81
REC091,SACO DE PEGO BLANCO PEGOVEN O SIM 14 KG,7.91
REC092,SELLADOR PISOS GRANITO PORCELANIZE TC100,27.55
REC093,LIMPIADOR DESINCRUSTANTE P/PISOS,4.3
REC094,CERAMICA FORMATO 30 X 60 CM,47.38
REC095,GRANITO NATURAL (PIEDRA CORTADA),132.23
REC096,PISO ACABADO DE CUARZO EN LAMINA,16.5
REC097,"PORCELANATO ""DOBLE CARGA""",51.84
REC098,PISO DE GOMA VULCANIZADA E=2 MM TIPO BOT,13.22
REC099,SACO DE PEGO GRIS (12 KG/SCO),4.41
REC133,CARATEO CAJA 2 KG X 3 M2 CERAMICA NEGRA,14.31
REC134,CARATEO CAJA 2 KG X 3 M2 CERAMICA BLANCA,12.13
REC135,CARATEO CAJA 4 KG OXICOLOR 4 KG,11.02
REC136,PORCELANATO CARRARA BLANCO 60 X 60 CM,48.45
REC137,PORCELANATO TIPO CARRARA NEGRO,47.38
REC138,PORCELANATO FORMATO GRANDE,52.91
REC139,CERA PARA PULIR GRANITO (EN PASTA),264.48
REC140,"CINTA ANTIRRESBALANTE DE 4"" 3M PARA PISO",12.36
REC141,SACO DE PEGO BLANCO 10 KG,5.54
REC142,SACO DE PEGO GRIS (10 KGS/SCO),3.87
REC143,SACO DE CAL EN POLVO 10 KG P/CONSTRUCCIO,7.69
REC144,CERAMICA P/PISO FORMATO 60 X 60 CMS,19.84
REC145,CERAMICA P/PISO FORMATO 45 X 45 CM IMPOR,47.38
REC146,PORCELANATO 60 X 120 CM DE LUJO,73.85
REC147,PORCELANATO 60 X 120 CM DE LUJO GRIS,74.95
REC148,CARATEO IMPORTADO P/CERAMICA CAJA 2 KG,22.02
REC149,COLORANTE ROJO,5.54
REC150,COCUIZA PARA TRABAJOS EN DRYWALL / YESO,3.87
REC151,LAMINA DE GRANITO GRIS PARA PISOS,121.22
REC152,LAMINA DE GRANITO NEGRO PARA PISOS,132.23
REC153,LAMINA DE GRANITO BLANCO PARIS P/PISOS,104.68
REC154,LAMINA DE GRANITO NEGRO RORAIMA P/PISOS,109.09
REC155,PORCELANATO 60 X 120 CM ALTO TRAFICO,102.47
REC156,GRANITO BLANCO (PIEDRAS) EN SACO DE 10 K,8.46
REC157,CUÑAS C/SEPARADOR P/NIVELACION CERAMICA/,0.29
REC158,CUÑAS-NIVELADOR CERAMICA/PORCELANATO,0.16
REC159,"GOMA VULCANIZADA 50X50X3,5MM T/BOTON ALT",33.09
REC160,VINYL PARA PISO TIPO FLOTANTE 4 MM,14.31
SAN001,ASIENTO PARA WC CON TAPA,42.73
SAN002,"CANILLA FLEXIBLE ACERO INOX. D=1/2"" LAVA",16.5
SAN003,DISPENSADOR DE JABON BASCULANTE METALICO,16.5
SAN004,DISPENSADOR METALICO SERVILLETAS PAPEL C,82.64
SAN005,DUCHA/REGADERA GRIVEN O SIMILAR,19.84
SAN006,"FLUXOMETRO SLOAM O SIM 1 1/2 "" PARA WC",303.04
SAN007,FREGADERO ACERO INOXIDABLE SATINADO 1 PO,218.2
SAN008,FREGADERO ACERO INOXIDABLE SATINADO 2 PO,385.72
SAN009,GANCHO SENCILLO EMPOTRABLE VENCERAMICA O,1.08
SAN010,GRIFERIA CUELLO DE CISNE 1 LLAVE,137.72
SAN011,GRIFERIA PARA BEBEDERO DE AGUA,59.52
SAN012,"GRIFERIA /GRUPO PARA LAVAMANOS 4""",165.32
SAN013,"GRIFO DE BRONCE LLAVE DE CHORRO 1/2""",12.13
SAN014,"GRIFO DE BRONCE DIM. 3/4"" (LLAVE DE CHOR",13.22
SAN015,GRIFO DE HIERRO GALVANIZADO-LLAVE PASO,14.31
SAN016,"GRIFERIA GRUPO 4"" PARA LAVAMANOS",152.54
SAN017,GRUPO DE DUCHA DE 2 LLAVES-GRIFERIA,135.53
SAN018,TANQUE DE POLIETILENO CAP=2000 LTS,407.74
SAN019,HERRAJE WC CON MANIVELA CROMADA,22.02
SAN020,HERRAJE WC CON ACCESORIOS,23.12
SAN021,JABONERA EMPOTRABLE CON ASA DE PORCELANA,4.69
SAN022,JABONERA METALICA SIN ASA EMPOTRABLE,22.02
SAN023,LAVAMANOS P/COLGAR COLOR CLARO UNA LLAVE,49.54
SAN024,LAVAMANOS PARA DOS LLAVES BLANCO O CLARO,99.2
SAN025,LAVAMANOS HOSPITALARIO C/SURTIDOR TIPO C,495.91
SAN026,LAVAMOPAS FIBRA DE VIDRIO,143.23
SAN027,MATERIALES VARIOS,0.11
SAN028,PAPEL PARA SANITARIOS,0.74
SAN029,PORTARROLLO METALICO P/PAPEL HIGIENICO,6.62
SAN030,PORTARROLLO PORCELANA P/PAPEL HIGIENICO,4.41
SAN031,"REGADERA CROMADA D=1/2""",16.5
SAN032,REGADERA PARA DUCHA,8.81
SAN033,GABINETE P/BAÑO C/ESPEJO SIN LUZ,60.63
SAN034,SOPORTE DE LAVAMANOS,3.87
SAN035,SOPORTE PARA TUBERIA HG/COBRE,3.28
SAN036,TANQUE 3000 LITROS,771.4
SAN037,TANQUE FIBRA VIDRIO CILINDRICO P/AGUA CA,286.54
SAN038,TAPA P/TANQUE AUSTRALIANO ARMCO DIAM=14 ,5509.95
SAN039,"TANQUE MET. AUSTRALIANO D=10.01 M, (MOD ",2975.36
SAN040,"TANQUE MET. AUSTRALIANO D=2.73 M, (MOD 3",551.02
SAN041,URINARIO COLBY COLOR CLARO C/SIFON INCOR,259
SAN042,WC (POCETA) DESCARGA AL PISO TIPO CACIQU,209.36
SAN043,WC (POCETA) DESCARGA AL PISO SAVEX VENCE,301.93
SAN044,WC (POCETA) ELONGADO PARA FLUXOMETRO,308.56
SAN045,WC TURCO CON TANQUE,165.32
SAN046,TORNILLO PVC PARA ASIENTO WC,6.62
SAN047,URINARIO TIPO SIDNEY O SIMILAR,198.38
SAN048,"HIDRONEUMATICO  44 GAL 1/2 HP, 110-220 V",890.43
SAN049,"HIDRONEUMATICO  70 GAL 1 HP, 110-220 V \",991.78
SAN050,"HIDRONEUMATICO  88 GAL 1 HP, 110-220 V \",1090.99
SAN051,"HIDRONEUMATICO  110 GAL 1 HP, 110-220 V ",1592.38
SAN052,"HIDRONEUMATICO 110 GAL 1 1/2 HP, 110-220",1652.99
SAN053,"HIDRONEUMATICO  120 GAL 1 1/2 HP, 110-22",1542.77
SAN054,"HIDRONEUMATICO  120 GAL 2  HP, 110-220 V",1763.2
SAN055,SISTEMA DE FILTRADO DE AGUA 500 LTS/H AF,533.62
SAN056,SISTEMA DE FILTRADO DE AGUA 1000 LTS/H A,1146.05
SAN057,SISTEMA DE FILTRADO DE AGUA 1200 LTS/H A,1160.42
SAN058,SISTEMA DE FILTRADO DE AGUA 1800 LTS/H A,1763.2
SAN059,"PURIFICADOR AGUA DOMESTICO OZONO, SX250 ",82.64
SAN060,SALA DE BAÑO 1RA BLANCA WC-POCETA / LAVA,429.76
SAN061,WC (POCETA) BLANCO CON HERRAJE Y ASIENTO,319.57
SAN062,GRUPO ECONOMICO DE LLAVE P/FREGADERO,55.1
SAN063,BAÑERA FIBRA DE VIDRIO SEVILLA 1.20 X 0.,528.97
SAN064,TANQUE FIB. VIDRIO CILINDRICO 1000 LTS,273.32
SAN065,TANQUE FIBRA DE VIDRIO CILINDRICO 1500 L,418.76
SAN066,TANQUE F. VIDRIO CILINDRICO 2000 LTS,542.19
SAN067,TANQUE FIB. VIDRIO CILINDRICO 3000 LTS,826.5
SAN068,TANQUE F. VIDRIO ESFERICO 2000 LTS,565.35
SAN069,ASIENTO PARA WC TIPO ACUARIO,37.13
SAN070,ASIENTO P/WC TIPO ORQUIDEA/VENCERAMICA,48.45
SAN071,FLUXOMETRO PARA URINARIO,361.46
SAN072,COMPRESOR DE AIRE 1 1/2 HP  25 LTS \,419.87
SAN073,COMPRESOR DE AIRE 1 1/2 HP  50 LTS\,527.84
SAN074,COMPRESOR DE AIRE 3 HP  200 LTS\,1410.55
SAN075,COMPRESOR DE AIRE 1 1/2 HP  200 LTS\,716.28
SAN076,BAÑERA FIBRA DE VIDRIO GRANADA 1.50 X 0.,606.09
SAN077,BLOWER PARA BAÑERA EN FIBRA DE VIDRIO,551.02
SAN078,TRAMPA DE PELO PARA BAÑERA DE FIBRA DE V,45.17
SAN079,ACCESORIOS PLASTICO PARA BAÑO ATORNILLAB,22.02
SAN080,BAÑERA ECONOMICA,826.5
SAN081,GRUPO / LLAVES PARA BAÑERA-GRIFERIA,264.48
SAN082,DESAGUE PARA BAÑERA -ACERO INOXIDABLE,188.46
SAN083,BAÑERA LINEA MEDIA,661.2
SAN084,BAÑERA DE LUJO,1818.29
SAN085,BIDET BLANCO O COLOR CLARO LINEA ECONOMI,165.32
SAN086,GRIFERIA PARA BIDET LINEA MEDIA,661.2
SAN087,BIDET OSCURO LINEA MEDIA,220.4
SAN088,BIDET OSCURO LINEA DE LUJO,429.76
SAN089,GRUPO CROMADO PARA BIDET (GRIFERIA),936.68
SAN090,LAVAMANOS BLANCO CON PEDESTAL,121.22
SAN091,LAVAMANOS OSCURO CON PEDESTAL,148.75
SAN092,ACCESORIOS PLASTICOS PARA BAÑO (COLOR),19.84
SAN093,ACCESORIOS DE CERAMICA BLANCA P/BAÑO P/P,39.67
SAN094,ACCESORIOS DE PORCELANA BLANCA P/EMPOTRA,13.22
SAN095,ASIENTO / TAPA PARA WC ECONOMICO,27.86
SAN096,DESAGUE PARA BAÑERA CROMADO SENCILLO,77.13
SAN097,LAVAMANOS ARAGUA 1 LLAVE BLANCO O SIM,48.45
SAN098,WC (POCETA) CORONET COLOR O SIMILAR,227
SAN099,FILTRO DE ACERO P/BAÑERA EN F/ VIDRIO,12.47
SAN100,ENCENDEDOR NEUMATICO BLANCO P/BAÑERA EN ,29.74
SAN101,ENCENDEDOR NEUMATICO CROMADO P/BAÑERA EN,33.09
SAN102,MANTENEDOR DE TEMPERATURA P/BAÑERA EN F/,225.92
SAN103,INSTALACIONES SANITARIAS,4.97
SAN104,ELECTROBOMBA DE 2.5 HP \,980.78
SAN105,COMPRESOR DE AIRE MOTOR DE 3/4 HP 3500 R,385.72
SAN106,PRESOSTATO P/HIDRONEUMATICO PRESION CTE ,44.07
SAN109,VALVULA CHECK BRONCE TIPO MARACA P/POZO ,145.46
SAN110,DISPENSADOR FIJO ACERO INOX. DE JABON LI,71.65
SAN111,URINARIO CON SIFON INCORPORADO,264.48
SAN112,"TANQUE AUSTRALIANO D=7.28 M, (MOD 24S109",4149
SAN113,"HIDRONEUMATICO 220 GAL, 3 HP, TABLERO Y ",3022.74
SAN114,"HIDRONEUMATICO 700 GAL, 2 HP, COMPRESOR ",8705.71
SAN115,LAVAMANOS DE CONCRETO TIPO GRAVEUCA O SI,99.2
SAN116,GABINETE P/BAÑO C/ESPEJO Y LUZ,132.23
SAN117,GABINETE P/BAÑO C/ESPEJO EMPOTRAR,66.14
SAN118,LAVAMANO CON TOPE MARMOL 80 CM,275.51
SAN119,SOPORTE UÑAS PARA LAVAMANOS (LARGA),6.62
SAN120,LAVAMANOS SCORPIO O SIMILAR,63.93
SAN121,GABINETE P/BAÑO C/ESPEJO SUPERFICIAL,71.65
SAN122,"GRIFO CROMADO - LLAVE 1/2"" TIPO CHORRO",16.5
SAN123,"SIFON PVC D= 1-1/2"" P/BATEA FREGADERO A.",6.62
SAN124,SISTEMA PRESION CTE 2 BOMBAS 20HP+PILOTO,4936.9
SAN125,WC (POCETA) DE LUJO CLARO KINGSTON O SIM,600.59
SAN126,LAVAMANOS DE PEDESTAL ECONOMICO,110.19
SAN127,WC (POCETA) DE LUJO DESCARGA AL PISO,754.89
SAN128,WC (POCETA) CLARO DESCARGA AL PISO,209.36
SAN129,FREGADERO EN ACERO UNA PONCHERA 1RA CALI,234.72
SAN130,GRIFERIA LINEA ECONOMICA 1 LLAVE,44.07
SAN131,GRIFERIA / LLAVE PARA BAÑERA,484.88
SAN132,GRIFERIA PARA DUCHA DE DOS LLAVES,272.2
SAN133,GRIFERIA P/FREGADERO LINEA MEDIA / LAVAP,131.14
SAN134,HERRAJE PARA WC,22.02
SAN135,HERRAJE PARA WC ECONOMICO,9.35
SAN136,HERRAJE PARA WC DE 1RA,44.07
SAN138,URINARIO BLANCO LINEA ECONOMICA,71.65
SAN139,DUCHA LINEA ECONOMICA,9.88
SAN140,JUEGO DE ACCESORIOS PARA URINARIO,30.85
SAN141,MATERIALES MENORES P/INSTALACIONES,0.11
SAN142,CENTRO PISO REJILLA DREN CIRCULAR BRONCE,10.13
SAN143,"TAPA TANQUE MET. AGUAS CLARAS D=7,28 M A",551.02
SAN144,"TANQUE ESFERICO F. VIDRIO 3000 LTS D=1,8",881.57
SAN145,"TANQUE ESFERICO F. VIDRIO 2000 LTS D=1,6",551.02
SAN146,"TANQUE ESFERICO F. VIDRIO 1500 LTS D=1,4",460.65
SAN147,"HIDRONEUMATICO  150 GAL 2 HP, 110-220 V ",1763.2
SAN148,"HIDRONEUMATICO  150 GAL 3 HP, 110-220 V ",2047.46
SAN149,GRIFERIA COMPLETA PARA BIDET,1377.49
SAN150,"JUEGO DE ROSETA Y NIPLE HG D=1/2""",3.87
SAN151,"BRIDA PLANA BRONCE 4"" SELLO CERA Y TORNI",14.31
SAN152,WC (POCETA) MARACAY MODELO TORINO O SIMI,154.29
SAN153,MATERIALES Y ACCESORIOS,0.32
SAN154,URINARIO VENCERAMICA / COLBURN O SIM,282.12
SAN155,GRIFERIA DE 1 LLAVE /LAVAMANOS,58.41
SAN156,MATERIALES Y ACCESORIOS VARIOS,0.21
SAN157,LAVAMANOS COMPACTO VENCERAMICA O SIMILAR,69.41
SAN158,LAVAMOPAS DE ACERO INOXIDABLE,242.42
SAN159,FREGADERO ACERO INOXIDABLE BRILLANTE 2 P,709.69
SAN160,"SIFON METALICO 1 1/2 "" P/FREGADERO ACE S",28.62
SAN161,"SIFON METALICO 1 1/2"" C/ROSCA P/FREGADER",29.18
SAN162,"SIFON METALICO 1 1/4"" SATINADO P/LAVAMAN",47.38
SAN163,"BOYA PARA FLOTANTE 3/4""",5.54
SAN164,"TANQUE MET. AGUA POT. D=7,28 M ARMCO 24T",352.65
SAN165,"TANQUE MET. AGUA POT. D=10,01 M ARMCO 33",440.79
SAN166,GRIFERIA / GRUPO LAVAMANO CROMADA DE LUJ,330.58
SAN167,ASIENTO / TAPA WC LINEA ECONOMICA,40.87
SAN168,GRIFERIA ECONOMICA PARA URINARIO,116.8
SAN169,TANQUE P/AGUA PLASTICO 5000 LTS,986.3
SAN170,"TAPA TANQUE MET. AGUAS CLARAS D=10,01 M ",738.34
SAN171,JABON/DETERGENTE EN BOLSA DE 1 KG,3.28
SAN172,"GRIFERIA CROMADA PARA LAVAMANOS 8""",321.77
SAN173,CAMPANA DE EXTRACCION P/COCINA,224.21
SAN174,GRUPO / LLAVES PARA BAÑERA DE LUJO,275.51
SAN175,"BOYA PARA FLOTANTE 1""",6.07
SAN176,ACCESORIOS P/BAÑO ACERO INOXIDABLE CON R,385.72
SAN177,ACCESORIOS P/BAÑO ACERO INOXIDABLE SIN R,269.98
SAN178,ADAPTADOR EXTREMIDAD PVC-HF E-BB D=160MM,55.1
SAN179,HERRAJE / SURTIDOR PVC PARA WC,11.55
SAN180,GRIFERIA MONOMANDO P/FREGADERO,174.12
SAN181,"TUBO CROMADO P/DESAGUE LAVAMANO 1 1/4""",14.21
SAN182,"BAJANTE ""T"" CROMADO P/DESAGUE 1 1/4"" LAV",25.36
SAN183,"DESAGUE CROM. 1 1/4"" BAJANTE ACCES P/LAV",34.15
SAN184,"WC TURCO, 0.55X0.45X0.14 GRAVEUCA O SIM ",132.23
SAN185,"ROSETA D=1/2"" PARA WC / LAVAMANOS",2.18
SAN186,WC (POCETA) DE LUJO COLOR. KINGSTON O SI,440.79
SAN187,WC (POCETA) CANAIMA O SIMILAR,152.65
SAN188,WC (POCETA) DIPLOMATICO MARACAY O SIMILA,220.4
SAN189,"VALVULA TIPO FLOTANTE DE BRONCE D = 4""",165.32
SAN190,ASIENTO PARA WC LUJO,88.17
SAN191,ASIENTO TAPA PARA WC CONTRY,71.65
SAN192,ASIENTO PARA WC TRADICIONAL,35.23
SAN193,"ASIENTO PARA WC SIN TAPA, NEGRO",36.57
SAN194,WC (POCETA) BOSTON DESCARGA PISO MARACAY,192.86
SAN195,LAVAMANOS PEDESTAL ASPIO VENCERAMICA O S,121.22
SAN196,LAVAMANOS PEDESTAL BELAIR VENCERAMICA O ,128.93
SAN197,LAVAMANOS PEDESTAL CHELSEA VENCERAMICA O,125.62
SAN198,LAVAMANOS PEDESTAL POMPANO VENCERAMICA O,134.44
SAN199,LAVAMANOS EMPOTRAR ARAUCA MARACAY O SIM,108
SAN200,LAVAMANOS EMPOTRAR,198.38
SAN201,LAVAMANOS SOBREPONER VENCERAMICA O SIM,174.12
SAN202,LAVAMANOS P/COLGAR CAPRI 1 LLAVE MARACAY,60.63
SAN203,LAVAMANOS P/COLGAR MIAMI MARACAY O SIM 2,88.17
SAN204,LAVAMANOS P/COLGAR SHELBY VENC O SIM 1 L,105.8
SAN205,LAVAMANOS PEDESTAL VIRGINIA O SIM,101.38
SAN206,SECADOR DE MANO AIRE CALIENTE FULLER O S,220.4
SAN207,"CENTRO PISO DREN CIRCULAR DE BRONCE D=3""",19.62
SAN208,"CENTRO PISO CIRCULAR DE BRONCE D= 4""",24.03
SAN209,HERRAJE EN BRONCE PARA WC,60.63
SAN210,"BOYA PARA FLOTANTE 1/2""",4.41
SAN211,HERRAJE / SURTIDOR EN BRONCE PARA WC,55.1
SAN212,TAPA DE BRONCE P/REJILLA DRENAJE PISO D=,5.54
SAN213,COMBO ECONOMICO BAÑO WC-POCETA Y LAVAMAN,297.54
SAN214,"HIDRONEUMATICO, BOMBA 5HP, MANOMETRO PRE",1652.99
SAN215,"VALVULA TIPO FLOTANTE DE BRONCE D = 1/2""",12.69
SAN216,"SIFON DOBLE METAL 1-1/2"" P/FREGADERO DOB",57.34
SAN217,PRESOSTATO P/HIDRONEUMATICO PEDROLLO O S,49.54
SAN218,DESAGUE CROMADO PARA BIDET,66.14
SAN219,FLUXOMETRO ELECTRICO WC (POCETA),539.95
SAN220,SENSOR PARA URINARIO SEUL O SIM,242.42
SAN221,URINARIO DE LUJO,376.89
SAN222,LAVAMANOS SOBREPONER DE LUJO,253.48
SAN223,SOPORTE UÑAS PARA LAVAMANOS (UÑAS PEQUEÑ,6.07
SAN224,GRIFERIA PARA BIDET LINEA DE LUJO,1542.77
SAN225,CARTUCHO PARA FILTRO ESTANDAR # 7,12.13
SAN226,CARTUCHO CARBON P/FILTRO ESTANDAR # 7,15.4
SAN227,"CARTUCHO POLIPROPILENO 10 "" P/FILTRO AGU",8.81
SAN228,"FILTRO AGUA DE 10 "" UN CARTUCHO PVC",44.07
SAN229,"FILTRO AGUA DE 10 "" DOS CARTUCHOS PVC",77.13
SAN230,"FILTRO AGUA DE 10 "" TRES CARTUCHOS PVC",154.29
SAN231,MANILLA-BALANCIN /PALANCA METALICA P/WC,7.15
SAN232,FLAPPER SAPITO PVC DESAGUE P/ POCETA WC,16.18
SAN233,MANILLA-BALANCIN /PALANCA PLASTICA P/WC,6.62
SAN234,FLAPPER SAPITO PVC DESAGUE VENCERAMICA W,24.26
SAN235,"FLAPPER SAPITO 3"" PVC P/ WC CON CADENA",14.31
SAN236,VALVULA DESAHOGO SAPITO P/ WC CON CADENA,12.13
SAN237,BOYA FLOTANTE PARA WC,6.07
SAN238,"FLOTANTE MECANICO BRONCE FP D = 1 1/2""",231.42
SAN239,"FLOTANTE MECANICO DE BRONCE D = 3/4""",41.85
SAN240,"FLOTANTE MECANICO DE BRONCE FP D = 1""",71.65
SAN241,TANQUILLA P/SECCIONAR GAS V267 (36 X 32 ,19.84
SAN242,HIDRONEUMATICO - ESTIMADO POR GALON,13.43
SAN243,HERRAJE PVC P/WC VENCERAMICA O SIM,17.64
SAN244,GRIFERIA ALTA DE 1 LLAVE LUJO /LAVAMANOS,290.93
SAN245,PLANTA DE OZONO FILTRO AGUA KIT INSTALAR,82.64
SAN246,FILTRO #7 P/PLANTA DE OZONO FILTRO AGUA ,15.4
SAN247,ACCESORIOS BAÑO DE CERAMICA  P/FIJAR 6 P,61.07
SAN248,TANQUE AUSTRALIANO DE 10.000 LTS,1763.2
SAN249,TANQUE AUSTRALIANO DE 7.000 LTS SIN TAPA,1234.21
SAN250,"FILTRO AGUA 10"" OSMOSIS 6 ETAPAS 75 GPD",385.72
SAN251,"FILTRO AGUA 10"" OSMOSIS 9 ETAPAS 100 GPD",407.74
SAN252,"FILTRO AGUA 10"" OSMOSIS 9 ETAPAS 800 GPD",991.78
SAN253,WC (POCETA) ELONGADO CON FLUXOMETRO,606.09
SAN254,DUCHA FUENTE LAVA OJOS A. INOX. C/PEDEST,693.17
SAN255,ADAPTADOR EXTREMIDAD PVC-HF E-BB D=500MM,170.8
SAN256,I.S. S/T/I WC ASIENTO TANQUE BAJO DESCAR,330.58
SAN257,ADAPTADOR EXTREMIDAD PVC-HF E-BB D=90/80,27.55
SAN258,I.S. S/T/I LAVAMANO P/EMPOTRAR C/GRIFERI,330.58
SAN259,TANQUE CILINDRICO PLASTICO 1000 LT P/INT,211.58
SAN260,TANQUE CILINDRICO PLASTICO 550 LT P/INTE,292.01
SAN261,TANQUE CILINDRICO PLASTICO 520 LT P/INTE,165.32
SAN262,TANQUE CILINDRICO PLASTICO 300 LT P/INTE,158.7
SAN263,SISTEMA C/TANQUE CILINDRICO PLASTICO 100,606.09
SAN264,SISTEMA C/TANQUE CILINDRICO PLASTICO 100,551.02
SAN265,SISTEMA C/TANQUE CILINDRICO PLASTICO 550,539.95
SAN266,SISTEMA C/TANQUE CILINDRICO PLASTICO 300,330.58
SAN267,BOMBA CENTRIFUGA 1/2 HP,99.2
SAN268,HIDRONEUMATICO 20 GAL CON BOMBA DE 1/2  ,385.72
SAN269,HIDRONEUMATICO CON BOMBA (SEGUN GALONES),15.4
SAN270,FREGADERO ACERO INOXIDABLE 2P LUJO COMPL,771.4
SAN271,FREGADERO ACERO INOXIDABLE 2P LUJO IMPOR,727.32
SAN272,FREGADERO ACERO INOXIDABLE 1P LUJO COMPL,639.13
SAN273,LAVAMANOS SOBREPONER,103.56
SAN274,SALA DE BAÑO BLANCA WC-POCETA / LAVAMANO,418.76
SAN275,WC (POCETA) CORONA DE LUJO BLANCA,495.91
SAN276,"MANGUERA CANILLA MET. P/DUCHA 1/2"" X 1/2",17.64
SAN277,"MANGUERA CANILLA MET. P/DUCHA 1/2"" X 1/2",21.03
SAN278,CARGADOR P/HIDRONEUMATICO PEDROLLO O SIM,110.19
SAN279,FREGADERO ACERO INOXIDABLE INDUSTRIAL 1 ,584.07
SAN280,COMPRESOR DE AIRE 2 HP 25 LT 1F,440.79
SAN281,COMPRESOR DE AIRE 5 HP  60 GLN 125 LB 1F,1873.37
SAN282,BAÑERA 2 PERSONAS C/JACUZZI ACRILICA,4187.56
SAN283,BAÑERA 1 PERSONA C/JACUZZI ACRILICA,3305.97
SAN284,BAÑERA 1 PERSONA FIBRA VIDRIO C/GRIFERIA,1322.37
SAN287,KIT REPARAR FLUXOMETRO SLOAM O SIM 1 1/2,165.32
SAN288,KIT DIAFRAGMA FLUXOMETRO SLOAM O SIM 1 1,77.13
SAN289,KIT PALANCA FLUXOMETRO SLOAM O SIM 1 1/2,33.09
SAN290,KIT VALVULA FLUXOMETRO SLOAM O SIM 1 1/2,24.26
SAN291,"KIT VACUM FLUXOMETRO SLOAM O SIM 1 1/2 """,20.91
SEG001,TAPA OIDOS HOWARD LEIGHT O SIM /SILICON,2.18
SEG002,CASCO DE SEGURIDAD,11.02
SEG003,AMBULANCIA EN SITIO (ALQUILER),198.38
SEG004,LOGISTICA Y SEGURIDAD (ANEXAR LISTADO),0
SEG005,CASCO PLASTICO DE SEGURIDAD C/BARBIQUEJO,14.31
SEG006,GUANTES DE NITRILO DESECHABLES,0.32
SEG007,GUANTES DE NEOPRENO /ANTIQUIMICOS,7.69
SEG008,GUANTES DE TELA Y CARNAZA (PAR),3.28
SEG009,GUANTES DE CARNAZA PARA SOLDADURA,8.22
SEG010,GUANTES DE TELA CON PUNTOS PVC,2.18
SEG011,GUANTE CORTO CARNAZA/CUERO REFORZADO,7.69
SEG012,MONOLENTES DE SEGURIDAD,6.62
SEG013,LENTES DE SEGURIDAD,3.28
SEG014,TAPON PROTECTOR AUDITIVO DESECHABLE,0.64
SEG015,TAPON PROTECTOR AUDITIVO CON CORDON,1.34
SEG016,TAPA OIDOS / PROTECTOR AUDITIVO TIPO AUD,24.26
SEG017,CARETA ANTI SALPICADURAS,5.54
SEG018,VISOR PROTECTOR / CARETA,5.54
SEG019,MEDIA CARETA MASCARILLA C/FILTRO,22.02
SEG020,MEDIA CARETA MASCARILLA C/2 FILTROS,27.55
SEG021,FILTRO CARTUCHO P/ CARETA- MASCARILLA X ,9.88
SEG022,MASCARILLA CARA COMPLETA 3M,264.48
SEG023,DELANTAL DE SOLDADOR / CARNAZA,22.02
SEG024,ALMUERZO POR PERSONA/DIA,11.02
SEG025,REFRIGERIO,5.54
SEG026,AGUA POTABLE Y HIELO/CUBITOS X PERS/DIA,5.54
SEG027,VASOS DESECHABLES (PAQUETE),3.28
SEG028,SERVICIO DE CLINICA INDUSTRIAL,33.09
SEG029,EXAMENES MEDICOS LEGALES/ EMPLEO,88.17
SEG030,SERVICIO DE TRANSPORTE A OBRA C/U,11.02
SEG031,ARNESES DE SEGURIDAD CON ESLINGA,110.19
SEG032,BRAGAS ALGODON INGNIFUGAS,66.14
SEG033,AGUA POTABLE Y HIELO DIA/POR PERSONA,2.18
SEG034,AGUA POTABLE EMBOTELLADA P/PERSONA,2.18
SEG035,AGUA LIMPIA P/LAVAMANOS,0.53
SEG036,REFRIGERIO POR PERSONA/DIA,7.69
SEG037,ALMUERZO Y REFRIGERIO POR PERSONA/DIA,18.73
SEG038,CASCO DE SEGURIDAD CERTIFICADO C/BARBIQU,19.84
SEG039,MASCARILLA DESECHABLE 3M P/POLVO 8210,1.91
SEG040,PROTECTOR AUDITIVO DESECHABLE,0.32
TUB001,TUBO COBRE RIGIDO TIPO K DIAM EXTERIOR=7,23.12
TUB002,"TUBO COBRE RIGIDO TIPO L DI=5/8"" X DEXT=",20.19
TUB003,"TUBO COBRE RIGIDO TIPO L DINT=3/4"" X DEX",142.15
TUB004,TUBO COBRE RIGIDO TIPO K DIAM NOMINAL=1 ,62.58
TUB005,TUBO COBRE RIGIDO TIPO K DIAM EXTERNO=1 ,38.59
TUB006,TUBO COBRE RIGIDO TIPO L DIAM NOMINAL=3/,23.7
TUB007,"TUBO COBRE RIGIDO TIPO L DI=1 1/4""X DEXT",46.02
TUB008,"TUBO COBRE RIGIDO TIPO L DI=1"" X DEXT=1 ",34.1
TUB009,"TUBO COBRE RIGIDO TIPO K DNOM=1/2"" X 5/8",15.8
TUB010,"TUBO COBRE RIGIDO TIPO L DIN=1/2""X DEXT.",88.9
TUB011,"TUBO COBRE RIGIDOTIPO K DNOM=3/8"" X 1/2""",12.37
TUB012,TUBO HIERRO DUCTIL HD ACUEDUCTO DE=118 M,47.13
TUB013,TUBO HIERRO DUCTIL HD ACUEDUCTO DE=170 M,71.2
TUB014,TUBO HIERRO DUCTIL HD ACUEDUCTO DE=222 D,97.53
TUB015,TUBO COBRE RIGIDO TIPO K DIAM. NOMINAL =,15.8
TUB016,"CONEXION TUBO DE COBRE A HG D=1/2"" MACHO",4.54
TUB017,TUBO COBRE RIGIDO TIPO K DIAM NOMINAL=3/,29.46
TUB018,"CONEXION TUBO DE COBRE A HG D=3/4"" MACHO",7.93
TUB019,TUBO COBRE RIGIDO TIPO K DIAM. NOMINAL =,38.59
TUB020,"CONEXION TUBO DE COBRE A HG D=1"" MACHO",9.09
TUB037,"TUBO HF  DUCTIL D=12"" (300 MM)",474.61
TUB038,TUBO PEAD 75MM 150 PSI SDR 11 10 BAR,17.2
TUB039,"TUBO PEAD 75MM (3"") 150 PSI SDR 11",11.03
TUB040,"TUBO PEAD 110MM / 4"" E= 10 MM 150 PSI SD",20.91
TUB041,"TUBO PEAD 90MM (3"") N5 150 LB/PG2 - PSI",24.8
TUB042,"TUBO PEAD 10MM (3/8"") N5 (150 L/PG2) ROL",0.39
TUB043,"CODO PEAD POLIETILENO  D= 90 MM, 90° N5",11.02
TUB044,"TUBO DE COBRE FLEXIBLE DEXT=5/8""  0,373 ",13.12
TUB045,TEE PEAD ELECTROFUSION D= 110 MM,77.13
TUB046,TEE PEAD ELECTROFUSION D= 90 MM,49.54
TUB047,TEE PEAD ELECTROFUSION D= 75 MM,38.58
TUB048,"UNION RAPIDA REDUCIDA PEAD 90 X 75 MM, N",17.64
TUB049,"UNION RAPIDA REDUCIDA PEAD 110 X90 MM, N",31.95
TUB050,"ABRAZADERA COLGANTE D = 1/2""",3.28
TUB051,"TAPON ADAPTADOR PEAD D= 75 MM, N5",7.15
TUB052,ADAPTADOR MACHO ROSCADO PEAD D= 75MM X 2,8.81
TUB053,"ADAPTADOR BRIDA PEAD D= 75 MM X 2 1/2""",11.02
TUB054,"TUBO DE COBRE FLEXIBLE DEXT=3/4"" 0,454 K",15.96
TUB055,ABRAZADERA SENCILLA PEAD D= 75 MM X 1/2,12.13
TUB056,ABRAZADERA SENCILLA PEAD D= 50 MM X 1/2,9.88
TUB057,ADAPTADOR MACHO ROSCADO PEAD D= 20MM X 1,3.87
TUB058,UNION RAPIDA PEAD 75MM,14.85
TUB059,UNION RAPIDA PEAD 90 MM,23.12
TUB060,"ABRAZADERA Y GANCHO P/COLGAR 2""",5.32
TUB061,"ABRAZADERA Y GANCHO P/COLGAR 3""",6.07
TUB062,"ABRAZADERA Y GANCHO P/COLGAR 4""",10.7
TUB063,"ABRAZADERA Y GANCHO P/COLGAR TUBO 4""",9.88
TUB064,"ABRAZADERA Y GANCHO P/COLGAR TUBO 3""",5.54
TUB065,"ABRAZADERA Y GANCHO P/COLGAR TUBO 2""",5.54
TUB066,"TUBO DE COBRE FLEXIBLE DEXT=1/4"" 0,12 KG",4.41
TUB067,"TUBO DE COBRE FLEXIBLE DEXT=3/8"" 0,199 K",7.69
TUB068,"TUBO DE COBRE FLEXIBLE DEXT=1/2"" 0,271 K",9.51
TUB069,"COPA SAE BRONCE 3/8""  - 1/2"" PARA GAS O ",3.28
TUB070,"CODO TUBO COBRE 90 D=1/2"" DEXT 7/8""",2.16
TUB071,"A/C VISOR DE HUMEDAD TUBERIA COBRE  1/2""",13.22
TUB072,"A/C VISOR DE HUMEDAD TUBERIA COBRE  1/2""",13.22
TUB073,"A/C TUERCA DE COBRE 1/2"" P/ VISOR",1.61
TUB074,"A/C TUERCA REDUC- COBRE 1/2"" A 3/8"" P/VI",1.75
TUB075,"CODO TUBO COBRE DE 3/8"" DEXT 1/2""",1.58
TUB076,"ABRAZADERA COLGANTE D = 3/4""",4.41
TUB077,"ABRAZADERA COLGANTE D = 1""",4.97
TUB078,TUBO COBRE RIGIDO TIPO K DIAM EXTERNO=1 ,62.52
TUB079,TUBO COBRE RIGIDO TIPO K DIAM. EXTERIOR ,47.8
TUB080,TUBO COBRE RIGIDO TIPO K DIAM. NOMINAL =,6.68
TUB081,TUBO COBRE RIGIDO TIPO K DIAM. EXTERIOR ,38.59
TUB082,TUBO COBRE RIGIDO TIPO K DIAM. NOMINAL 3,12.37
TUB083,"ABRAZADERA Y GANCHO P/COLGAR TUBO 6""",16.5
TUB084,"ABRAZADERA Y GANCHO P/COLGAR TUBO 8""",9.03
TUB085,"ABRAZADERA Y GANCHO P/COLGAR TUBO 10""",27.55
TUB086,"SUSPENSION HIERRO P/TUBO AGUA D= 6""",15.4
TUB087,"SUSPENSION HIERRO P/TUBO AGUA D= 4""",13.22
TUB088,"SUSPENSION HIERRO P/TUBO AGUA D= 3""",7.69
TUB089,"SUSPENSION HIERRO P/TUBO AGUA D= 2""",5.54
TUB090,SUSPENSION HIERRO P/TUBERIA INST. ELECTR,11.02
TUB091,SUSPENSION HIERRO P/TUBO INST. ELECTRICA,6.62
TUB092,SUSPENSION HIERRO P/TUBERIA INST. ELECTR,5.08
TUB093,"ABRAZADERA Y GANCHO P/COLGAR D= 12""",36.34
TUB094,"TUBO PEAD 90MM (3"") N4 90 LB/PG2 - PSI",11.02
TUB095,"CODO TUBO COBRE DE 3/4"" DEXT 7/8""",7.86
TUB096,"CODO TUBO COBRE DE 1"" DEXT 1 1/8""",7.76
TUB097,"ABRAZADERA COLGANTE D = 6""",19.84
TUB098,"ABRAZADERA COLGANTE D = 8""",27.55
TUB099,"ABRAZADERA COLGANTE D = 10""",33.09
TUB100,"ABRAZADERA COLGANTE D = 12""",35.23
TUB101,"TUERCA PESADA 3/6"" PARA TUBERIA A/C",0.74
TUB102,ANILLO ELECTROFUSION PEAD 63 MM (150L/PG,39.13
TUB103,TEE PEAD RAPIDA 63 MM,19.84
TUB104,SILLA/TOMA ELECTROFUSION PEAD 63 X 32MM ,50.73
TUB105,"TUBO PEAD 32MM (1"") INT. PN10 BAR 150PSI",3.28
TUB106,"TUBO PEAD 25MM/DI=3/4"" 185 PSI GAS",2.72
TUB107,"TUBO PEAD 32MM/DI=1"" PE80 SDR11/ 185 PSI",4.18
TUB108,"TUBO PEAD 40MM/DI=1 1/4"" PE80 SDR11/ 185",5.64
TUB109,"TUBO PEAD 50MM/DI= 1 1/2"" PE80 SDR11/ 18",7.94
TUB110,"TUBO PEAD 63MM/DI= 2"" PE80 SDR 11/ 185 P",14.3
TUB111,"TUBO PEAD 75MM/DI= 2 1/2"" 185 LBS GAS",22.78
TUB112,"TUBO PEAD 90MM/DI= 3"" PE80 SDR11/185 PSI",36.41
TUB113,"TUBO PEAD 110MM/DI= 4"" 185 PSI GAS",48.77
TUB114,"TUBO PEAD 20MM /DI=1/2"" PE100 SDR17.6/15",2.18
TUB115,"TUBO PEAD 25MM/DI=3/4"" 150 PSI GAS",2
TUB116,"TUBO PEAD 32MM/DI=1"" PE100 SDR17.6/ 150 ",3.41
TUB117,"TUBO PEAD 40MM/DI=1 1/4""PE100 SDR17.6/ 1",5.57
TUB118,"TUBO PEAD 50MM/DI=1 1/2""PE100 SDR17.6/ 1",8.58
TUB119,"TUBO PEAD 63MM (2"") PE100 SDR 17.6/ 150 ",13.58
TUB120,"TUBO PEAD 75MM/DI=2 1/2"" SDR 17.6/150 PS",17.38
TUB121,"TUBO PEAD 90MM/DI= 3"" 150 PSI GAS",33.76
TUB122,"TUBO PEAD 110MM/DI= 4""  GAS",44.06
TUB123,VALVULA PEAD DIAMETRO 32 MM. GAS Y AGUA,93.67
TUB124,VALVULA PEAD DIAMETRO 40 MM. GAS Y AGUA,74.95
TUB125,VALVULA PEAD DIAMETRO 50 MM. GAS Y AGUA,80.47
TUB126,VALVULA PEAD DIAMETRO 63 MM. GAS Y AGUA,418.76
TUB127,VALVULA PEAD DIAMETRO 90 MM. GAS Y AGUA,396.71
TUB128,VALVULA PEAD DIAMETRO 110 MM. GAS Y AGUA,429.76
TUB129,TUBO COBRE RIGIDO TIPO K DIAM. NOMINAL 5,19.22
TUB130,CODO 45º 32 MM PEAD PE100 SDR 11 AGUA Y ,2.61
TUB131,CODO 45º 40 MM PEAD PE100 SDR 11 AGUA Y ,4.75
TUB132,CODO 45º 50 MM PEAD PE100 SDR 11 AGUA Y ,6.84
TUB133,CODO 45º 63 MM PEAD PE100 SDR 11 AGUA Y ,13.22
TUB134,CODO 45º 75MM PEAD PE100 SDR 11 AGUA Y G,11.88
TUB135,CODO 45º 90 MM PEAD PE100 SDR 11 AGUA / ,20.91
TUB136,CODO 45º 110 MM PEAD PE100 SDR 11 AGUA Y,29.74
TUB137,CODO 90º 32 MM PEAD PE100 SDR 11 AGUA / ,11.02
TUB138,CODO 90º 40 MM PEAD PE100 SDR 11 AGUA / ,6.07
TUB139,CODO 90º 50 MM PEAD PE100 SDR 11 AGUA / ,6.62
TUB140,CODO 90º 63 MM PEAD PE100 SDR 11 AGUA / ,22.02
TUB141,CODO 90º 75MM PEAD PE100 SDR 11 AGUA / G,11.02
TUB142,CODO 90º 90 MM PEAD PE100 SDR 11 AGUA / ,47.38
TUB143,CODO 90º 110 MM PEAD PE100 SDR 11 AGUA /,74.95
TUB144,VALVULA REGULADORA DE PRESION DIAMETRO 1,176.32
TUB145,"TUBO PEAD 20MM/DI= 1/2"" PE80 SDR 11/ 185",1.39
TUB146,VALVULA PEAD DIAMETRO 75MM GAS Y AGUA,209.36
TUB147,TUBO COBRE RIGIDO TIPO K DIAM. NOMINAL =,47.8
TUB148,TUBO COBRE RIGIDO TIPO K DIAM. NOMINAL =,62.52
TUB149,TUBO COBRE RIGIDO TIPO K DIAM. NOMINAL =,94.71
TUB150,"TUBO COBRE RIGIDO TIPO L DINT=3/4"" X DEX",23.7
TUB151,TUBO COBRE RIGIDO TIPO L DIAM. NOMINAL 3,10.31
TUB152,TUBO COBRE RIGIDO TIPO L DIAM. NOMINAL =,7.69
TUB153,TUBO COBRE RIGIDO TIPO L DIAM. NOMINAL =,80.47
TUB154,"TUBO DE COBRE FLEXIBLE DEXT=7/8""  0,677 ",25.36
TUB155,"TUBO DE COBRE FLEXIBLE DEXT=3/16""  0,086",3.28
TUB156,"TUBO DE COBRE FLEXIBLE DEXT=5/16""  0,162",6.36
TUB157,"TUBO DE COBRE FLEXIBLE DEXT=1/8""  0,052 ",2.18
TUB158,"TUBO COBRE RIGIDO ""TIPO M"" DIAM. NOMINAL",6.68
TUB159,"TUBO COBRE RIGIDO ""TIPO M"" DIAM NOMINAL=",9.37
TUB160,"TUBO COBRE RIGIDO ""TIPO M"" DIAM NOMINAL=",15.04
TUB161,"TUBO COBRE RIGIDO ""TIPO M"" DIAM. NOMINAL",21.38
TUB162,"TUBO COBRE RIGIDO ""TIPO M"" DIAM. NOMINAL",31.39
TUB163,"TUBO COBRE RIGIDO ""TIPO M"" DIAM. NOMINAL",43.21
TUB164,"TUBO COBRE RIGIDO ""TIPO M"" DIAM. NOMINAL",67.22
TUB165,TUBO COBRE RIGIDO TIPO L DIAM. NOMINAL =,52.41
TUB166,SILLA/TOMA ELECTROFUSION PEAD 80 X 32MM ,36.34
TUB167,SILLA/TOMA ELECTROFUSION PEAD 110 X 32MM,49.54
TUB168,SILLA/TOMA ELECTROFUSION PEAD 125 X 32MM,44.07
TUB169,SILLA/TOMA ELECTROFUSION PEAD 160 X 32MM,55.1
TUB170,ABRAZADERA DE REFUERZO PEAD 32MM 150LB,6.62
TUB171,TAPON TERMINAL PEAD RAPIDO 32MM 150LB,7.15
TUB172,TAPON TERMINAL PEAD RAPIDO 40 MM 150LB,8.81
TUB173,TAPON TERMINAL PEAD 50 MM 150LB,9.14
TUB174,TAPON TERMINAL PEAD 63 MM 150LB,11.02
TUB175,TAPON TERMINAL PEAD 75MM 150LB,13.22
TUB176,TAPON TERMINAL PEAD 90 MM 150LB,24.26
TUB177,TAPON TERMINAL PEAD 110 MM 150LB,30.85
TUB178,TEE PEAD ELECTROFUSION D= 25 MM,5.54
TUB179,TEE PEAD ELECTROFUSION D= 32 MM,24.26
TUB180,TEE PEAD ELECTROFUSION D= 40 MM,27.55
TUB181,TEE PEAD ELECTROFUSION D= 50 MM,31.95
TUB182,TEE PEAD ELECTROFUSION D= 63 MM,34.15
TUB183,ANILLO/MANGUITO PEAD TERMOFUSION 110 MM,42.94
TUB184,ANILLO/MANGUITO PEAD TERMOFUSION 125 MM,44.07
TUB185,COLLAR BRIDA ELECTROFUSION PEAD 63/50 MM,24.26
TUB186,COLLAR BRIDA ELECTROFUSION PEAD 90/80 MM,36.34
TUB187,COLLAR BRIDA ELECTROFUSION PEAD 110/100 ,73.85
TUB188,REDUCCION EMBRIDADA PEAD 110 MM DN80,155.84
TUB189,TEE ROSCA HEMBRA TERMOFUSION/ POLIFUSION,5.54
TUB190,TEE ROSCA HEMBRA TERMOFUSION/ POLIFUSION,5.76
TUB191,TEE ROSCA HEMBRA TERMOFUSION/ POLIFUSION,14.85
TUB192,"TUBO PEAD DN=1600 MM (63"") PN10 N5-150 L",1542.77
TUB193,CONEXION SOLDADA A TOPE TUBERIA PEAD 160,458.46
TUB194,"TUBO PEAD DN=1200 MM (48"") PN10 N5-150 L",1090.99
TUB195,"TUBO PEAD DN=50 MM DI= 1 1/2"" PFVF PN16 ",6.51
TUB196,"TUBO PEAD DN=500 MM (20"") N5 (150 L/PG2)",506.89
TUB197,"TUBO PEAD DN=600 MM (24"") N5 (150 L/PG2)",661.2
TUB198,"TUBO PEAD DN=900 MM (35"") PN10 N5 (150 L",826.5
TUB199,TUBO PVC A.B. DN= 25 MM PN16 PRESION AST,8.46
TUB200,TUBO PVC A.B. DN= 50 MM PN16 PRESION AST,17.64
TUB201,I.S. DE TUBERIA PVC PAVCO AGUAS CLARAS D,7.27
TUB202,I.S. DE TUBERIA PVC PAVCO AGUAS CLARAS D,5.43
TUB203,TUBO DE COBRE RIGIDO,37.45
TUB204,TUBO PEAD PARA GAS,11.55
TUB205,TAPON TERMINAL PEAD 20MM 150LB,2.39
TUB206,TAPON TERMINAL PEAD 25MM 150LB,3.55
TUB207,"A/C VISOR DE HUMEDAD TUBERIA COBRE  5/8""",19.84
TUB208,CONEXION PEAD BRANCH SADDLE 110X63MM 10B,77.13
TUB209,ABRAZADERA COLGANTE PARA DUCTO FLEXIBLE ,3.28
TUB210,ABRAZADERA COLGANTE PARA DUCTO FLEXIBLE ,5.54
TUB211,ABRAZADERA COLGANTE PARA DUCTO FLEXIBLE ,7.69
TUB212,ABRAZADERA COLGANTE P/DUCTO FLEXIBLE D=1,8.81
TUB213,ABRAZADERA COLGANTE P/DUCTO FLEXIBLE D=1,9.88
TUB214,ABRAZADERA COLGANTE PARA DUCTO FLEXIBLE ,4.41
TUB215,ACCESORIOS P/ INSTALAR DUCTO FLEXIBLE A/,1.08
TUB216,"TUBO COBRE RIGIDO ""TIPO M"" DIAM NOMINAL=",13.22
TUB217,"ABRAZADERA EMT DOBLE D = 1 1/2""",2.72
TUB218,"ABRAZADERA CONDUIT DOBLE D = 1 1/2""",3.28
TUB219,"ABRAZADERA CONDUIT DOBLE D = 1""",2.84
TUB220,"ABRAZADERA CONDUIT DOBLE D = 3/4""",1.29
TUB221,"ABRAZADERA CONDUIT DOBLE D = 2""",4.41
TUB222,"ABRAZADERA SENCILLA CONDUIT D = 3/4""",0.74
TUB223,"ABRAZADERA SENCILLA CONDUIT D = 1""",0.74
TUB224,"ABRAZADERA SENCILLA CONDUIT D = 2""",3.28
TUB225,"ABRAZADERA SENCILLA CONDUIT D = 1 1/2""",2.39
TUB226,"ABRAZADERA SENCILLA CONDUIT D = 1""",2.18
TUB227,"ABRAZADERA CONDUIT D = 1""",2.39
TUB228,"ABRAZADERA SENCILLA CONDUIT D = 3/4""",1.08
TUB229,ABRAZADERA PARA CABLE 6 CON TORNILLO Y R,2.18
VAL001,COSTO TRANSPORTE TUBO Y ACCESORIOS &T,0.64
VAL002,TRANSPORTE DE ASFALTO LIQUIDO D<= 50 KM ,0.21
VAL003,TRANSPORTE DE MATERIALES (PESO) &K,0.48
VAL004,TRANSPORTE CABILLA D<= 200 KM &K,0.48
VAL005,COSTO TRANSPORTE CABILLA  D<= 350 KM &K,0.32
VAL006,TRANSPORTE URBANO CEMENTO D<=50 KM &S,1.13
VAL007,COSTO ASOCIADO POR TRANSPORTE &M1,0.28
VAL008,COSTO POR TRANSPORTE DEL ASFALTO &K,0.16
VAL009,COSTO TRANSPORTE CABILLA <=50 KM &K,0.11
VAL010,COSTO POR TRANSPORTE AL SITIO &M3,2.84
VAL011,COSTO ASOCIADO DE TRANSPORTE &K,0.32
VAL012,COSTO ASOCIADO POR TRANSPORTE &M1,0.05
VAL013,COSTO ASOCIADO AL TRANSPORTE DE INSUMOS ,0.56
VAL014,COSTO TRANSPORTE FUERA PERIMETRO CDAD &M,0.13
VAL015,COSTO ASOCIADO TRANSPORTE D < 50 KM &G,0.4
VAL016,COSTO ASOCIADO POR TRANSPORTE &M2,0.32
VAL017,COSTO ASOCIADO POR TRANSPORTE &P2,1.13
VAL018,TRANSPORTE DE CONCRETO D> 15 M  D<  50KM,6.62
VAL019,TRANSPORTE DE AGREGADOS MAX 50KM 3&M3,5.86
VAL020,VACIADO DE CONCRETO PREMEZCLADO C/BOMBA ,5.54
VAL021,FLETE / TRANSPORTE DE AGREGADOS HASTA 50,2.84
VAL022,FLETE / TRANSPORTE &P1,0.16
VAL023,FLETE / TRANSPORTE DE CEMENTO &S,1.18
VAL024,FLETE / TRANSPORTE MENOR &G,0.79
VAL025,FLETE / TRANSPORTE &P1,0.64
VAL026,FLETE / TRANSPORTE 2&M1,1.06
VAL027,FLETE / TRANSPORTE &G,0.44
VAL028,TRANSPORTE DE MATERIALES AL SITIO &G,0.12
VAL029,TRANSPORTE DE EQUIPO IDA-VUELTA <25 KM &,247.93
VAL030,COSTO/FLETE TRANSPORTE AL SITIO &M1,0.32
VAL031,TRASLADO DE EQUIPO DE LIMPIEZA Y AFORO,13.22
VAL032,VALOR ADICIONAL P/TRASLADO DEL MATERIAL ,0.53
VAL033,VALOR ASOCIADO TRANSPORTE AL SITIO 1&M1,0.06
VAL034,TRANSPORTE BLOQUE PLATABANDA &P1,0.21
VAL035,TRANSPORTE BLOQUE &P1,0.12
VAL036,TRANSPORTE BLOQUE DE ARCILLA &P1,0.13
VAL037,TRANSPORTE DE BLOQUE &P1,0.32
VAL038,TRANSPORTE BLOQUE PARED &P1,0.19
VAL039,TRANSPORTE BLOQUE PARED &P1,0.08
VAL040,TRANSPORTE BLOQUE PARED &P1,0.1
VAL041,TRANSPORTE BLOQUE PARED &P1,0.07
VAL042,TRANSPORTE BLOQUE PARED ARCILLA &P1,0.13
VAL043,TRANSPORTE DE BLOQUE/LADRILLO &P1,0.16
VAL044,TRANSPORTE DE BLOQUE/LADRILLO &P1,0.15
VAL045,TRANSPORTE DE PANELA ARCILLA &P1,0.21
VAL046,TRANSPORTE DE MATERIALES &U,0.32
VAL047,TRANSPORTE BLOQUES HASTA 50 KM &P1,0.16
VAL048,COSTO ASOCIADO DEL TRANSPORTE &U,0.13
VAL049,FLETE / TRANSPORTE &U,0.32
VAL050,VALOR  ASOCIADO,0.08
VAL051,COSTO ASOCIADO DEL TRANSPORTE &M2,0.64
VAL052,COSTO ASOCIADO DE TRANSPORTE (VOLUMEN)  ,0.88
VAL053,COSTO DE TRANSPORTE DE AGREGADOS  3&M3,4.97
VAL054,FLETE / TRANSPORTE 1&M1,0.16
VAL055,FLETE / TRANSPORTE &S,1.61
VAL056,FLETE / TRANSPORTE AL SITIO &M2,0.79
VAL057,FLETE / TRANSPORTE &U,1.61
VAL058,FLETE / TRANSPORTE &P,0.51
VAL059,FLETE / TRANSPORTE DE  ASFALTO &T,4.97
VAL060,FLETE / TRANSPORTE CONCRETO PREMEZCLADO ,6.62
VAL061,COSTO ASOCIADO DE TRANSPORTE &M2,1.61
VAL062,COSTO DEL TRANSPORTE HASTA 50 KM  &M3,0.08
VAL063,COSTO ASOCIADO DE TRANSPORTE  &M3,1.61
VAL064,COSTO DE TRANSPORTE AL SITIO  &M3,1.97
VAL065,TRANSPORTE TUBO Y ACC. CONCR. D<=200KM &,0.79
VAL066,COSTO DE TRANSPORTE &M3,8.22
VAL067,FLETE / TRANSPORTE EN SACO &S,2.05
VAL068,FLETE / TRANSPORTE 2&M1,0.79
VAL069,FLETE / TRANSPORTE 3&M1,2.05
VAL070,FLETE / TRANSPORTE 1&M1,0.48
VAL071,COSTO DEL TRANSPORTE D> 50 KM  D< 100 KM,4.13
VAL072,RECARGO DESPACHO CONC. PREMEZCLADO HR EX,3.55
VAL073,"RECARGO DESPACHO PREMEZCLADO 0,5-2 M3 &V",11.02
VAL074,"RECARGO DESPACHO PREMEZCLADO 2,25-3 M3 &",11.02
VAL075,"RECARGO DESPACHO PREMEZCLADO 3,25-4 M3 &",7.69
VAL076,TRANSPORTE DE GRUA EN AREA METROPOLITANA,165.32
VAL077,FLETE / TRANSPORTE &P,0.7
VAL078,"TRANSP DE EQUIPOS, MONTAJE, S/COTIZACION",3.87
VAL079,COSTO ASOCIADO DE TRANSPORTE AL SITIO &G,0.53
VAL080,VIAJE GANDOLA/TORONTO FERRY PLC-MARGARIT,27.55
VAL081,COSTO DE TRANSPORTE AL SITIO D<= 50 KM &,0.16
VAL082,TRANSPORTE/TRANSFORMADOR HASTA 50 KM Y 5,127.28
VAL083,TRANSPORTE/TRANSFORMADOR HASTA 50 KM Y 1,165.32
VAL084,TRANSPORTE DE MATERIALES A LA OBRA &G,1.29
VAL085,TRANSPORTE DE MATERIALES &G,0.16
VAL086,TRANSPORTE HASTA 50 KM &P2,0.89
VAL087,COSTO DE PEAJE EN DISTANCIA MEDIA &V10,5.54
VAL088,COSTO POR TRANSPORTE D<= 300 KM &M2,1.13
VAL089,FLETE / TRANSPORTE ENTRE 4 Y 5 KM &X,1.13
VAL090,VIAJE GANDOLA/TORONTO FERRY PLC-MARGARIT,16.5
VAL091,VIAJES DE GANDOLA EN PEAJES (IDA Y VUELT,1.29
VAL092,PASAJE IDA Y VUELTA EQUIVALENTE EN 45 TO,0.53
VAL093,FLETE/TRANSPORTE AGREGADOS D>50 KM Y <=1,16.5
VAL094,FLETE/TRANSPORTE CEMENTO D> 50 KM Y D<10,4.97
VAL095,COSTO ASOCIADO DE TRANSPORTE &J,1.61
VAL096,TRANSPORTE DE MATERIALES AL SITIO &J,0.16
VAL097,COSTO DE TRANSPORTE &M2,0.97
VAL098,PASAJES CHOFER FERRY PTO LA CRUZ-MARGARI,27.55
VAL099,PASAJES AYUDANTE FERRY PTO LA CRUZ-MARGA,27.55
VAL100,COSTO ASOCIADO POR TRANSPORTE &M1,0.24
VAL101,COSTO TRANSPORTE  MAX 300 KM &U,0.79
VAL102,COSTO ASOCIADO TRANSPORTE TUBERIA &M1,1.61
VAL103,COSTO ASOCIADO DE TRANSPORTE /PESO &K1,0.64
VAL104,COSTO ASOCIADO DE TRANSPORTE &P1,0.53
VAL105,TRANSPORTE DE MATERIALES &G,0.64
VAL106,TRANSPORTE CEMENTO D < 50 KM &S,0.94
VAL107,TRANSPORTE DEL CEMENTO EN CAMION &X1,0.4
VAL108,TRANSPORTE DE AGREGADOS D> DE 20 KM &X,1.61
VAL109,TRANSPORTE ACERO  D < 50 KM &X,1.61
VAL110,TRANSPORTE* NO URBANO D<=1 KM &X,8.33
VAL111,TRANSPORTE EQUIPOSAL SITIO &G,72.76
VAL112,COSTO DE TRANSPORTE MATERIALES &P3,8.58
VAL113,COSTO DE TRANSPORTE MATERIALES &G,1.18
VAL114,COSTO AGREGADO TRANSPORTE &M1,0.4
VAL115,COSTO DE TRANSPORTE &P1,0.32
VAL116,TRANSPORTE CONO/CILINDRO B.V. <1 KM &M1,3.28
VAL117,TRANSPORTE DE MATERIALES &U,0.64
VAL118,FLETE / TRANSPORTE AL SITIO &P,0.48
VAL119,FLETE CONO/CILINDRO CONCRETO B.V. D<300K,9.88
VAL120,FLETE CONO/CILINDRO CONCRETO B.V. D> 500,8.81
VAL121,FLETE CONO/CILINDRO CONCRETO B.V. 300 A ,11.55
VAL122,FLETE / TRANSPORTE &K,1.81
VAL123,FLETE / TRANSPORTE BLOQUE MIRANDA-BARCEL,3.28
VAL124,FLETE/TRANSPORTE BLOQUE  D<=  500 KM &P,0.11
VAL125,FLETE / TRANSPORTE &M1,1.61
VAL126,FLETE / TRANSPORTE MATERIAL &U,0.32
VAL127,MANEJO Y ALMACENAMIENTO DE SACO DE CEMEN,0.1
VAL128,TRANSPORTE DE ELEMENTOS DE ACERO &K,0.32
VAL129,TRANSPORTE ORIENTAL EMULSION ASFALTICA &,0.58
VAL130,TRANSPORTE MAT. ASFALTICO D<= 200 KM &X,0.1
VAL131,TRANSPORTE DE ACERO &K,0.16
VAL132,TRANSPORTE DE AGREGADOS A D> 20 KM &X,1.61
VAL133,TRANSPORTE MATERIAL EXCAVACION > 20 KM &,1.61
VAL134,TRANSPORTE DE AGREGADOS D> 20 KM &X,0.79
VAL135,"MANEJO, ALMACENAMIENTO Y CALETEO INTERNO",0.21
VAL136,TRANSPORTE DE AGREGADOS A D> 20 KM &X,1.29
VAL137,TRANSPORTE DE MAT.ASFALTICO A D> 200 KM ,0.06
VAL138,TRANSPORTE DE AGREGADOS &X,0.79
VAL139,TRANSPORTE DE MATERIALES D<= 1 KM &X,1.45
VAL140,"MANEJO, ALMACENAMIENTO Y CALETEO INTERNO",0.79
VAL141,TRANSPORTE DE MATERIALES &G,0.48
VAL142,TRANSPORTE RETROEXCAVADORA PESO SIMILAR ,220.4
VAL143,TRANSPORTE EXCAVADORA O SIM LOW BOY &V8,275.51
VAL144,TIEMPO EN OBRA ADICIONAL CONCRETO PREMEZ,6.62
VAL145,TRANSPORTE PREMEZCLADO > 20 KM PLANTA 1 ,3.28
VAL146,TRANSPORTE PREMEZCLADO > 20 KM PLANTA2 &,3.28
VAL147,TRANSPORTE PREMEZCLADO > 20 KM PLANTA 3 ,2.45
VAL148,VACIADO CONCRETO PREMEZCLADO C/BOMBA EST,6.62
VAL149,TRANSPORTE URBANO RETROEXCADADORA O SIM,220.4
VAL150,TRANSPORTE TUBERIA CONCRETO D < 500 KM &,1.61
VAL151,VIAJE MAQUINA/FERRY P. LA CRUZ-MARGARITA,33.09
VAL152,TASA MAQUINA/FERRY P. LA CRUZ-MARGARITA-,440.79
VAL153,TASA TORONTO/FERRY P. LA CRUZ-MARGARITA-,275.51
VAL154,"TASA CAMION/FERRY HASTA 9,49 M PLC-MARGA",187.34
VAL155,"VIAJE CAMION/FERRY MAS DE 9,49 M PLC-MAR",41.85
VAL156,"TASA CAMION/FERRY MAS DE 9,49 M PLC-MARG",209.36
VAL157,TRANSPORTE PREMEZCLADO > 15 KM PLANTA 4 ,4.97
VAL158,FLETE / TRANSPORTE &G,0.24
VAL159,FLETE / TRANSPORTE &G,0.25
VAL160,FLETE / TRANSPORTE &P2,0.72
VAL161,FLETE / TRANSPORTE &G,0.32
VAL162,FLETE / TRANSPORTE 1&M1,0.32
VAL163,FLETE / TRANSPORTE &M1,0.64
VAL164,FLETE / TRANSPORTE &M1,0.19
VAL165,FLETE / TRANSPORTE &M1,0.53
VAL166,"MANEJO, CALETEO Y ALMACENAMIENTO",0.21
VAL167,FLETE / TRANSPORTE &G,0.88
VAL168,FLETE / TRANSPORTE &G,0.7
VAL169,FLETE / TRANSPORTE &G,0.97
VAL170,TRANSPORTE/FLETE DE ACERO P<= 8 TON &X,1.13
VAL171,TRANSPORTE BLOQUE DE CONCRETO D<=35 KM &,0.24
VAL172,TRANSPORTE CON COOPERATIVA D> 20 KM &X,0.16
VAL173,TRANSPORTE CON COOPERATIVA D<= 20 KM &X,0.05
VAL174,TRANSPORTE TUBERIA DE CONCRETO &X,1.25
VAL175,COSTO ASOCIADO DEL TRANSPORTE &P1,0.24
VAL176,COSTO ASOCIADO DEL TRANSPORTE &P2,1.45
VAL177,COSTO ASOCIADO DEL TRANSPORTE &P1,0.32
VAL178,COSTO ASOCIADO DEL TRANSPORTE &P,0.94
VAL179,COSTO ASOCIADO DEL TRANSPORTE &P,0.79
VAL180,COSTO ASOCIADO DEL TRANSPORTE &P,0.1
VAL181,COSTO ASOCIADO DEL TRANSPORTE &P,1.29
VAL182,COSTO ASOCIADO POR TRANSPORTE &P1,0.12
VAL183,FLETE / TRANSPORTE &P3,3.9
VAL184,FLETE / TRANSPORTE &P3,2.61
VAL185,FLETE / TRANSPORTE &P,0.86
VAL186,FLETE / TRANSPORTE &G,0.72
VAL187,TRANSPORTE DE MEZCLA ASFALTICA &X,4.41
VAL188,"MATERIALES PARA INSTALACION, FIJACION Y ",2.18
VAL189,"MATERIALES PARA INSTALACION, FIJACION Y ",1.08
VAL190,"MATERIALES PARA INSTALACION, FIJACION Y ",1.61
VAL191,"MANEJO, ALMACENAMIENTO Y CALETEO INTERNO",0.26
VAL192,COSTO ASOCIADO POR TRANSPORTE &M2,0.4
VAL193,COSTO ASOCIADO POR TRANSPORTE &M1,0.31
VAL194,"MANEJO, ALMACENAMIENTO Y CALETEO INTERNO",0.1
VAL195,TRANSPORTE RETROEXCAV. A/METROPOLITANA &,165.32
VAL196,"MANEJO, ALMACENAMIENTO Y CALETEO INTERNO",0.11
VAL197,"MANEJO, ALMACENAMIENTO Y CALETEO INTERNO",0.04
VAL198,"MANEJO, ALMACENAMIENTO Y CALETEO INTERNO",0.13
VAL199,"CEPILLADO, CLASIFICACION, CALETEO Y PREP",4.08
VAL200,"MANEJO, ALMACENAMIENTO Y CALETEO DE BLOQ",0.06
VAL201,TRANSPORTE Y MOVILIZACION D<= 50 KM &M3,0.34
VAL202,"MANEJO, ALMACENAMIENTO CALETEO SACO CEME",7.69
VAL203,TRANSPORTE INSULAR EMULSION ASFALTICA &X,0.79
VAL204,TRANSPORTE EN LOW BOY MAQ HASTA 30 TON,0.53
VAL205,TRANSPORTE EN LOW BOY MAQ 30 A 70 TON,1.08
VAL206,TRANSPORTE EN LOW BOY CARGA ESPECIAL,24.89
VAL207,TRANSPORTE TRACTOR O SIM. LOW BOY A/METR,330.58
VAL208,FLETE / TRANSPORTE AL SITIO &U,2.28
VAL209,FLETE / TRANSPORTE AL SITIO &G,3.5
VAL210,MANEJO AGREGADOS REGULADOS POR M3 #,6.62
VAL211,MANEJO CALETEO SACO P/CEMENTO REGULADO #,6.62
VAL212,"MANEJO, CALETEO DE ACERO REGULADO X KGF ",0.85
VAL213,MANEJO CALETEO BLOQUE CONCRETO REGULADO,0.53
VAL214,MANEJO CALETEO BLOQUE ARCILLA REGULADO,0.26
VAL215,MANEJO CALETEO MANTO ASFALTICO REGULADO ,4.4
VAL216,MANEJO Y CALETEO MANTO ASFALTICO REGULAD,6.62
VAL217,MANEJO Y CALETEO MANTO ASFALTICO REGULAD,3.28
VAL218,MANEJO Y CALETEO MARCO HIERRO REGULADO,5.54
VAL219,"MANEJO, CALETEO CABLE COBRE TW 14 REG.",0.26
VAL220,"MANEJO, CALETEO CABLE COBRE TW 12 REG.",0.38
VAL221,"MANEJO, CALETEO CABLE COBRE TW 10 REG.",1.47
VAL222,"MANEJO, CALETEO CABLE COBRE",0.26
VAL223,MANEJO Y CALETEO MANTO ASFALTICO,4.97
VAL224,"MANEJO, CALETEO DE BLOQUE",0.11
VAL225,RECARGO DESPACHO CONC. PREMEZCLADO D > 1,0.74
VAL226,RECARGO PREMEZCLADO C/HR ADICIONAL A 60 ,3.55
VAL227,TRANSPORTE CONCRETO PREMEZCLADO D>15 KM ,1.61
VAL228,TRANSPORTE MONTACARGA A/METROPOLITANA &V,132.23
VAL229,SERVICIO DE MONTACARGA /SIN TRANSPORTE &,132.23
VAL230,TRANSPORTE DE AGREGADOS D<= 20 KM &M3,2.45
VAL231,TRANSPORTE MATERIAL P/MORTERO A DIST <20,9.35
VAL232,COSTO ASOCIADO DEL TRANSPORTE &P4,18.19
VAL233,COSTO ASOCIADO DEL TRANSPORTE &P5,37.18
VAL234,COSTO ASOCIADO DEL TRANSPORTE &P3,2.45
VAL235,COSTO/FLETE ASOCIADO DEL TRANSPORTE &P3,2.28
VAL236,COSTO/FLETE ASOCIADO DEL TRANSPORTE &P4,20.64
VAL237,COSTO/FLETE ASOCIADO TRANSPORTE &P3,4.97
VAL238,FLETE/TRANSPORTE ASOCIADO APARATOS &U,49.54
VAL239,FLETE/TRANSPORTE FLUIDOS D<50 KM &LT,0.05
VAL240,FLETE/TRANSPORTE ASOCIADO A PIEZAS &P7,99.2
VAL241,FLETE/TRANSPORTE ASOCIADO A PIEZAS &P7,90.91
VAL242,FLETE/TRANSPORTE ASOCIADO A PIEZAS &P8,127.28
VAL243,FLETE/TRANSPORTE ASOCIADO A PIEZAS &P7,119
VAL244,FLETE/TRANSPORTE ASOCIADO A PIEZAS &P3,3.28
VAL245,TRANSPORTE ASOCIADO A  MATERIALES &G3,4.13
VAL246,TRANSPORTE ASOCIADO A  MATERIALES &G4,13.86
VAL247,FLETE/TRANSPORTE 3&M1,3.97
VAL248,FLETE/TRANSPORTE 4&M1,7.59
VAL249,FLETE/TRANSPORTE 5&M1,20.64
VAL252,COSTO ASOCIADO POR TRANSPORTE 4&M2,11.55
VAL253,COSTO ASOCIADO POR TRANSPORTE 3&M2,2.45
VAL254,FLETE / TRANSPORTE MATERIAL &U,10.38
VAL255,COSTO POR TRANSPORTE AL SITIO &M3,13.22
VAL256,COSTO ASOCIADO DE TRANSPORTE 3&M2,3.65
VAL257,COSTO ASOCIADO DE TRANSPORTE  &M3,24.79
VAL258,COSTO DE TRANSPORTE &M2,0.4
VAL259,COSTO POR TRANSPORTE AL SITIO &M3,23.12
VAL260,COSTO POR TRANSPORTE AL SITIO &G,115.7
VAL261,COSTO POR TRANSPORTE AL SITIO &M2,19.84
VAL262,COSTO POR TRANSPORTE AL SITIO &M2,6.62
VAL263,COSTO POR TRANSPORTE AL SITIO &G,19.84
VAL298,COSTO POR TRANSPORTE AL SITIO &G,33.09
VAL299,COSTO POR TRANSPORTE AL SITIO &G,39.67
VAL300,COSTO POR TRANSPORTE AL SITIO &G,26.45
VAL301,COSTO POR TRANSPORTE AL SITIO &G,23.12
VAL302,COSTO POR TRANSPORTE AL SITIO &G,16.5
VAL303,FLETE/TRANSPORTE 3&M1,4.97
VAL304,FLETE/TRANSPORTE 3&M1,9.09
VAL305,FLETE/TRANSPORTE 3&M1,16.5
VAL306,FLETE/TRANSPORTE 3&M1,24.79
VAL307,FLETE/TRANSPORTE 3&M1,29.74
VAL308,FLETE/TRANSPORTE 3&M1,49.54
VAL309,FLETE/TRANSPORTE 3&M1,66.14
VAL310,FLETE/TRANSPORTE 3&M1,82.64
VAL311,FLETE/TRANSPORTE 3&M1,132.23
VAL312,FLETE/TRANSPORTE 3&M1,148.75
VAL313,FLETE/TRANSPORTE 3&M1,165.32
VAL314,FLETE/TRANSPORTE 3&M1,123.97
VAL315,FLETE/TRANSPORTE 3&M1,12.41
VAL316,FLETE/TRANSPORTE 3&M1,14.85
VAL317,FLETE/TRANSPORTE 3&M1,247.93
VAL318,FLETE/TRANSPORTE 3&M1,330.58
VAL319,FLETE/TRANSPORTE 3&M1,413.24
VAL320,FLETE/TRANSPORTE 3&M1,495.91
VAL321,FLETE/TRANSPORTE 3&M1,578.57
VAL322,FLETE/TRANSPORTE 3&M1,109.09
VAL323,FLETE/TRANSPORTE ASOCIADO APARATOS &U,495.91
VAL324,FLETE/TRANSPORTE ASOCIADO &U,297.54
VAL325,FLETE/TRANSPORTE 5&M1,41.31
VAL326,COSTO POR TRANSPORTE AL SITIO &G,132.23
VAL327,COSTO POR TRANSPORTE AL SITIO &G,148.75
VAL328,COSTO POR TRANSPORTE AL SITIO &G,165.32
VAL329,TRANSPORTE AL SITIO &G,99.2
VAL330,TRANSPORTE AL SITIO &G,82.64
VAL331,COSTO POR TRANSPORTE AL SITIO &G,297.54
VAL332,COSTO POR TRANSPORTE AL SITIO &G,247.93
VAL333,FLETE/TRANSPORTE ASOCIADO APARATOS &U,82.64
VAL334,COSTO/FLETE ASOCIADO DEL TRANSPORTE &P4,23.12
VAL335,COSTO/FLETE ASOCIADO DEL TRANSPORTE &P4,24.79
VAL336,COSTO/FLETE ASOCIADO DEL TRANSPORTE &P4,33.09
VAL337,FLETE/TRANSPORTE &U,3.28
VAL338,FLETE/TRANSPORTE &U,4.97
VAL339,FLETE/TRANSPORTE &U,14.85
VAL340,TRANSPORTE DE MATERIALES AL SITIO &J,23.12
VAL341,TRANSPORTE DE MATERIALES AL SITIO &J,13.22
VAL342,COSTO POR TRANSPORTE AL SITIO &G,8.22
VAL343,TRANSPORTE MEZCLA ASFALTICA EN CIUDAD &X,18.73
VAL344,RECARGO POR DEVOLUCION Y BOTE DE PREMEZC,2.18
VAL345,FLETE/TRANSPORTE 3&M1,1.08
VAL346,FLETE/TRANSPORTE 3&M1,2.18
VAL347,CARGA A MANO/BOTE DE POLVO ESCOMBRO-AREN,27.55
VAL348,DEMOLICION-BOTE C/EQUIPO LIVIANO PISOS C,33.09
VAL349,"EXCAVACION A MANO EN ZANJAS, BROCAL, CUN",9.67
VAL350,BOTE S/ARREGLO TIERRA 0-5 KM CARGA-DESCA,2.39
VAL351,CARGA Y BOTE MAT DEMOLI C/EQUIPO LIV S/A,4.08
VAL352,CARGA A MANO Y BOTE  DE EQPS Y PIEZAS DE,47.38
VAL353,COMPACTACION Y CONFORM A MANO ASIENTOS F,1.11
VAL354,TRANSPORTE/FLETE CAJA FXB P/PARES TELEFO,19.84
VAL355,MATERIALES FIJACION CAJA FXB P/PARES TEL,77.13
VAL356,FLETE MEZCLA ASFALTICA/ AREA METROPOLITA,11.02
VAL357,TRANSP. MAQ PESADA P/MOV TIERRA ASFA URB,176.32
VAR001,TRANSP* REG REGION ORIENTAL EMULSION ASF,0.11
VAR002,TRANSP* REG REGION CENTRAL EMULSION ASFA,0.16
VAR003,TRANSP* REG REGION INSULAR EMULSION ASFA,0.21
VAR004,TRANSP. MAQ PESADA EN LOW BOY TIPO I HAS,0.32
VAR005,TRANSP. MAQ. PESADA LOW BOY TIPO II 30 A,0.42
VAR006,TRANSP. MAQ. PESADA LOW BOY III CARGA ES,25.13
VAR007,TRANSP* MATERIAL ESTRAT. GMVV CONTAINERS,2.96
VAR008,TRANSP* MATERIAL ESTRAT. GMVV CONTAINERS,2.61
VAR009,TRANSP* MATERIAL ESTRAT GMVV BATEA 3EJE ,1.86
VAR010,TRANSP* MATERIAL ESTRAT GMVV SIN CONTAIN,2.84
VAR011,TRANSP* MATERIAL GMVV SIN CONTAINER MAX ,3.17
VAR012,TRANSP* MATERIAL GMVV C-750 S/CONTAINER ,2.96
VAR013,TRANSP* MATERIAL GMVV C-750 S/CONTAINER ,2.84
VAR014,TRANSP* MATERIAL GMVV C-350 S/CONTAINER ,3.55
VAR015,TRANSP* MATERIAL GMVV C-350 S/CONTAINER ,3.17
VAR016,TRANSP* MATERIAL GMVV EN C-350 S/CONTAIN,2.96
VAR017,TRANSP* URB AGREG-ESCOMB-BASE-MAT SUELTO,7.05
VAR018,TRANSP* URB AGREG-ESCOMB-BASE-MAT SUELTO,3.76
VAR019,TRANSP* URB AGREG-ESCOMB-BASE-MAT SUELTO,2.84
VAR020,TRANSP* URB AGREG-ESCOMB-BASE-MAT SUELTO,2.18
VAR021,TRANSP* URB AGREG-ESCOMB-BASE-MAT SUELTO,1.86
VAR022,TRANSP* URB AGREG-ESCOMB-BASE-MAT SUELTO,1.5
VAR023,TRANSP* URB AGREG-ESCOMB-BASE-MAT SUELTO,1.4
VAR024,TRANSP* URB AGREG-ESCOMB-BASE-MAT SUELTO,1.18
VAR025,TRANSP* URB AGREG-ESCOMB-BASE-MAT SUELTO,1.18
VAR026,TRANSP* URB AGREG-ESCOMB-BASE-MAT SUELTO,0.74
VAR027,TRANSP* URB AGREG-ESCOMB-BASE-MAT SUELTO,0.64
VAR028,TRANSP* NO-URB AGRG-ESCOMB-BASE-M.SUELTO,7.59
VAR029,TRANSP* NO-URB AGRG-ESCOMB-BASE-M.SUELTO,4.18
VAR030,TRANSP* NO-URB AGRG-ESCOMB-BASE-M.SUELTO,2.84
VAR031,TRANSP* NO-URB AGRG-ESCOMB-BASE-M.SUELTO,2.28
VAR032,TRANSP* NO-URB AGRG-ESCOMB-BASE-M.SUELTO,1.86
VAR033,TRANSP* NO-URB AGRG-ESCOMB-BASE-M.SUELTO,1.5
VAR034,TRANSP* NO-URB AGRG-ESCOMB-BASE-M.SUELTO,1.29
VAR035,TRANSP* NO-URB AGRG-ESCOMB-BASE-M.SUELTO,1.18
VAR036,TRANSP* NO-URB AGRG-ESCOMB-BASE-M.SUELTO,1.08
VAR037,TRANSP* NO-URB AGRG-ESCOMB-BASE-M.SUELTO,0.85
VAR038,TRANSP* NO-URB AGRG-ESCOMB-BASE-M.SUELTO,0.74
VAR039,TRANSPORTE URBANO MEZCLA ASFAL CAL D=1 A,3.87
VAR040,TRANSPORTE URBANO MEZCLA ASFAL CAL D=2 A,2.51
VAR041,TRANSPORTE URBANO MEZCLA ASFAL CAL D=3 A,1.08
VAR042,TRANSPORTE URBANO MEZCLA ASFAL CAL D=4 A,0.9
VAR043,TRANSPORTE URBANO MEZCLA ASFAL CAL D=5 A,0.79
VAR044,TRANSPORTE URBANO MEZCLA ASFAL CAL D=6 A,0.64
VAR045,TRANSPORTE URBANO MEZCLA ASFAL CAL D=8 A,0.74
VAR046,TRANSPORTE URBANO MEZCLA ASFAL D >=10 KM,0.42
VAR047,TRANSP* NO URB. MEZCLA ASFALT. CALIENTE ,3.55
VAR048,TRANSP* NO URB. MEZCLA ASFALT. CALIENTE ,2.28
VAR049,TRANSP* NO URB. MEZCLA ASFALT. CALIENTE ,1.61
VAR050,TRANSP* NO URB. MEZCLA ASFALT. CALIENTE ,1.29
VAR051,TRANSP* NO URB. MEZCLA ASFALT. CALIENTE ,1.08
VAR052,TRANSP* NO URB. MEZCLA ASFALT. CALIENTE ,0.97
VAR053,TRANSP* NO URB. MEZCLA ASFALT. CALIENTE ,0.85
VAR054,TRANSP* NO URB. MEZCLA ASFALT CALIENTE M,0.64
VID001,ARTE FINAL Y PRUEBA,11.02
VID002,VIDRIO TEMPLADO E=8 MM,220.4
VID003,CINTA ADHESIVA / TIRRO,8.81
VID004,ESPEJO/VIDRIO PARA SANITARIOS E=4 MM,137.72
VID005,BLOQUE/LADRILLO DE VIDRIO MEDANO 20X20X1,14.31
VID006,FOTOLITO Y PELICULA SEGUN DISEÑO,2.18
VID007,"LAMINA DE ACRILICO 2,4 X 1,2 X 4 MM\",137.72
VID008,VIDRIO PLANO ANTIRREFLEJO  E= 5MM,102.47
VID009,"LAMINA DE ACRILICO AREA UTIL 15 X 15, E=",3.28
VID010,SEÑAL DE ACRILICO AREA UTIL 20 X 4 CM X ,6.62
VID011,SEÑAL DE ACRILICO AREA UTIL 30 X 10 CM X,5.21
VID012,SEÑAL DE ACRILICO AU= 50 X 50 E=3MM,27.55
VID013,SEÑAL DE ACRILICO AU= 30 X 30 E=3MM,9.88
VID014,LAMINA DE ACRILICO TRANSPARENTE 5 MM\,79.34
VID015,LIQUIDOS P / DESMANCHAR Y LIMPIAR VIDRIO,2.07
VID016,MASTIQUE/ MASILLA PARA VIDRIOS,16.5
VID017,SEÑAL DE ACRILICO SERVICIOS DE 15X15 CM ,6.62
VID018,QUEMADO DE TELA SILK SCREEN (EN REVISION,3.28
VID019,QUEMADO DE TELA SILK SCREEN (2)  (EN REV,3.28
VID020,BLOQUE/LADRILLO  DE VIDRIO NUBE ESQUINA,23.12
VID021,VIDRIO PALETA PLANO 5MM,78.25
VID022,VIDRIO PLANO ESMERILADO E=3 MM,75.58
VID023,VIDRIO PLANO E=5 MM,95.32
VID024,VIDRIO TRANSPARENTE E=4 MM,67.01
VID025,BLOQUE/LADRILLO DE VIDRIO M/ARGUS PLUS 2,12.13
VID026,ESPEJO/VIDRIO DECORATIVO PARA PARED E= 4,121.22
VID027,BLOQUE/LADRILLO DE VIDRIO 20 X 20 X 10,12.13
VID028,BLOQUE/LADRILLO DE VIDRIO NUBE 20 X 20 C,15.4
VID029,BLOQUE/LADRILLO DE VIDRIO ESQUINERO NUBI,24.26
VID030,PUERTA VIDRIO TEMPLADO 12 MM 0.91X2.13 M,1212.18
VID031,LAMINA DE ACRILICO E=3 MM \,49.32
VID032,LAMINA DE ACRILICO  E=5 MM \,69.41
VID033,BLOQUE/LADRILLO VIDRIO EXTERIOR LUJO,19.84
VID034,VIDRIO PLANO E=10 MM,198.38
VID035,VIDRIO TRANSPARENTE INCOLORO. 4 MM,67.01
VID036,SEÑAL CON TEXTO HASTA 40 X 20 CM,8.81
VID037,SEÑAL ACRILICO LENGUAJE GRAFICO HASTA 20,9.88
VID038,"ACRILICO PUNTA DIAMANTE P/LAMPARA 1,2X0,",11.02
VID039,BLOQUE/LADRILLO DE VIDRIO CLARO,12.13
VID040,BLOQUE/LADRILLO DE VIDRIO COLOR,14.31
VID041,ACRILICO PUNTA DIAMANTE P/LAMPARA 60X60 ,7.69
VID042,LAMINA  ACRILICO DE 10 MM\,165.32
VID043,BLOQUE/LADRILLO DE VIDRIO NACIONAL,13.22
VID044,FRENO HIDRAULICO-GATO/PUERTA VIDRIO TEMP,110.19
VID045,VIDRIO PLANO SEGURI. TEMPLADO 10 MM SIN ,284.32
VID046,PUERTA VIDRIO TEMPLADO 10 MM 0.91X2.13 M,551.02
VID047,PUERTA VIDRIO LAMINADO 10 MM 0.91X2.13 M,1098.38
VID048,VIDRIO PLANO REFLECTANTE E= 5MM,102.47
VID049,PUERTA VIDRIO LAMINADO 12 MM 0.91X2.13 M,1487.69
VID050,VIDRIO LAMINADO 12 MM DE SEGURIDAD,287.62
VID051,ESPEJO C/LUZ LED 60 X 60 CM CON BLUETOOT,325.06
VID052,PUERTA VIDRIO LAMINADO 10 MM 0.91X2.13 M,826.5
VID053,PUERTA VIDRIO TEMPLADO 10 MM 0.91X2.13 M,1322.37
VID054,PUERTA VIDRIO LAMINADO 12 MM 0.91X2.13 M,936.59
VID055,VIDRIO ESCARCHADO A COLOR E=4 MM,110.19
VID056,"SEÑAL ""NO FUMAR"" 80 X 50 PLASTICO ALTO I",13.22
VID057,SEÑAL TIPO DE 80 X 50 PLASTICO ALTO IMPA,13.22
VID058,CINTA PERIMETRO PELIGRO NO PASE AMARILLA,0.08
VID059,PUERTA VIDRIO TEMPLADO 10 MM 0.91X2.13 M,1818.29
VID060,PUERTA DE VIDRIO TEMPLADO E=10 MM BANCAR,848.51
XX1009,PAPELERA PLASTICA MOD. ELEGANCE MEDIANA ,44.07
XX1010,"LOCKER 1 PUERTA, H= 1.80 M C/CERRADURA",99.2
XXX006,AVISO DESPLEGADO PRENSA NACIONAL 18 X 32,330.58
XXX008,VALLAS DE ADVERTENCIA,38.58
XXX010,TRABAJOS DE REPARACION Y TALLER,1.61
